movie_slug,movie_title,year,genre,directors,cast_source,billing_position,actor_name,actor_slug
צבר_(סרט),צבר,1933,,"[{""name"": ""אלכסנדר פורד"", ""slug"": ""אלכסנדר_פורד""}]",list_table,0,רפאל קלצ'קין,רפאל_קלצ'קין
צבר_(סרט),צבר,1933,,"[{""name"": ""אלכסנדר פורד"", ""slug"": ""אלכסנדר_פורד""}]",list_table,1,אהרן מסקין,אהרן_מסקין
צבר_(סרט),צבר,1933,,"[{""name"": ""אלכסנדר פורד"", ""slug"": ""אלכסנדר_פורד""}]",list_table,2,שמעון פינקל,שמעון_פינקל
צבר_(סרט),צבר,1933,,"[{""name"": ""אלכסנדר פורד"", ""slug"": ""אלכסנדר_פורד""}]",list_table,3,חנה רובינא,חנה_רובינא
צבר_(סרט),צבר,1933,,"[{""name"": ""אלכסנדר פורד"", ""slug"": ""אלכסנדר_פורד""}]",list_table,4,יהושע ברטונוב,יהושע_ברטונוב
צבר_(סרט),צבר,1933,,"[{""name"": ""אלכסנדר פורד"", ""slug"": ""אלכסנדר_פורד""}]",list_table,5,פסח בר אדון,פסח_בר_אדון
__title__:אין זו אגדה__1949,אין זו אגדה,1949,,"[{""name"": ""יוסף קרומגולד"", ""slug"": null}]",list_table,0,חווה אלפרשטיין (אגמון),
__title__:אין זו אגדה__1949,אין זו אגדה,1949,,"[{""name"": ""יוסף קרומגולד"", ""slug"": null}]",list_table,1,אברהם סורוקה-דוריון,
__title__:אין זו אגדה__1949,אין זו אגדה,1949,,"[{""name"": ""יוסף קרומגולד"", ""slug"": null}]",list_table,2,יהודה בן-משה,
עיר_האוהלים,עיר האוהלים (Tent City),1951,דוקו-דרמה,"[{""name"": ""אריה להולה"", ""slug"": ""אריה_להולה""}]",list_table,0,אורנה פורת,אורנה_פורת
אבן_על_כל_מיל,אבן על כל מיל,1955,דרמה,"[{""name"": ""אריה להולה"", ""slug"": ""אריה_להולה""}]",list_table,0,חיה הררית,חיה_הררית
אבן_על_כל_מיל,אבן על כל מיל,1955,דרמה,"[{""name"": ""אריה להולה"", ""slug"": ""אריה_להולה""}]",list_table,1,סוזי לקלר,
אבן_על_כל_מיל,אבן על כל מיל,1955,דרמה,"[{""name"": ""אריה להולה"", ""slug"": ""אריה_להולה""}]",list_table,2,אורנה פורת,אורנה_פורת
אבן_על_כל_מיל,אבן על כל מיל,1955,דרמה,"[{""name"": ""אריה להולה"", ""slug"": ""אריה_להולה""}]",list_table,3,יוסי ידין,יוסי_ידין
אבן_על_כל_מיל,אבן על כל מיל,1955,דרמה,"[{""name"": ""אריה להולה"", ""slug"": ""אריה_להולה""}]",list_table,4,חנה מרון,חנה_מרון
אבן_על_כל_מיל,אבן על כל מיל,1955,דרמה,"[{""name"": ""אריה להולה"", ""slug"": ""אריה_להולה""}]",list_table,5,אריה אליאס,אריה_אליאס
אבן_על_כל_מיל,אבן על כל מיל,1955,דרמה,"[{""name"": ""אריה להולה"", ""slug"": ""אריה_להולה""}]",list_table,6,אלישבע מיכאלי,אלישבע_מיכאלי
אבן_על_כל_מיל,אבן על כל מיל,1955,דרמה,"[{""name"": ""אריה להולה"", ""slug"": ""אריה_להולה""}]",list_table,7,נתן כוגן,נתן_כוגן
גבעה_24_אינה_עונה,גבעה 24 אינה עונה,1955,דרמה,"[{""name"": ""תורולד דיקינסון"", ""slug"": null}]",list_table,0,אדוארד מולהייר,
גבעה_24_אינה_עונה,גבעה 24 אינה עונה,1955,דרמה,"[{""name"": ""תורולד דיקינסון"", ""slug"": null}]",list_table,1,אריק לביא,אריק_לביא
גבעה_24_אינה_עונה,גבעה 24 אינה עונה,1955,דרמה,"[{""name"": ""תורולד דיקינסון"", ""slug"": null}]",list_table,2,מרגלית עובד,
גבעה_24_אינה_עונה,גבעה 24 אינה עונה,1955,דרמה,"[{""name"": ""תורולד דיקינסון"", ""slug"": null}]",list_table,3,יצחק מיכאל שילה,יצחק_מיכאל_שילה
גבעה_24_אינה_עונה,גבעה 24 אינה עונה,1955,דרמה,"[{""name"": ""תורולד דיקינסון"", ""slug"": null}]",list_table,4,חיה הררית,חיה_הררית
באין_מולדת,באין מולדת,1956,דרמה,"[{""name"": ""נורי חביב"", ""slug"": ""נורי_חביב""}]",list_table,0,שושנה דמארי,שושנה_דמארי
באין_מולדת,באין מולדת,1956,דרמה,"[{""name"": ""נורי חביב"", ""slug"": ""נורי_חביב""}]",list_table,1,שייקה אופיר,שייקה_אופיר
מעשה_במונית,מעשה במונית,1956,קומדיה,"[{""name"": ""לארי פריש"", ""slug"": null}]",list_table,0,שייקה אופיר,שייקה_אופיר
מעשה_במונית,מעשה במונית,1956,קומדיה,"[{""name"": ""לארי פריש"", ""slug"": null}]",list_table,1,מרים ברנשטיין-כהן,מרים_ברנשטיין-כהן
מעשה_במונית,מעשה במונית,1956,קומדיה,"[{""name"": ""לארי פריש"", ""slug"": null}]",list_table,2,רפאל קלצ'קין,רפאל_קלצ'קין
עמוד_האש_(סרט),עמוד האש,1959,דרמה,"[{""name"": ""לארי פריש"", ""slug"": null}]",list_table,0,נחמה הנדל,נחמה_הנדל
עמוד_האש_(סרט),עמוד האש,1959,דרמה,"[{""name"": ""לארי פריש"", ""slug"": null}]",list_table,1,שלמה יעקבי,
עמוד_האש_(סרט),עמוד האש,1959,דרמה,"[{""name"": ""לארי פריש"", ""slug"": null}]",list_table,2,עמוס מוקדי,עמוס_מוקדי
עמוד_האש_(סרט),עמוד האש,1959,דרמה,"[{""name"": ""לארי פריש"", ""slug"": null}]",list_table,3,אורי זוהר,אורי_זוהר
חולות_לוהטים,חולות לוהטים,1960,,"[{""name"": ""רפאל נוסבאום"", ""slug"": null}]",list_table,0,אורי זוהר,אורי_זוהר
חולות_לוהטים,חולות לוהטים,1960,,"[{""name"": ""רפאל נוסבאום"", ""slug"": null}]",list_table,1,דליה לביא,דליה_לביא
הם_היו_עשרה,הם היו עשרה,1960,דרמה,"[{""name"": ""ברוך דינר"", ""slug"": ""ברוך_דינר""}]",list_table,0,עודד תאומי,עודד_תאומי
הם_היו_עשרה,הם היו עשרה,1960,דרמה,"[{""name"": ""ברוך דינר"", ""slug"": ""ברוך_דינר""}]",list_table,1,נינט דינר,
הם_היו_עשרה,הם היו עשרה,1960,דרמה,"[{""name"": ""ברוך דינר"", ""slug"": ""ברוך_דינר""}]",list_table,2,נסים עזיקרי,נסים_עזיקרי
הם_היו_עשרה,הם היו עשרה,1960,דרמה,"[{""name"": ""ברוך דינר"", ""slug"": ""ברוך_דינר""}]",list_table,3,ליאו פילר,ליאו_פילר
הם_היו_עשרה,הם היו עשרה,1960,דרמה,"[{""name"": ""ברוך דינר"", ""slug"": ""ברוך_דינר""}]",list_table,4,משה קדם,
הם_היו_עשרה,הם היו עשרה,1960,דרמה,"[{""name"": ""ברוך דינר"", ""slug"": ""ברוך_דינר""}]",list_table,5,יוסף באשי,יוסף_באשי_(שחקן)
איי_לייק_מייק_(סרט),איי לייק מייק,1960,קומדיה,"[{""name"": ""פיטר פריי"", ""slug"": ""פיטר_פריי""}]",list_table,0,בתיה לנצט,בתיה_לנצט
איי_לייק_מייק_(סרט),איי לייק מייק,1960,קומדיה,"[{""name"": ""פיטר פריי"", ""slug"": ""פיטר_פריי""}]",list_table,1,גדעון זינגר,גדעון_זינגר
איי_לייק_מייק_(סרט),איי לייק מייק,1960,קומדיה,"[{""name"": ""פיטר פריי"", ""slug"": ""פיטר_פריי""}]",list_table,2,חיים טופול,חיים_טופול
ניני_(סרט),ניני,1962,דרמה,"[{""name"": ""שלמה סוריאנו"", ""slug"": ""שלמה_סוריאנו""}]",list_table,0,אריק איינשטיין,אריק_איינשטיין
ניני_(סרט),ניני,1962,דרמה,"[{""name"": ""שלמה סוריאנו"", ""slug"": ""שלמה_סוריאנו""}]",list_table,1,רונית כץ,
סיניה_(סרט),סיניה,1962,דרמה,"[{""name"": ""אילן אלדד"", ""slug"": ""אילן_אלדד""}, {""name"": ""איבן לונגייל"", ""slug"": null}]",list_table,0,יפתח ספקטור,יפתח_ספקטור
סיניה_(סרט),סיניה,1962,דרמה,"[{""name"": ""אילן אלדד"", ""slug"": ""אילן_אלדד""}, {""name"": ""איבן לונגייל"", ""slug"": null}]",list_table,1,דינה דורון,דינה_דורון
סיניה_(סרט),סיניה,1962,דרמה,"[{""name"": ""אילן אלדד"", ""slug"": ""אילן_אלדד""}, {""name"": ""איבן לונגייל"", ""slug"": null}]",list_table,2,שייקה לוי,שייקה_לוי
סיניה_(סרט),סיניה,1962,דרמה,"[{""name"": ""אילן אלדד"", ""slug"": ""אילן_אלדד""}, {""name"": ""איבן לונגייל"", ""slug"": null}]",list_table,3,אהוד בנאי,אהוד_בנאי
סיניה_(סרט),סיניה,1962,דרמה,"[{""name"": ""אילן אלדד"", ""slug"": ""אילן_אלדד""}, {""name"": ""איבן לונגייל"", ""slug"": null}]",list_table,4,שמעון ישראלי,שמעון_ישראלי
עץ_או_פלסטיין,עץ או פלסטיין,1962,תיעודי,"[{""name"": ""אורי זוהר"", ""slug"": ""אורי_זוהר""}, {""name"": ""נתן אקסלרוד"", ""slug"": ""נתן_אקסלרוד""}, {""name"": ""יואל זילברג"", ""slug"": ""יואל_זילברג""}]",list_table,0,חיים טופול,חיים_טופול
"אלדורדו_(סרט,_1963)",אלדורדו,1963,דרמה,"[{""name"": ""מנחם גולן"", ""slug"": ""מנחם_גולן""}]",list_table,0,חיים טופול,חיים_טופול
"אלדורדו_(סרט,_1963)",אלדורדו,1963,דרמה,"[{""name"": ""מנחם גולן"", ""slug"": ""מנחם_גולן""}]",list_table,1,גילה אלמגור,גילה_אלמגור
"אלדורדו_(סרט,_1963)",אלדורדו,1963,דרמה,"[{""name"": ""מנחם גולן"", ""slug"": ""מנחם_גולן""}]",list_table,2,שמעון פינקל,שמעון_פינקל
"אלדורדו_(סרט,_1963)",אלדורדו,1963,דרמה,"[{""name"": ""מנחם גולן"", ""slug"": ""מנחם_גולן""}]",list_table,3,יוסף ידין,יוסף_ידין
"אלדורדו_(סרט,_1963)",אלדורדו,1963,דרמה,"[{""name"": ""מנחם גולן"", ""slug"": ""מנחם_גולן""}]",list_table,4,שייקה אופיר,שייקה_אופיר
אף_מילה_למורגנשטיין,אף מילה למורגנשטיין,1963,קומדיה,"[{""name"": ""אריה אליאס"", ""slug"": ""אריה_אליאס""}, {""name"": ""בנימין קורצקי"", ""slug"": null}, {""name"": ""בן אויסרמן"", ""slug"": null}]",list_table,0,גילה אלמגור,גילה_אלמגור
אף_מילה_למורגנשטיין,אף מילה למורגנשטיין,1963,קומדיה,"[{""name"": ""אריה אליאס"", ""slug"": ""אריה_אליאס""}, {""name"": ""בנימין קורצקי"", ""slug"": null}, {""name"": ""בן אויסרמן"", ""slug"": null}]",list_table,1,יוסי בנאי,יוסי_בנאי
אף_מילה_למורגנשטיין,אף מילה למורגנשטיין,1963,קומדיה,"[{""name"": ""אריה אליאס"", ""slug"": ""אריה_אליאס""}, {""name"": ""בנימין קורצקי"", ""slug"": null}, {""name"": ""בן אויסרמן"", ""slug"": null}]",list_table,2,יעקב בודו,יעקב_בודו
אף_מילה_למורגנשטיין,אף מילה למורגנשטיין,1963,קומדיה,"[{""name"": ""אריה אליאס"", ""slug"": ""אריה_אליאס""}, {""name"": ""בנימין קורצקי"", ""slug"": null}, {""name"": ""בן אויסרמן"", ""slug"": null}]",list_table,3,אילן דר,אילן_דר
אף_מילה_למורגנשטיין,אף מילה למורגנשטיין,1963,קומדיה,"[{""name"": ""אריה אליאס"", ""slug"": ""אריה_אליאס""}, {""name"": ""בנימין קורצקי"", ""slug"": null}, {""name"": ""בן אויסרמן"", ""slug"": null}]",list_table,4,אברהם בן-יוסף,אברהם_בן-יוסף
המרתף_(סרט),המרתף,1963,דרמה,"[{""name"": ""נתן גרוס"", ""slug"": ""נתן_גרוס""}]",list_table,0,שמעון ישראלי,שמעון_ישראלי
חבורה_שכזאת,חבורה שכזאת,1963,קומדיה,"[{""name"": ""זאב חבצלת"", ""slug"": ""זאב_חבצלת""}]",list_table,0,גילה אלמגור,גילה_אלמגור
חבורה_שכזאת,חבורה שכזאת,1963,קומדיה,"[{""name"": ""זאב חבצלת"", ""slug"": ""זאב_חבצלת""}]",list_table,1,יוסי בנאי,יוסי_בנאי
חבורה_שכזאת,חבורה שכזאת,1963,קומדיה,"[{""name"": ""זאב חבצלת"", ""slug"": ""זאב_חבצלת""}]",list_table,2,בומבה צור,בומבה_צור
חבורה_שכזאת,חבורה שכזאת,1963,קומדיה,"[{""name"": ""זאב חבצלת"", ""slug"": ""זאב_חבצלת""}]",list_table,3,אבנר חזקיהו,אבנר_חזקיהו
חבורה_שכזאת,חבורה שכזאת,1963,קומדיה,"[{""name"": ""זאב חבצלת"", ""slug"": ""זאב_חבצלת""}]",list_table,4,עודד תאומי,עודד_תאומי
חבורה_שכזאת,חבורה שכזאת,1963,קומדיה,"[{""name"": ""זאב חבצלת"", ""slug"": ""זאב_חבצלת""}]",list_table,5,נתן כוגן,נתן_כוגן
רק_בלירה,רק בלירה,1963,קומדיה,"[{""name"": ""יורם גרוס"", ""slug"": ""יורם_גרוס""}]",list_table,0,גדעון זינגר,גדעון_זינגר
רק_בלירה,רק בלירה,1963,קומדיה,"[{""name"": ""יורם גרוס"", ""slug"": ""יורם_גרוס""}]",list_table,1,יעקב בן-סירא,יעקב_בן-סירא
רק_בלירה,רק בלירה,1963,קומדיה,"[{""name"": ""יורם גרוס"", ""slug"": ""יורם_גרוס""}]",list_table,2,רחל אטאס,רחל_אטאס
דליה_והמלחים,דליה והמלחים,1964,קומדיה,"[{""name"": ""מנחם גולן"", ""slug"": ""מנחם_גולן""}]",list_table,0,שייקה אופיר,שייקה_אופיר
דליה_והמלחים,דליה והמלחים,1964,קומדיה,"[{""name"": ""מנחם גולן"", ""slug"": ""מנחם_גולן""}]",list_table,1,ורוניק ונדל,
דליה_והמלחים,דליה והמלחים,1964,קומדיה,"[{""name"": ""מנחם גולן"", ""slug"": ""מנחם_גולן""}]",list_table,2,אריק איינשטיין,אריק_איינשטיין
דליה_והמלחים,דליה והמלחים,1964,קומדיה,"[{""name"": ""מנחם גולן"", ""slug"": ""מנחם_גולן""}]",list_table,3,ישראל גוריון,ישראל_גוריון
דליה_והמלחים,דליה והמלחים,1964,קומדיה,"[{""name"": ""מנחם גולן"", ""slug"": ""מנחם_גולן""}]",list_table,4,עודד תאומי,עודד_תאומי
דליה_והמלחים,דליה והמלחים,1964,קומדיה,"[{""name"": ""מנחם גולן"", ""slug"": ""מנחם_גולן""}]",list_table,5,יעקב בן-סירא,יעקב_בן-סירא
דליה_והמלחים,דליה והמלחים,1964,קומדיה,"[{""name"": ""מנחם גולן"", ""slug"": ""מנחם_גולן""}]",list_table,6,חנן גולדבלט,חנן_גולדבלט
חור_בלבנה,חור בלבנה,1964,דרמה,"[{""name"": ""אורי זוהר"", ""slug"": ""אורי_זוהר""}]",list_table,0,אברהם הפנר,אברהם_הפנר
חור_בלבנה,חור בלבנה,1964,דרמה,"[{""name"": ""אורי זוהר"", ""slug"": ""אורי_זוהר""}]",list_table,1,אריק לביא,אריק_לביא
חור_בלבנה,חור בלבנה,1964,דרמה,"[{""name"": ""אורי זוהר"", ""slug"": ""אורי_זוהר""}]",list_table,2,שושיק שני,שושיק_שני
חור_בלבנה,חור בלבנה,1964,דרמה,"[{""name"": ""אורי זוהר"", ""slug"": ""אורי_זוהר""}]",list_table,3,שמוליק קראוס,שמוליק_קראוס
חור_בלבנה,חור בלבנה,1964,דרמה,"[{""name"": ""אורי זוהר"", ""slug"": ""אורי_זוהר""}]",list_table,4,שייקה אופיר,שייקה_אופיר
חור_בלבנה,חור בלבנה,1964,דרמה,"[{""name"": ""אורי זוהר"", ""slug"": ""אורי_זוהר""}]",list_table,5,דן בן אמוץ,דן_בן_אמוץ
חור_בלבנה,חור בלבנה,1964,דרמה,"[{""name"": ""אורי זוהר"", ""slug"": ""אורי_זוהר""}]",list_table,6,זהרירה חריפאי,זהרירה_חריפאי
חור_בלבנה,חור בלבנה,1964,דרמה,"[{""name"": ""אורי זוהר"", ""slug"": ""אורי_זוהר""}]",list_table,7,אורי זוהר,
משפחת_שמחון,משפחת שמחון,1964,קומדיה,"[{""name"": ""יואל זילברג"", ""slug"": ""יואל_זילברג""}]",list_table,0,מאיר מרגלית,מאיר_מרגלית
משפחת_שמחון,משפחת שמחון,1964,קומדיה,"[{""name"": ""יואל זילברג"", ""slug"": ""יואל_זילברג""}]",list_table,1,עודד קוטלר,עודד_קוטלר
משפחת_שמחון,משפחת שמחון,1964,קומדיה,"[{""name"": ""יואל זילברג"", ""slug"": ""יואל_זילברג""}]",list_table,2,רינה גנור,רינה_גנור
סאלח_שבתי,סאלח שבתי,1964,קומדיה,"[{""name"": ""אפרים קישון"", ""slug"": ""אפרים_קישון""}]",list_table,0,חיים טופול,חיים_טופול
סאלח_שבתי,סאלח שבתי,1964,קומדיה,"[{""name"": ""אפרים קישון"", ""slug"": ""אפרים_קישון""}]",list_table,1,גילה אלמגור,גילה_אלמגור
סאלח_שבתי,סאלח שבתי,1964,קומדיה,"[{""name"": ""אפרים קישון"", ""slug"": ""אפרים_קישון""}]",list_table,2,גאולה נוני,גאולה_נוני
סאלח_שבתי,סאלח שבתי,1964,קומדיה,"[{""name"": ""אפרים קישון"", ""slug"": ""אפרים_קישון""}]",list_table,3,זהרירה חריפאי,זהרירה_חריפאי
סאלח_שבתי,סאלח שבתי,1964,קומדיה,"[{""name"": ""אפרים קישון"", ""slug"": ""אפרים_קישון""}]",list_table,4,אריק איינשטיין,אריק_איינשטיין
סאלח_שבתי,סאלח שבתי,1964,קומדיה,"[{""name"": ""אפרים קישון"", ""slug"": ""אפרים_קישון""}]",list_table,5,שייקה לוי,שייקה_לוי
שמונה_בעקבות_אחד_(סרט),שמונה בעקבות אחד,1964,ילדים,"[{""name"": ""מנחם גולן"", ""slug"": ""מנחם_גולן""}]",list_table,0,אלישבע מיכאלי,אלישבע_מיכאלי
שמונה_בעקבות_אחד_(סרט),שמונה בעקבות אחד,1964,ילדים,"[{""name"": ""מנחם גולן"", ""slug"": ""מנחם_גולן""}]",list_table,1,בומבה צור,בומבה_צור
שמונה_בעקבות_אחד_(סרט),שמונה בעקבות אחד,1964,ילדים,"[{""name"": ""מנחם גולן"", ""slug"": ""מנחם_גולן""}]",list_table,2,שייקה אופיר,שייקה_אופיר
שמונה_בעקבות_אחד_(סרט),שמונה בעקבות אחד,1964,ילדים,"[{""name"": ""מנחם גולן"", ""slug"": ""מנחם_גולן""}]",list_table,3,גאולה גיל,גאולה_גיל
אולי_תרדו_שם,אולי תרדו שם,1964,ילדים,"[{""name"": ""פוצ'ו"", ""slug"": ""פוצ'ו""}]",list_table,0,דבורה קידר,דבורה_קידר
אולי_תרדו_שם,אולי תרדו שם,1964,ילדים,"[{""name"": ""פוצ'ו"", ""slug"": ""פוצ'ו""}]",list_table,1,יהודה פוקס,יהודה_פוקס_(שחקן)
אולי_תרדו_שם,אולי תרדו שם,1964,ילדים,"[{""name"": ""פוצ'ו"", ""slug"": ""פוצ'ו""}]",list_table,2,אורי זוהר,אורי_זוהר
אולי_תרדו_שם,אולי תרדו שם,1964,ילדים,"[{""name"": ""פוצ'ו"", ""slug"": ""פוצ'ו""}]",list_table,3,אריק איינשטיין,אריק_איינשטיין
הבו_בנות_לאילת,הבו בנות לאילת,1964,,"[{""name"": ""ליאו פילר"", ""slug"": ""ליאו_פילר""}, {""name"": ""נתן אכסלרוד"", ""slug"": ""נתן_אכסלרוד""}]",list_table,0,שלמה בר-שביט,שלמה_בר-שביט
הבו_בנות_לאילת,הבו בנות לאילת,1964,,"[{""name"": ""ליאו פילר"", ""slug"": ""ליאו_פילר""}, {""name"": ""נתן אכסלרוד"", ""slug"": ""נתן_אכסלרוד""}]",list_table,1,אורי לוי,אורי_לוי_(שחקן)
__title__:שבת המלכה__1965,שבת המלכה,1965,דרמה,"[{""name"": ""אילן אלדד"", ""slug"": ""אילן_אלדד""}]",list_table,0,מייק בורשטיין,מייק_בורשטיין
__title__:שבת המלכה__1965,שבת המלכה,1965,דרמה,"[{""name"": ""אילן אלדד"", ""slug"": ""אילן_אלדד""}]",list_table,1,רפאל קלצ'קין,רפאל_קלצ'קין
הילד_מעבר_לרחוב,הילד מעבר לרחוב,1965,ילדים,"[{""name"": ""יוסף שלחין"", ""slug"": ""יוסף_שלחין""}]",list_table,0,אריה אליאס,אריה_אליאס
הילד_מעבר_לרחוב,הילד מעבר לרחוב,1965,ילדים,"[{""name"": ""יוסף שלחין"", ""slug"": ""יוסף_שלחין""}]",list_table,1,שאול שלחין,
הילד_מעבר_לרחוב,הילד מעבר לרחוב,1965,ילדים,"[{""name"": ""יוסף שלחין"", ""slug"": ""יוסף_שלחין""}]",list_table,2,יעקב בנאי,יעקב_בנאי
הילד_מעבר_לרחוב,הילד מעבר לרחוב,1965,ילדים,"[{""name"": ""יוסף שלחין"", ""slug"": ""יוסף_שלחין""}]",list_table,3,ברוך דוד,ברוך_דוד
הילד_מעבר_לרחוב,הילד מעבר לרחוב,1965,ילדים,"[{""name"": ""יוסף שלחין"", ""slug"": ""יוסף_שלחין""}]",list_table,4,אביבה גר,אביבה_גר
רק_לא_בשבת,רק לא בשבת,1965,קומדיה,"[{""name"": ""אלכס יופה"", ""slug"": null}]",list_table,0,דליה פרידלנד,דליה_פרידלנד
רק_לא_בשבת,רק לא בשבת,1965,קומדיה,"[{""name"": ""אלכס יופה"", ""slug"": null}]",list_table,1,מישה אשרוב,מישה_אשרוב
רק_לא_בשבת,רק לא בשבת,1965,קומדיה,"[{""name"": ""אלכס יופה"", ""slug"": null}]",list_table,2,אבנר חזקיהו,אבנר_חזקיהו
רק_לא_בשבת,רק לא בשבת,1965,קומדיה,"[{""name"": ""אלכס יופה"", ""slug"": null}]",list_table,3,גאולה נוני,גאולה_נוני
גבעה_24_אינה_עונה,גבעה 24 אינה עונה,1965,דרמה,"[{""name"": ""ת'ורולד דיקנסון"", ""slug"": null}]",list_table,0,אריק לביא,אריק_לביא
גבעה_24_אינה_עונה,גבעה 24 אינה עונה,1965,דרמה,"[{""name"": ""ת'ורולד דיקנסון"", ""slug"": null}]",list_table,1,מיכאל שילה,מיכאל_שילה
גבעה_24_אינה_עונה,גבעה 24 אינה עונה,1965,דרמה,"[{""name"": ""ת'ורולד דיקנסון"", ""slug"": null}]",list_table,2,חיה הררית,חיה_הררית
גבעה_24_אינה_עונה,גבעה 24 אינה עונה,1965,דרמה,"[{""name"": ""ת'ורולד דיקנסון"", ""slug"": null}]",list_table,3,זלמן לביוש,זלמן_לביוש
גבעה_24_אינה_עונה,גבעה 24 אינה עונה,1965,דרמה,"[{""name"": ""ת'ורולד דיקנסון"", ""slug"": null}]",list_table,4,עזריה רפפורט,עזריה_רפפורט
גבעה_24_אינה_עונה,גבעה 24 אינה עונה,1965,דרמה,"[{""name"": ""ת'ורולד דיקנסון"", ""slug"": null}]",list_table,5,שושנה דמארי,שושנה_דמארי
גבעה_24_אינה_עונה,גבעה 24 אינה עונה,1965,דרמה,"[{""name"": ""ת'ורולד דיקנסון"", ""slug"": null}]",list_table,6,יוסי ידין,יוסי_ידין
גבעה_24_אינה_עונה,גבעה 24 אינה עונה,1965,דרמה,"[{""name"": ""ת'ורולד דיקנסון"", ""slug"": null}]",list_table,7,שרגא פרידמן,שרגא_פרידמן
גבעה_24_אינה_עונה,גבעה 24 אינה עונה,1965,דרמה,"[{""name"": ""ת'ורולד דיקנסון"", ""slug"": null}]",list_table,8,שושנה דואר,שושנה_דואר
מבצע_קהיר,מבצע קהיר,1966,פעולה,"[{""name"": ""מנחם גולן"", ""slug"": ""מנחם_גולן""}]",list_table,0,אודי מרפי,אודי_מרפי
מבצע_קהיר,מבצע קהיר,1966,פעולה,"[{""name"": ""מנחם גולן"", ""slug"": ""מנחם_גולן""}]",list_table,1,יוסף ידין,יוסף_ידין
מבצע_קהיר,מבצע קהיר,1966,פעולה,"[{""name"": ""מנחם גולן"", ""slug"": ""מנחם_גולן""}]",list_table,2,גילה אלמגור,גילה_אלמגור
מוישה_ונטילטור,מוישה ונטילטור,1966,קומדיה,"[{""name"": ""אורי זוהר"", ""slug"": ""אורי_זוהר""}]",list_table,0,יעקב בודו,יעקב_בודו
מוישה_ונטילטור,מוישה ונטילטור,1966,קומדיה,"[{""name"": ""אורי זוהר"", ""slug"": ""אורי_זוהר""}]",list_table,1,גדעון זינגר,גדעון_זינגר
מוישה_ונטילטור,מוישה ונטילטור,1966,קומדיה,"[{""name"": ""אורי זוהר"", ""slug"": ""אורי_זוהר""}]",list_table,2,שייקה אופיר,שייקה_אופיר
מוישה_ונטילטור,מוישה ונטילטור,1966,קומדיה,"[{""name"": ""אורי זוהר"", ""slug"": ""אורי_זוהר""}]",list_table,3,הגשש החיוור,הגשש_החיוור
פורטונה_(סרט),פורטונה,1966,דרמה,"[{""name"": ""מנחם גולן"", ""slug"": ""מנחם_גולן""}]",list_table,0,גילה אלמגור,גילה_אלמגור
פורטונה_(סרט),פורטונה,1966,דרמה,"[{""name"": ""מנחם גולן"", ""slug"": ""מנחם_גולן""}]",list_table,1,יוסי בנאי,יוסי_בנאי
פורטונה_(סרט),פורטונה,1966,דרמה,"[{""name"": ""מנחם גולן"", ""slug"": ""מנחם_גולן""}]",list_table,2,שמוליק קראוס,שמוליק_קראוס
פורטונה_(סרט),פורטונה,1966,דרמה,"[{""name"": ""מנחם גולן"", ""slug"": ""מנחם_גולן""}]",list_table,3,אברהם מור,אברהם_מור
פורטונה_(סרט),פורטונה,1966,דרמה,"[{""name"": ""מנחם גולן"", ""slug"": ""מנחם_גולן""}]",list_table,4,אבנר חזקיהו,אבנר_חזקיהו
פורטונה_(סרט),פורטונה,1966,דרמה,"[{""name"": ""מנחם גולן"", ""slug"": ""מנחם_גולן""}]",list_table,5,שלישיית הגשש החיוור,הגשש_החיוור
שני_קוני_למל_(סרט),שני קוני למל,1966,קומדיה,"[{""name"": ""ישראל בקר"", ""slug"": ""ישראל_בקר""}]",list_table,0,מייק בורשטיין,מייק_בורשטיין
שני_קוני_למל_(סרט),שני קוני למל,1966,קומדיה,"[{""name"": ""ישראל בקר"", ""slug"": ""ישראל_בקר""}]",list_table,1,רפאל קלצ'קין,רפאל_קלצ'קין
שני_קוני_למל_(סרט),שני קוני למל,1966,קומדיה,"[{""name"": ""ישראל בקר"", ""slug"": ""ישראל_בקר""}]",list_table,2,ז'רמן אוניקובסקי,ז'רמן_אוניקובסקי
שני_קוני_למל_(סרט),שני קוני למל,1966,קומדיה,"[{""name"": ""ישראל בקר"", ""slug"": ""ישראל_בקר""}]",list_table,3,שמואל רודנסקי,שמואל_רודנסקי
שני_קוני_למל_(סרט),שני קוני למל,1966,קומדיה,"[{""name"": ""ישראל בקר"", ""slug"": ""ישראל_בקר""}]",list_table,4,אלישבע מיכאלי,אלישבע_מיכאלי
__title__:60 שעות לסואץ__1967,60 שעות לסואץ,1967,דרמה,"[{""name"": ""יעקב יגר"", ""slug"": ""יעקב_יגר""}]",list_table,0,מישא אשרוב,מישא_אשרוב
__title__:60 שעות לסואץ__1967,60 שעות לסואץ,1967,דרמה,"[{""name"": ""יעקב יגר"", ""slug"": ""יעקב_יגר""}]",list_table,1,אביבה מרקס,אביבה_מרקס
__title__:60 שעות לסואץ__1967,60 שעות לסואץ,1967,דרמה,"[{""name"": ""יעקב יגר"", ""slug"": ""יעקב_יגר""}]",list_table,2,אלכס פלג,אלכס_פלג
__title__:60 שעות לסואץ__1967,60 שעות לסואץ,1967,דרמה,"[{""name"": ""יעקב יגר"", ""slug"": ""יעקב_יגר""}]",list_table,3,גדעון שמר,גדעון_שמר
__title__:60 שעות לסואץ__1967,60 שעות לסואץ,1967,דרמה,"[{""name"": ""יעקב יגר"", ""slug"": ""יעקב_יגר""}]",list_table,4,גאולה נוני,גאולה_נוני
999_עליזה_מזרחי,999 עליזה מזרחי,1967,קומדיה,"[{""name"": ""מנחם גולן"", ""slug"": null}]",list_table,0,עדנה פלידל,עדנה_פלידל
999_עליזה_מזרחי,999 עליזה מזרחי,1967,קומדיה,"[{""name"": ""מנחם גולן"", ""slug"": null}]",list_table,1,אבנר חזקיהו,אבנר_חזקיהו
999_עליזה_מזרחי,999 עליזה מזרחי,1967,קומדיה,"[{""name"": ""מנחם גולן"", ""slug"": null}]",list_table,2,יוסי בנאי,יוסי_בנאי
999_עליזה_מזרחי,999 עליזה מזרחי,1967,קומדיה,"[{""name"": ""מנחם גולן"", ""slug"": null}]",list_table,3,אריק לביא,אריק_לביא
ארבינקא,ארבינקא,1967,קומדיה,"[{""name"": ""אפרים קישון"", ""slug"": ""אפרים_קישון""}]",list_table,0,חיים טופול,חיים_טופול
ארבינקא,ארבינקא,1967,קומדיה,"[{""name"": ""אפרים קישון"", ""slug"": ""אפרים_קישון""}]",list_table,1,אבנר חזקיהו,אבנר_חזקיהו
ארבינקא,ארבינקא,1967,קומדיה,"[{""name"": ""אפרים קישון"", ""slug"": ""אפרים_קישון""}]",list_table,2,גילה אלמגור,גילה_אלמגור
ארבינקא,ארבינקא,1967,קומדיה,"[{""name"": ""אפרים קישון"", ""slug"": ""אפרים_קישון""}]",list_table,3,הגשש החיוור,הגשש_החיוור
הוא_הלך_בשדות_(סרט),הוא הלך בשדות,1967,דרמה,"[{""name"": ""יוסף מילוא"", ""slug"": ""יוסף_מילוא""}]",list_table,0,אסי דיין,אסי_דיין
הוא_הלך_בשדות_(סרט),הוא הלך בשדות,1967,דרמה,"[{""name"": ""יוסף מילוא"", ""slug"": ""יוסף_מילוא""}]",list_table,1,איריס יוטבת,איריס_יוטבת
המניע_לרצח,המניע לרצח,1967,מתח,"[{""name"": ""פטר פריישטדט"", ""slug"": null}]",list_table,0,גילה אלמגור,גילה_אלמגור
המניע_לרצח,המניע לרצח,1967,מתח,"[{""name"": ""פטר פריישטדט"", ""slug"": null}]",list_table,1,אהרן מסקין,אהרן_מסקין
המניע_לרצח,המניע לרצח,1967,מתח,"[{""name"": ""פטר פריישטדט"", ""slug"": null}]",list_table,2,גדעון זינגר,גדעון_זינגר
המניע_לרצח,המניע לרצח,1967,מתח,"[{""name"": ""פטר פריישטדט"", ""slug"": null}]",list_table,3,עודד תאומי,עודד_תאומי
סיירים_(סרט),סיירים,1967,דרמה,"[{""name"": ""מיכה שגריר"", ""slug"": ""מיכה_שגריר""}]",list_table,0,זאב רווח,זאב_רווח
סיירים_(סרט),סיירים,1967,דרמה,"[{""name"": ""מיכה שגריר"", ""slug"": ""מיכה_שגריר""}]",list_table,1,ליאור ייני,ליאור_ייני
סיירים_(סרט),סיירים,1967,דרמה,"[{""name"": ""מיכה שגריר"", ""slug"": ""מיכה_שגריר""}]",list_table,2,אילי גורליצקי,אילי_גורליצקי
סיירים_(סרט),סיירים,1967,דרמה,"[{""name"": ""מיכה שגריר"", ""slug"": ""מיכה_שגריר""}]",list_table,3,אסי דיין,אסי_דיין
שלושה_ימים_וילד_(סרט),שלושה ימים וילד,1967,דרמה,"[{""name"": ""אורי זוהר"", ""slug"": ""אורי_זוהר""}]",list_table,0,עודד קוטלר,עודד_קוטלר
שלושה_ימים_וילד_(סרט),שלושה ימים וילד,1967,דרמה,"[{""name"": ""אורי זוהר"", ""slug"": ""אורי_זוהר""}]",list_table,1,ז'רמן אוניקובסקי,ז'רמן_אוניקובסקי
שלושה_ימים_וילד_(סרט),שלושה ימים וילד,1967,דרמה,"[{""name"": ""אורי זוהר"", ""slug"": ""אורי_זוהר""}]",list_table,2,אילי גורליצקי,אילי_גורליצקי
לאט_יותר,לאט יותר,1967,דרמה,"[{""name"": ""אברהם הפנר"", ""slug"": ""אברהם_הפנר""}]",list_table,0,פאני לוביץ',פאני_לוביץ'
לאט_יותר,לאט יותר,1967,דרמה,"[{""name"": ""אברהם הפנר"", ""slug"": ""אברהם_הפנר""}]",list_table,1,אברהם בן-יוסף,אברהם_בן-יוסף
הבן_האובד,הבן האובד,1968,דרמה,"[{""name"": ""יוסף שלחין"", ""slug"": ""יוסף_שלחין""}, {""name"": ""אלפרד שטיינהרדט"", ""slug"": ""אלפרד_שטיינהרדט""}]",list_table,0,מוסקו אלקלעי,מוסקו_אלקלעי
הבן_האובד,הבן האובד,1968,דרמה,"[{""name"": ""יוסף שלחין"", ""slug"": ""יוסף_שלחין""}, {""name"": ""אלפרד שטיינהרדט"", ""slug"": ""אלפרד_שטיינהרדט""}]",list_table,1,יעקב אלפרין,יעקב_אלפרין
הבן_האובד,הבן האובד,1968,דרמה,"[{""name"": ""יוסף שלחין"", ""slug"": ""יוסף_שלחין""}, {""name"": ""אלפרד שטיינהרדט"", ""slug"": ""אלפרד_שטיינהרדט""}]",list_table,2,שלמה בר-שביט,שלמה_בר-שביט
הבן_האובד,הבן האובד,1968,דרמה,"[{""name"": ""יוסף שלחין"", ""slug"": ""יוסף_שלחין""}, {""name"": ""אלפרד שטיינהרדט"", ""slug"": ""אלפרד_שטיינהרדט""}]",list_table,3,אלברט כהן,אלברט_כהן
הבן_האובד,הבן האובד,1968,דרמה,"[{""name"": ""יוסף שלחין"", ""slug"": ""יוסף_שלחין""}, {""name"": ""אלפרד שטיינהרדט"", ""slug"": ""אלפרד_שטיינהרדט""}]",list_table,4,דבורה קידר,דבורה_קידר
השכונה_שלנו,השכונה שלנו,1968,קומדיה,"[{""name"": ""אורי זוהר"", ""slug"": ""אורי_זוהר""}]",list_table,0,שייקה אופיר,שייקה_אופיר
השכונה_שלנו,השכונה שלנו,1968,קומדיה,"[{""name"": ""אורי זוהר"", ""slug"": ""אורי_זוהר""}]",list_table,1,שלישיית הגשש החיוור,שלישיית_הגשש_החיוור
השכונה_שלנו,השכונה שלנו,1968,קומדיה,"[{""name"": ""אורי זוהר"", ""slug"": ""אורי_זוהר""}]",list_table,2,גדי יגיל,גדי_יגיל
השכונה_שלנו,השכונה שלנו,1968,קומדיה,"[{""name"": ""אורי זוהר"", ""slug"": ""אורי_זוהר""}]",list_table,3,גדעון זינגר,גדעון_זינגר
טוביה_ושבע_בנותיו,טוביה ושבע בנותיו,1968,דרמה,"[{""name"": ""מנחם גולן"", ""slug"": ""מנחם_גולן""}]",list_table,0,שמואל רודנסקי,שמואל_רודנסקי
טוביה_ושבע_בנותיו,טוביה ושבע בנותיו,1968,דרמה,"[{""name"": ""מנחם גולן"", ""slug"": ""מנחם_גולן""}]",list_table,1,בטי סגל,בטי_סגל
טוביה_ושבע_בנותיו,טוביה ושבע בנותיו,1968,דרמה,"[{""name"": ""מנחם גולן"", ""slug"": ""מנחם_גולן""}]",list_table,2,אילי גורליצקי,אילי_גורליצקי
טוביה_ושבע_בנותיו,טוביה ושבע בנותיו,1968,דרמה,"[{""name"": ""מנחם גולן"", ""slug"": ""מנחם_גולן""}]",list_table,3,אריאל פורמן,אריאל_פורמן
טוביה_ושבע_בנותיו,טוביה ושבע בנותיו,1968,דרמה,"[{""name"": ""מנחם גולן"", ""slug"": ""מנחם_גולן""}]",list_table,4,תקווה מור,
כל_ממזר_מלך,כל ממזר מלך,1968,דרמה,"[{""name"": ""אורי זוהר"", ""slug"": ""אורי_זוהר""}]",list_table,0,יהורם גאון,יהורם_גאון
כל_ממזר_מלך,כל ממזר מלך,1968,דרמה,"[{""name"": ""אורי זוהר"", ""slug"": ""אורי_זוהר""}]",list_table,1,עודד קוטלר,עודד_קוטלר
כל_ממזר_מלך,כל ממזר מלך,1968,דרמה,"[{""name"": ""אורי זוהר"", ""slug"": ""אורי_זוהר""}]",list_table,2,אורי לוי,אורי_לוי_(שחקן)
כל_ממזר_מלך,כל ממזר מלך,1968,דרמה,"[{""name"": ""אורי זוהר"", ""slug"": ""אורי_זוהר""}]",list_table,3,הגשש החיוור,הגשש_החיוור
איריס_(סרט),איריס,1968,דרמה,"[{""name"": ""דוד גרינברג"", ""slug"": ""דוד_גרינברג""}]",list_table,0,ליאורה רימון,
איריס_(סרט),איריס,1968,דרמה,"[{""name"": ""דוד גרינברג"", ""slug"": ""דוד_גרינברג""}]",list_table,1,גדעון שמר,גדעון_שמר
איריס_(סרט),איריס,1968,דרמה,"[{""name"": ""דוד גרינברג"", ""slug"": ""דוד_גרינברג""}]",list_table,2,שמוליק קראוס,שמוליק_קראוס
איריס_(סרט),איריס,1968,דרמה,"[{""name"": ""דוד גרינברג"", ""slug"": ""דוד_גרינברג""}]",list_table,3,יעקב בודו,יעקב_בודו
הגלולה,הגלולה,1968,,"[{""name"": ""דוד פרלוב"", ""slug"": ""דוד_פרלוב""}]",list_table,0,שרגא פרידמן,שרגא_פרידמן
הגלולה,הגלולה,1968,,"[{""name"": ""דוד פרלוב"", ""slug"": ""דוד_פרלוב""}]",list_table,1,יוסי בנאי,יוסי_בנאי
הגלולה,הגלולה,1968,,"[{""name"": ""דוד פרלוב"", ""slug"": ""דוד_פרלוב""}]",list_table,2,ז'רמן אוניקובסקי,ז'רמן_אוניקובסקי
נס_בעיירה,נס בעיירה,1968,ילדים,"[{""name"": ""ליאו פילר"", ""slug"": ""ליאו_פילר""}]",list_table,0,גדי יגיל,גדי_יגיל
נס_בעיירה,נס בעיירה,1968,ילדים,"[{""name"": ""ליאו פילר"", ""slug"": ""ליאו_פילר""}]",list_table,1,דסי הדרי,
נס_בעיירה,נס בעיירה,1968,ילדים,"[{""name"": ""ליאו פילר"", ""slug"": ""ליאו_פילר""}]",list_table,2,יעקב בודו,יעקב_בודו
להט_במים,להט במים,1969,דרמה,"[{""name"": ""יעקב המאירי"", ""slug"": ""יעקב_המאירי""}]",list_table,0,זאב רווח,זאב_רווח
להט_במים,להט במים,1969,דרמה,"[{""name"": ""יעקב המאירי"", ""slug"": ""יעקב_המאירי""}]",list_table,1,עירית שילה,עירית_שילה
להט_במים,להט במים,1969,דרמה,"[{""name"": ""יעקב המאירי"", ""slug"": ""יעקב_המאירי""}]",list_table,2,אבנר חזקיהו,אבנר_חזקיהו
להט_במים,להט במים,1969,דרמה,"[{""name"": ""יעקב המאירי"", ""slug"": ""יעקב_המאירי""}]",list_table,3,יעקב הלפרין,יעקב_הלפרין
מצור_(סרט),מצור,1969,דרמה,"[{""name"": ""ג'ילברטו טופאנו"", ""slug"": ""ג'ילברטו_טופאנו""}]",list_table,0,גילה אלמגור,גילה_אלמגור
מצור_(סרט),מצור,1969,דרמה,"[{""name"": ""ג'ילברטו טופאנו"", ""slug"": ""ג'ילברטו_טופאנו""}]",list_table,1,יהורם גאון,יהורם_גאון
מצור_(סרט),מצור,1969,דרמה,"[{""name"": ""ג'ילברטו טופאנו"", ""slug"": ""ג'ילברטו_טופאנו""}]",list_table,2,דן בן אמוץ,דן_בן_אמוץ
מרגו_שלי,מרגו שלי,1969,דרמה,"[{""name"": ""מנחם גולן"", ""slug"": ""מנחם_גולן""}]",list_table,0,עודד תאומי,עודד_תאומי
מרגו_שלי,מרגו שלי,1969,דרמה,"[{""name"": ""מנחם גולן"", ""slug"": ""מנחם_גולן""}]",list_table,1,לבנה פינקלשטיין,לבנה_פינקלשטיין
מרגו_שלי,מרגו שלי,1969,דרמה,"[{""name"": ""מנחם גולן"", ""slug"": ""מנחם_גולן""}]",list_table,2,אריק לביא,אריק_לביא
מרגו_שלי,מרגו שלי,1969,דרמה,"[{""name"": ""מנחם גולן"", ""slug"": ""מנחם_גולן""}]",list_table,3,יוסף שילוח,יוסף_שילוח
תעלת_בלאומילך,תעלת בלאומילך,1969,קומדיה,"[{""name"": ""אפרים קישון"", ""slug"": ""אפרים_קישון""}]",list_table,0,בומבה צור,בומבה_צור
תעלת_בלאומילך,תעלת בלאומילך,1969,קומדיה,"[{""name"": ""אפרים קישון"", ""slug"": ""אפרים_קישון""}]",list_table,1,שרגא פרידמן,שרגא_פרידמן
תעלת_בלאומילך,תעלת בלאומילך,1969,קומדיה,"[{""name"": ""אפרים קישון"", ""slug"": ""אפרים_קישון""}]",list_table,2,שייקה אופיר,שייקה_אופיר
תעלת_בלאומילך,תעלת בלאומילך,1969,קומדיה,"[{""name"": ""אפרים קישון"", ""slug"": ""אפרים_קישון""}]",list_table,3,נסים עזיקרי,נסים_עזיקרי
תעלת_בלאומילך,תעלת בלאומילך,1969,קומדיה,"[{""name"": ""אפרים קישון"", ""slug"": ""אפרים_קישון""}]",list_table,4,אברהם רונאי,אברהם_רונאי
לפני_מחר,לפני מחר,1969,,"[{""name"": ""אלידע גרא"", ""slug"": ""אלידע_גרא""}]",list_table,0,ישראל פוליאקוב,ישראל_פוליאקוב
לפני_מחר,לפני מחר,1969,,"[{""name"": ""אלידע גרא"", ""slug"": ""אלידע_גרא""}]",list_table,1,אריה אליאס,אריה_אליאס
__title__:מקרה אשה__1969,מקרה אשה,1969,,"[{""name"": ""ז'אק קתמור"", ""slug"": ""ז'אק_קתמור""}]",list_table,0,הילית ישורון,הילית_ישורון
שבלול_(סרט),שבלול,1970,,"[{""name"": ""בועז דוידזון"", ""slug"": null}]",list_table,0,אריק איינשטיין,אריק_איינשטיין
שבלול_(סרט),שבלול,1970,,"[{""name"": ""בועז דוידזון"", ""slug"": null}]",list_table,1,אלונה איינשטיין,אלונה_איינשטיין
שבלול_(סרט),שבלול,1970,,"[{""name"": ""בועז דוידזון"", ""slug"": null}]",list_table,2,אורי זוהר,אורי_זוהר
שבלול_(סרט),שבלול,1970,,"[{""name"": ""בועז דוידזון"", ""slug"": null}]",list_table,3,שלום חנוך,שלום_חנוך
שבלול_(סרט),שבלול,1970,,"[{""name"": ""בועז דוידזון"", ""slug"": null}]",list_table,4,צבי שיסל,צבי_שיסל
הפריצה_הגדולה,הפריצה הגדולה,1970,דרמה,"[{""name"": ""מנחם גולן"", ""slug"": null}]",list_table,0,יהורם גאון,יהורם_גאון
הפריצה_הגדולה,הפריצה הגדולה,1970,דרמה,"[{""name"": ""מנחם גולן"", ""slug"": null}]",list_table,1,יוסף שילוח,יוסף_שילוח
הפריצה_הגדולה,הפריצה הגדולה,1970,דרמה,"[{""name"": ""מנחם גולן"", ""slug"": null}]",list_table,2,יהודה ברקן,יהודה_ברקן
הפריצה_הגדולה,הפריצה הגדולה,1970,דרמה,"[{""name"": ""מנחם גולן"", ""slug"": null}]",list_table,3,אריק לביא,אריק_לביא
הפריצה_הגדולה,הפריצה הגדולה,1970,דרמה,"[{""name"": ""מנחם גולן"", ""slug"": null}]",list_table,4,גבי עמרני,גבי_עמרני
השוטר_אזולאי,השוטר אזולאי,1970,דרמה,"[{""name"": ""אפרים קישון"", ""slug"": null}]",list_table,0,שייקה אופיר,שייקה_אופיר
השוטר_אזולאי,השוטר אזולאי,1970,דרמה,"[{""name"": ""אפרים קישון"", ""slug"": null}]",list_table,1,זהרירה חריפאי,זהרירה_חריפאי
השוטר_אזולאי,השוטר אזולאי,1970,דרמה,"[{""name"": ""אפרים קישון"", ""slug"": null}]",list_table,2,אבנר חזקיהו,אבנר_חזקיהו
השוטר_אזולאי,השוטר אזולאי,1970,דרמה,"[{""name"": ""אפרים קישון"", ""slug"": null}]",list_table,3,ניצה שאול,ניצה_שאול
השוטר_אזולאי,השוטר אזולאי,1970,דרמה,"[{""name"": ""אפרים קישון"", ""slug"": null}]",list_table,4,יוסף שילוח,יוסף_שילוח
יהודה_ג'אד_נאמן,השמלה,1970,דרמה,"[{""name"": ""יהודה נאמן"", ""slug"": null}]",list_table,0,אסי דיין,אסי_דיין
יהודה_ג'אד_נאמן,השמלה,1970,דרמה,"[{""name"": ""יהודה נאמן"", ""slug"": null}]",list_table,1,לאורה ריבלין,לאורה_ריבלין
יהודה_ג'אד_נאמן,השמלה,1970,דרמה,"[{""name"": ""יהודה נאמן"", ""slug"": null}]",list_table,2,מוטי ברכאן,מוטי_ברכאן
יהודה_ג'אד_נאמן,השמלה,1970,דרמה,"[{""name"": ""יהודה נאמן"", ""slug"": null}]",list_table,3,יאיר רובין,יאיר_רובין
יהודה_ג'אד_נאמן,השמלה,1970,דרמה,"[{""name"": ""יהודה נאמן"", ""slug"": null}]",list_table,4,ג'וזי כץ,ג'וזי_כץ
יהודה_ג'אד_נאמן,השמלה,1970,דרמה,"[{""name"": ""יהודה נאמן"", ""slug"": null}]",list_table,5,גבי אלדור,גבי_אלדור
התמהוני,התמהוני,1970,דרמה,"[{""name"": ""דן וולמן"", ""slug"": null}]",list_table,0,לאורה ריבלין,לאורה_ריבלין
התמהוני,התמהוני,1970,דרמה,"[{""name"": ""דן וולמן"", ""slug"": null}]",list_table,1,שלמה בר-שביט,שלמה_בר-שביט
התמהוני,התמהוני,1970,דרמה,"[{""name"": ""דן וולמן"", ""slug"": null}]",list_table,2,נתן כוגן,נתן_כוגן
התמהוני,התמהוני,1970,דרמה,"[{""name"": ""דן וולמן"", ""slug"": null}]",list_table,3,דבורה קידר,דבורה_קידר
התרוממות_(סרט),התרוממות,1970,קומדיה,"[{""name"": ""אורי זוהר"", ""slug"": ""אורי_זוהר""}]",list_table,0,שלישיית הגשש החיוור,הגשש_החיוור
התרוממות_(סרט),התרוממות,1970,קומדיה,"[{""name"": ""אורי זוהר"", ""slug"": ""אורי_זוהר""}]",list_table,1,ציפי שביט,ציפי_שביט
התרוממות_(סרט),התרוממות,1970,קומדיה,"[{""name"": ""אורי זוהר"", ""slug"": ""אורי_זוהר""}]",list_table,2,ג'וזי כץ,ג'וזי_כץ
התרוממות_(סרט),התרוממות,1970,קומדיה,"[{""name"": ""אורי זוהר"", ""slug"": ""אורי_זוהר""}]",list_table,3,לאורה ריבלין,לאורה_ריבלין
לופו,לופו,1970,דרמה,"[{""name"": ""מנחם גולן"", ""slug"": null}]",list_table,0,יהודה ברקן,יהודה_ברקן
לופו,לופו,1970,דרמה,"[{""name"": ""מנחם גולן"", ""slug"": null}]",list_table,1,גבי עמרני,גבי_עמרני
לופו,לופו,1970,דרמה,"[{""name"": ""מנחם גולן"", ""slug"": null}]",list_table,2,אריק לביא,אריק_לביא
לופו,לופו,1970,דרמה,"[{""name"": ""מנחם גולן"", ""slug"": null}]",list_table,3,שושיק שני,שושיק_שני
לופו,לופו,1970,דרמה,"[{""name"": ""מנחם גולן"", ""slug"": null}]",list_table,4,אסתר גרינברג,אסתר_גרינברג
אריאנה_(סרט),אריאנה,1971,דרמה,"[{""name"": ""ג'ורג' עובדיה"", ""slug"": null}]",list_table,0,גבי עמרני,גבי_עמרני
אריאנה_(סרט),אריאנה,1971,דרמה,"[{""name"": ""ג'ורג' עובדיה"", ""slug"": null}]",list_table,1,אריה אליאס,אריה_אליאס
אריאנה_(סרט),אריאנה,1971,דרמה,"[{""name"": ""ג'ורג' עובדיה"", ""slug"": null}]",list_table,2,טובה פרדו,טובה_פרדו
אריאנה_(סרט),אריאנה,1971,דרמה,"[{""name"": ""ג'ורג' עובדיה"", ""slug"": null}]",list_table,3,יצחק מיכאל שילה,יצחק_מיכאל_שילה
אריאנה_(סרט),אריאנה,1971,דרמה,"[{""name"": ""ג'ורג' עובדיה"", ""slug"": null}]",list_table,4,אבי טולדנו,אבי_טולדנו
__title__:הרפתקאות ילדי החוף__1971,הרפתקאות ילדי החוף,1971,דרמה,"[{""name"": ""ארמין דאהלן"", ""slug"": null}]",list_table,0,יעל אביב,יעל_אביב
__title__:הרפתקאות ילדי החוף__1971,הרפתקאות ילדי החוף,1971,דרמה,"[{""name"": ""ארמין דאהלן"", ""slug"": null}]",list_table,1,גבי עמרני,גבי_עמרני
__title__:הרפתקאות ילדי החוף__1971,הרפתקאות ילדי החוף,1971,דרמה,"[{""name"": ""ארמין דאהלן"", ""slug"": null}]",list_table,2,יעקב בנאי,יעקב_בנאי
התרנגול,התרנגול,1971,דרמה,"[{""name"": ""אורי זוהר"", ""slug"": ""אורי_זוהר""}]",list_table,0,חיים טופול,חיים_טופול
התרנגול,התרנגול,1971,דרמה,"[{""name"": ""אורי זוהר"", ""slug"": ""אורי_זוהר""}]",list_table,1,גליה טופול,גליה_טופול
התרנגול,התרנגול,1971,דרמה,"[{""name"": ""אורי זוהר"", ""slug"": ""אורי_זוהר""}]",list_table,2,גדעון שמר,גדעון_שמר
התרנגול,התרנגול,1971,דרמה,"[{""name"": ""אורי זוהר"", ""slug"": ""אורי_זוהר""}]",list_table,3,אורי לוי,אורי_לוי_(שחקן)
התרנגול,התרנגול,1971,דרמה,"[{""name"": ""אורי זוהר"", ""slug"": ""אורי_זוהר""}]",list_table,4,תמי צפרוני,
חסמבה_ונערי_ההפקר,חסמבה ונערי ההפקר,1971,דרמה,"[{""name"": ""יואל זילברג"", ""slug"": ""יואל_זילברג""}]",list_table,0,שלמה ארצי,שלמה_ארצי
חסמבה_ונערי_ההפקר,חסמבה ונערי ההפקר,1971,דרמה,"[{""name"": ""יואל זילברג"", ""slug"": ""יואל_זילברג""}]",list_table,1,זאב רווח,זאב_רווח
חסמבה_ונערי_ההפקר,חסמבה ונערי ההפקר,1971,דרמה,"[{""name"": ""יואל זילברג"", ""slug"": ""יואל_זילברג""}]",list_table,2,דובי גל,דובי_גל
חסמבה_ונערי_ההפקר,חסמבה ונערי ההפקר,1971,דרמה,"[{""name"": ""יואל זילברג"", ""slug"": ""יואל_זילברג""}]",list_table,3,מני פאר,מני_פאר
חסמבה_ונערי_ההפקר,חסמבה ונערי ההפקר,1971,דרמה,"[{""name"": ""יואל זילברג"", ""slug"": ""יואל_זילברג""}]",list_table,4,אבי אוריה,אבי_אוריה
חצי_חצי,חצי חצי,1971,דרמה,"[{""name"": ""בועז דוידזון"", ""slug"": ""בועז_דוידזון""}]",list_table,0,זאב ברלינסקי,זאב_ברלינסקי
חצי_חצי,חצי חצי,1971,דרמה,"[{""name"": ""בועז דוידזון"", ""slug"": ""בועז_דוידזון""}]",list_table,1,יוסי פולק,יוסי_פולק
חצי_חצי,חצי חצי,1971,דרמה,"[{""name"": ""בועז דוידזון"", ""slug"": ""בועז_דוידזון""}]",list_table,2,צבי שיסל,צבי_שיסל
חצי_חצי,חצי חצי,1971,דרמה,"[{""name"": ""בועז דוידזון"", ""slug"": ""בועז_דוידזון""}]",list_table,3,ניסים עזיקרי,ניסים_עזיקרי
חצי_חצי,חצי חצי,1971,דרמה,"[{""name"": ""בועז דוידזון"", ""slug"": ""בועז_דוידזון""}]",list_table,4,אסי דיין,
כץ_וקרסו,כץ וקרסו,1971,קומדיה,"[{""name"": ""מנחם גולן"", ""slug"": null}]",list_table,0,יהודה ברקן,יהודה_ברקן
כץ_וקרסו,כץ וקרסו,1971,קומדיה,"[{""name"": ""מנחם גולן"", ""slug"": null}]",list_table,1,אפרת לביא,אפרת_לביא
כץ_וקרסו,כץ וקרסו,1971,קומדיה,"[{""name"": ""מנחם גולן"", ""slug"": null}]",list_table,2,גדי יגיל,גדי_יגיל
כץ_וקרסו,כץ וקרסו,1971,קומדיה,"[{""name"": ""מנחם גולן"", ""slug"": null}]",list_table,3,יוסף שילוח,יוסף_שילוח
כץ_וקרסו,כץ וקרסו,1971,קומדיה,"[{""name"": ""מנחם גולן"", ""slug"": null}]",list_table,4,ניצה שאול,ניצה_שאול
מלכת_הכביש,מלכת הכביש,1971,דרמה,"[{""name"": ""מנחם גולן"", ""slug"": ""מנחם_גולן""}]",list_table,0,יהודה ברקן,יהודה_ברקן
מלכת_הכביש,מלכת הכביש,1971,דרמה,"[{""name"": ""מנחם גולן"", ""slug"": ""מנחם_גולן""}]",list_table,1,ליא קניג,ליא_קניג
מלכת_הכביש,מלכת הכביש,1971,דרמה,"[{""name"": ""מנחם גולן"", ""slug"": ""מנחם_גולן""}]",list_table,2,מרים ברנשטיין-כהן,מרים_ברנשטיין-כהן
מלכת_הכביש,מלכת הכביש,1971,דרמה,"[{""name"": ""מנחם גולן"", ""slug"": ""מנחם_גולן""}]",list_table,3,גילה אלמגור,
פישקה_במילואים,פישקה במילואים,1971,קומדיה,"[{""name"": ""ג'ורג' עובדיה"", ""slug"": ""ג'ורג'_עובדיה""}]",list_table,0,משה סולו,
פישקה_במילואים,פישקה במילואים,1971,קומדיה,"[{""name"": ""ג'ורג' עובדיה"", ""slug"": ""ג'ורג'_עובדיה""}]",list_table,1,פול ל. סמית',פול_ל._סמית'
פישקה_במילואים,פישקה במילואים,1971,קומדיה,"[{""name"": ""ג'ורג' עובדיה"", ""slug"": ""ג'ורג'_עובדיה""}]",list_table,2,גבי עמרני,גבי_עמרני
פישקה_במילואים,פישקה במילואים,1971,קומדיה,"[{""name"": ""ג'ורג' עובדיה"", ""slug"": ""ג'ורג'_עובדיה""}]",list_table,3,רות דורון,רות_דורון
בלומפילד_(סרט),בלומפילד,1971,,"[{""name"": ""אורי זוהר"", ""slug"": ""אורי_זוהר""}, {""name"": ""ריצ'רד האריס"", ""slug"": ""ריצ'רד_האריס""}]",list_table,0,יוסף ידין,יוסף_ידין
בלומפילד_(סרט),בלומפילד,1971,,"[{""name"": ""אורי זוהר"", ""slug"": ""אורי_זוהר""}, {""name"": ""ריצ'רד האריס"", ""slug"": ""ריצ'רד_האריס""}]",list_table,1,שרגא פרידמן,שרגא_פרידמן
אני_אוהב_אותך_רוזה,אני אוהב אותך רוזה,1972,דרמה,"[{""name"": ""משה מזרחי"", ""slug"": null}]",list_table,0,מיכל בת-אדם,מיכל_בת-אדם
אני_אוהב_אותך_רוזה,אני אוהב אותך רוזה,1972,דרמה,"[{""name"": ""משה מזרחי"", ""slug"": null}]",list_table,1,גבי אוטרמן,גבי_אוטרמן
אני_אוהב_אותך_רוזה,אני אוהב אותך רוזה,1972,דרמה,"[{""name"": ""משה מזרחי"", ""slug"": null}]",list_table,2,אבנר חזקיהו,אבנר_חזקיהו
אני_אוהב_אותך_רוזה,אני אוהב אותך רוזה,1972,דרמה,"[{""name"": ""משה מזרחי"", ""slug"": null}]",list_table,3,אלישבע מיכאלי,אלישבע_מיכאלי
הגלולה,הגלולה,1972,דרמה,"[{""name"": ""דוד פרלוב"", ""slug"": ""דוד_פרלוב""}]",list_table,0,שרגא פרידמן,שרגא_פרידמן
הגלולה,הגלולה,1972,דרמה,"[{""name"": ""דוד פרלוב"", ""slug"": ""דוד_פרלוב""}]",list_table,1,יוסי בנאי,יוסי_בנאי
הגלולה,הגלולה,1972,דרמה,"[{""name"": ""דוד פרלוב"", ""slug"": ""דוד_פרלוב""}]",list_table,2,ז'רמן אוניקובסקי,ז'רמן_אוניקובסקי
"הטרמפיסט_(סרט,_1972)",הטרמפיסט,1972,דרמה,"[{""name"": ""עמוס ספר"", ""slug"": null}]",list_table,0,אשר צרפתי,אשר_צרפתי
"הטרמפיסט_(סרט,_1972)",הטרמפיסט,1972,דרמה,"[{""name"": ""עמוס ספר"", ""slug"": null}]",list_table,1,שמואל וולף,שמואל_וולף
לאן_נעלם_דניאל_וקס,לאן נעלם דניאל וקס,1972,דרמה,"[{""name"": ""אברהם הפנר"", ""slug"": null}]",list_table,0,ליאור ייני,ליאור_ייני
לאן_נעלם_דניאל_וקס,לאן נעלם דניאל וקס,1972,דרמה,"[{""name"": ""אברהם הפנר"", ""slug"": null}]",list_table,1,עליזה רוזן,עליזה_רוזן
מציצים,מציצים,1972,דרמה,"[{""name"": ""אורי זוהר"", ""slug"": null}]",list_table,0,סימה אליהו,סימה_אליהו
מציצים,מציצים,1972,דרמה,"[{""name"": ""אורי זוהר"", ""slug"": null}]",list_table,1,מונה זילברשטיין,מונה_זילברשטיין
מציצים,מציצים,1972,דרמה,"[{""name"": ""אורי זוהר"", ""slug"": null}]",list_table,2,צבי שיסל,צבי_שיסל
מציצים,מציצים,1972,דרמה,"[{""name"": ""אורי זוהר"", ""slug"": null}]",list_table,3,אורי זוהר,
מציצים,מציצים,1972,דרמה,"[{""name"": ""אורי זוהר"", ""slug"": null}]",list_table,4,אריק איינשטיין,
נורית_(סרט),נורית,1972,דרמה,"[{""name"": ""ג'ורג' עובדיה"", ""slug"": ""ג'ורג'_עובדיה""}]",list_table,0,יונה אליאן,יונה_אליאן
נורית_(סרט),נורית,1972,דרמה,"[{""name"": ""ג'ורג' עובדיה"", ""slug"": ""ג'ורג'_עובדיה""}]",list_table,1,ששי קשת,ששי_קשת
נורית_(סרט),נורית,1972,דרמה,"[{""name"": ""ג'ורג' עובדיה"", ""slug"": ""ג'ורג'_עובדיה""}]",list_table,2,טובה קצב,
נחצ'ה_והגנרל,נחצ'ה והגנרל,1972,קומדיה,"[{""name"": ""ג'ורג' עובדיה"", ""slug"": ""ג'ורג'_עובדיה""}]",list_table,0,יעקב בודו,יעקב_בודו
נחצ'ה_והגנרל,נחצ'ה והגנרל,1972,קומדיה,"[{""name"": ""ג'ורג' עובדיה"", ""slug"": ""ג'ורג'_עובדיה""}]",list_table,1,גדעון זינגר,גדעון_זינגר
נחצ'ה_והגנרל,נחצ'ה והגנרל,1972,קומדיה,"[{""name"": ""ג'ורג' עובדיה"", ""slug"": ""ג'ורג'_עובדיה""}]",list_table,2,ציפי שביט,ציפי_שביט
סלומוניקו,סלומוניקו,1972,דרמה,"[{""name"": ""אלפרד שטיינהרדט"", ""slug"": ""אלפרד_שטיינהרדט""}]",list_table,0,אתי גרוטס,אתי_גרוטס
סלומוניקו,סלומוניקו,1972,דרמה,"[{""name"": ""אלפרד שטיינהרדט"", ""slug"": ""אלפרד_שטיינהרדט""}]",list_table,1,גבי עמרני,גבי_עמרני
סלומוניקו,סלומוניקו,1972,דרמה,"[{""name"": ""אלפרד שטיינהרדט"", ""slug"": ""אלפרד_שטיינהרדט""}]",list_table,2,מני פאר,מני_פאר
סלומוניקו,סלומוניקו,1972,דרמה,"[{""name"": ""אלפרד שטיינהרדט"", ""slug"": ""אלפרד_שטיינהרדט""}]",list_table,3,רונית פורת,רונית_פורת_(שחקנית)
סלומוניקו,סלומוניקו,1972,דרמה,"[{""name"": ""אלפרד שטיינהרדט"", ""slug"": ""אלפרד_שטיינהרדט""}]",list_table,4,ראובן בר יותם,
עזית_הכלבה_הצנחנית_(סרט),עזית הכלבה הצנחנית,1972,דרמה,"[{""name"": ""בועז דוידזון"", ""slug"": null}]",list_table,0,יוסי פולק,יוסי_פולק
עזית_הכלבה_הצנחנית_(סרט),עזית הכלבה הצנחנית,1972,דרמה,"[{""name"": ""בועז דוידזון"", ""slug"": null}]",list_table,1,מונה זילברשטיין,מונה_זילברשטיין
עזית_הכלבה_הצנחנית_(סרט),עזית הכלבה הצנחנית,1972,דרמה,"[{""name"": ""בועז דוידזון"", ""slug"": null}]",list_table,2,גדעון זינגר,גדעון_זינגר
פלוך,פלוך,1972,דרמה,"[{""name"": ""דן וולמן"", ""slug"": null}]",list_table,0,אברהם חלפי,אברהם_חלפי
שוד_הטלפונים_הגדול,שוד הטלפונים הגדול,1972,דרמה,"[{""name"": ""מנחם גולן"", ""slug"": null}]",list_table,0,גדי יגיל,גדי_יגיל
שוד_הטלפונים_הגדול,שוד הטלפונים הגדול,1972,דרמה,"[{""name"": ""מנחם גולן"", ""slug"": null}]",list_table,1,יהודה אפרוני,יהודה_אפרוני
שוד_הטלפונים_הגדול,שוד הטלפונים הגדול,1972,דרמה,"[{""name"": ""מנחם גולן"", ""slug"": null}]",list_table,2,בומבה צור,בומבה_צור
שוד_הטלפונים_הגדול,שוד הטלפונים הגדול,1972,דרמה,"[{""name"": ""מנחם גולן"", ""slug"": null}]",list_table,3,אבנר חזקיהו,אבנר_חזקיהו
שוד_הטלפונים_הגדול,שוד הטלפונים הגדול,1972,דרמה,"[{""name"": ""מנחם גולן"", ""slug"": null}]",list_table,4,ג'וזי כץ,ג'וזי_כץ
שתי_דפיקות_לב,שתי דפיקות לב,1972,דרמה,"[{""name"": ""שמואל אימברמן"", ""slug"": ""שמואל_אימברמן""}]",list_table,0,יהודה ברקן,יהודה_ברקן
שתי_דפיקות_לב,שתי דפיקות לב,1972,דרמה,"[{""name"": ""שמואל אימברמן"", ""slug"": ""שמואל_אימברמן""}]",list_table,1,מונה זילברשטיין,מונה_זילברשטיין
שתי_דפיקות_לב,שתי דפיקות לב,1972,דרמה,"[{""name"": ""שמואל אימברמן"", ""slug"": ""שמואל_אימברמן""}]",list_table,2,אילן דר,אילן_דר
שתי_דפיקות_לב,שתי דפיקות לב,1972,דרמה,"[{""name"": ""שמואל אימברמן"", ""slug"": ""שמואל_אימברמן""}]",list_table,3,אדית אסטרוק,
הבריחה_אל_השמש,הבריחה אל השמש,1972,דרמה,"[{""name"": ""מנחם גולן"", ""slug"": ""מנחם_גולן""}]",list_table,0,יהודה ברקן,יהודה_ברקן
הבריחה_אל_השמש,הבריחה אל השמש,1972,דרמה,"[{""name"": ""מנחם גולן"", ""slug"": ""מנחם_גולן""}]",list_table,1,לורנס הארווי,לורנס_הארווי
הבריחה_אל_השמש,הבריחה אל השמש,1972,דרמה,"[{""name"": ""מנחם גולן"", ""slug"": ""מנחם_גולן""}]",list_table,2,גילה אלמגור,גילה_אלמגור
ז'אקו_והיצאניות,ז'אקו והיצאניות,1972,,"[{""name"": ""פול סמית"", ""slug"": ""פול_סמית""}]",list_table,0,אושיק לוי,אושיק_לוי
ז'אקו_והיצאניות,ז'אקו והיצאניות,1972,,"[{""name"": ""פול סמית"", ""slug"": ""פול_סמית""}]",list_table,1,נינט דינר,
ז'אקו_והיצאניות,ז'אקו והיצאניות,1972,,"[{""name"": ""פול סמית"", ""slug"": ""פול_סמית""}]",list_table,2,תמי ספיבק,תמי_ספיבק
ז'אקו_והיצאניות,ז'אקו והיצאניות,1972,,"[{""name"": ""פול סמית"", ""slug"": ""פול_סמית""}]",list_table,3,יעל אביב,יעל_אביב
אבו_אל_בנאת,אבו אל בנאת,1973,דרמה,"[{""name"": ""משה מזרחי"", ""slug"": null}]",list_table,0,זהרירה חריפאי,זהרירה_חריפאי
אבו_אל_בנאת,אבו אל בנאת,1973,דרמה,"[{""name"": ""משה מזרחי"", ""slug"": null}]",list_table,1,יוסף שילוח,יוסף_שילוח
אבו_אל_בנאת,אבו אל בנאת,1973,דרמה,"[{""name"": ""משה מזרחי"", ""slug"": null}]",list_table,2,מיכל בת-אדם,מיכל_בת-אדם
אבו_אל_בנאת,אבו אל בנאת,1973,דרמה,"[{""name"": ""משה מזרחי"", ""slug"": null}]",list_table,3,שייקה אופיר,
הבית_ברחוב_שלוש,הבית ברחוב שלוש,1973,דרמה,"[{""name"": ""משה מזרחי"", ""slug"": null}]",list_table,0,גילה אלמגור,גילה_אלמגור
הבית_ברחוב_שלוש,הבית ברחוב שלוש,1973,דרמה,"[{""name"": ""משה מזרחי"", ""slug"": null}]",list_table,1,מיכל בת-אדם,מיכל_בת-אדם
הבית_ברחוב_שלוש,הבית ברחוב שלוש,1973,דרמה,"[{""name"": ""משה מזרחי"", ""slug"": null}]",list_table,2,שייקה אופיר,שייקה_אופיר
הבית_ברחוב_שלוש,הבית ברחוב שלוש,1973,דרמה,"[{""name"": ""משה מזרחי"", ""slug"": null}]",list_table,3,יוסף שילוח,יוסף_שילוח
הבלש_האמיץ_שוורץ,הבלש האמיץ שוורץ,1973,קומדיה,"[{""name"": ""עמי ארזי"", ""slug"": null}]",list_table,0,בומבה צור,בומבה_צור
הבלש_האמיץ_שוורץ,הבלש האמיץ שוורץ,1973,קומדיה,"[{""name"": ""עמי ארזי"", ""slug"": null}]",list_table,1,יוסף שילוח,יוסף_שילוח
הבלש_האמיץ_שוורץ,הבלש האמיץ שוורץ,1973,קומדיה,"[{""name"": ""עמי ארזי"", ""slug"": null}]",list_table,2,אילן דר,אילן_דר
__title__:הזמנה לרצח__1973,הזמנה לרצח,1973,דרמה,"[{""name"": ""אסי דיין"", ""slug"": ""אסי_דיין""}]",list_table,0,גבי אלדור,גבי_אלדור
__title__:הזמנה לרצח__1973,הזמנה לרצח,1973,דרמה,"[{""name"": ""אסי דיין"", ""slug"": ""אסי_דיין""}]",list_table,1,עודד קוטלר,עודד_קוטלר
__title__:הזמנה לרצח__1973,הזמנה לרצח,1973,דרמה,"[{""name"": ""אסי דיין"", ""slug"": ""אסי_דיין""}]",list_table,2,אברהם מור,אברהם_מור
חכם_גמליאל,חכם גמליאל,1973,דרמה,"[{""name"": ""יואל זילברג"", ""slug"": ""יואל_זילברג""}]",list_table,0,יוסי בנאי,יוסי_בנאי
חכם_גמליאל,חכם גמליאל,1973,דרמה,"[{""name"": ""יואל זילברג"", ""slug"": ""יואל_זילברג""}]",list_table,1,אושיק לוי,אושיק_לוי
חכם_גמליאל,חכם גמליאל,1973,דרמה,"[{""name"": ""יואל זילברג"", ""slug"": ""יואל_זילברג""}]",list_table,2,נחום שליט,נחום_שליט
חכם_גמליאל,חכם גמליאל,1973,דרמה,"[{""name"": ""יואל זילברג"", ""slug"": ""יואל_זילברג""}]",list_table,3,מירי אלוני,מירי_אלוני
מתנה_משמיים_(1973),מתנה משמיים,1973,קומדיה,"[{""name"": ""גד בן ארצי"", ""slug"": null}]",list_table,0,יוסי אלפי,יוסי_אלפי
מתנה_משמיים_(1973),מתנה משמיים,1973,קומדיה,"[{""name"": ""גד בן ארצי"", ""slug"": null}]",list_table,1,גבי עמרני,גבי_עמרני
מתנה_משמיים_(1973),מתנה משמיים,1973,קומדיה,"[{""name"": ""גד בן ארצי"", ""slug"": null}]",list_table,2,יעקב בנאי,יעקב_בנאי
קוראים_לי_שמיל,קוראים לי שמיל,1973,קומדיה,"[{""name"": ""ג'ורג' עובדיה"", ""slug"": ""ג'ורג'_עובדיה""}]",list_table,0,אורי זוהר,אורי_זוהר
קוראים_לי_שמיל,קוראים לי שמיל,1973,קומדיה,"[{""name"": ""ג'ורג' עובדיה"", ""slug"": ""ג'ורג'_עובדיה""}]",list_table,1,פול סמית,פול_סמית
קוראים_לי_שמיל,קוראים לי שמיל,1973,קומדיה,"[{""name"": ""ג'ורג' עובדיה"", ""slug"": ""ג'ורג'_עובדיה""}]",list_table,2,יונה אליאן,יונה_אליאן
"שלום,_תפילת_הדרך","שלום, תפילת הדרך",1973,דרמה,"[{""name"": ""יקי יושע"", ""slug"": null}]",list_table,0,אברהם בן-יוסף,אברהם_בן-יוסף
"שלום,_תפילת_הדרך","שלום, תפילת הדרך",1973,דרמה,"[{""name"": ""יקי יושע"", ""slug"": null}]",list_table,1,ישראל גוריון,ישראל_גוריון
"שלום,_תפילת_הדרך","שלום, תפילת הדרך",1973,דרמה,"[{""name"": ""יקי יושע"", ""slug"": null}]",list_table,2,נסים עזיקרי,נסים_עזיקרי
"שלום,_תפילת_הדרך","שלום, תפילת הדרך",1973,דרמה,"[{""name"": ""יקי יושע"", ""slug"": null}]",list_table,3,יקי יושע,
המלאך_היה_שטן,המלאך היה שטן,1973,דרמה,"[{""name"": ""משה גז"", ""slug"": null}]",list_table,0,אופליה שטראל,אופליה_שטראל
קזבלן_(סרט),קזבלן,1973,דרמה,"[{""name"": ""מנחם גולן"", ""slug"": null}]",list_table,0,יהורם גאון,יהורם_גאון
קזבלן_(סרט),קזבלן,1973,דרמה,"[{""name"": ""מנחם גולן"", ""slug"": null}]",list_table,1,אפרת לביא,אפרת_לביא
קזבלן_(סרט),קזבלן,1973,דרמה,"[{""name"": ""מנחם גולן"", ""slug"": null}]",list_table,2,יהודה אפרוני,יהודה_אפרוני
קזבלן_(סרט),קזבלן,1973,דרמה,"[{""name"": ""מנחם גולן"", ""slug"": null}]",list_table,3,יוסי גרבר,יוסי_גרבר
"המשכנע_בע""מ","המשכנע בע""מ",1973,דרמה,"[{""name"": ""יחיאל נאמן"", ""slug"": ""יחיאל_נאמן""}]",list_table,0,יהודה פוקס,יהודה_פוקס_(שחקן)
"המשכנע_בע""מ","המשכנע בע""מ",1973,דרמה,"[{""name"": ""יחיאל נאמן"", ""slug"": ""יחיאל_נאמן""}]",list_table,1,יאיר רובין,יאיר_רובין
"המשכנע_בע""מ","המשכנע בע""מ",1973,דרמה,"[{""name"": ""יחיאל נאמן"", ""slug"": ""יחיאל_נאמן""}]",list_table,2,ראובן בר-יותם,
הסנדלר_העליז,הסנדלר העליז,1973,קומדיה,"[{""name"": ""ניקו סאפאי"", ""slug"": null}]",list_table,0,יעקב בן-סירא,יעקב_בן-סירא
הסנדלר_העליז,הסנדלר העליז,1973,קומדיה,"[{""name"": ""ניקו סאפאי"", ""slug"": null}]",list_table,1,גדעון זינגר,גדעון_זינגר
הסנדלר_העליז,הסנדלר העליז,1973,קומדיה,"[{""name"": ""ניקו סאפאי"", ""slug"": null}]",list_table,2,אריס סאן,אריס_סאן
הסנדלר_העליז,הסנדלר העליז,1973,קומדיה,"[{""name"": ""ניקו סאפאי"", ""slug"": null}]",list_table,3,נירה גל,נירה_גל
הסנדלר_העליז,הסנדלר העליז,1973,קומדיה,"[{""name"": ""ניקו סאפאי"", ""slug"": null}]",list_table,4,ששי קשת,ששי_קשת
הסנדלר_העליז,הסנדלר העליז,1973,קומדיה,"[{""name"": ""ניקו סאפאי"", ""slug"": null}]",list_table,5,יהושע לוף,יהושע_לוף
אדם_(סרט),אדם,1974,מתח,"[{""name"": ""יונה דאי"", ""slug"": null}]",list_table,0,שמוליק קראוס,שמוליק_קראוס
אדם_(סרט),אדם,1974,מתח,"[{""name"": ""יונה דאי"", ""slug"": null}]",list_table,1,איריס דוידסקו,איריס_דוידסקו
אדם_(סרט),אדם,1974,מתח,"[{""name"": ""יונה דאי"", ""slug"": null}]",list_table,2,אילן דר,אילן_דר
אדם_(סרט),אדם,1974,מתח,"[{""name"": ""יונה דאי"", ""slug"": null}]",list_table,3,יהודה פוקס,יהודה_פוקס_(שחקן)
אדם_(סרט),אדם,1974,מתח,"[{""name"": ""יונה דאי"", ""slug"": null}]",list_table,4,שלמה וישינסקי,שלמה_וישינסקי
עיניים_גדולות,עיניים גדולות,1974,דרמה,"[{""name"": ""אורי זוהר"", ""slug"": null}]",list_table,0,אריק איינשטיין,אריק_איינשטיין
עיניים_גדולות,עיניים גדולות,1974,דרמה,"[{""name"": ""אורי זוהר"", ""slug"": null}]",list_table,1,סימה אליהו,סימה_אליהו
עיניים_גדולות,עיניים גדולות,1974,דרמה,"[{""name"": ""אורי זוהר"", ""slug"": null}]",list_table,2,אורי זוהר,
צ'רלי_וחצי,צ'רלי וחצי,1974,קומדיה,"[{""name"": ""בועז דוידזון"", ""slug"": ""בועז_דוידזון""}]",list_table,0,זאב רווח,זאב_רווח
צ'רלי_וחצי,צ'רלי וחצי,1974,קומדיה,"[{""name"": ""בועז דוידזון"", ""slug"": ""בועז_דוידזון""}]",list_table,1,יהודה ברקן,יהודה_ברקן
צ'רלי_וחצי,צ'רלי וחצי,1974,קומדיה,"[{""name"": ""בועז דוידזון"", ""slug"": ""בועז_דוידזון""}]",list_table,2,חיה קציר,חיה_קציר
צ'רלי_וחצי,צ'רלי וחצי,1974,קומדיה,"[{""name"": ""בועז דוידזון"", ""slug"": ""בועז_דוידזון""}]",list_table,3,טוביה צפיר,טוביה_צפיר
צ'רלי_וחצי,צ'רלי וחצי,1974,קומדיה,"[{""name"": ""בועז דוידזון"", ""slug"": ""בועז_דוידזון""}]",list_table,4,אריה אליאס,אריה_אליאס
"יום_הדין_(סרט,_1974)",יום הדין,1974,דרמה,"[{""name"": ""ג'ורג' עובדיה"", ""slug"": ""ג'ורג'_עובדיה""}]",list_table,0,נסים סרוסי,נסים_סרוסי
"יום_הדין_(סרט,_1974)",יום הדין,1974,דרמה,"[{""name"": ""ג'ורג' עובדיה"", ""slug"": ""ג'ורג'_עובדיה""}]",list_table,1,יוסי וירז'נסקי,יוסי_וירז'נסקי
"יום_הדין_(סרט,_1974)",יום הדין,1974,דרמה,"[{""name"": ""ג'ורג' עובדיה"", ""slug"": ""ג'ורג'_עובדיה""}]",list_table,2,דליה פרידלנד,דליה_פרידלנד
"יום_הדין_(סרט,_1974)",יום הדין,1974,דרמה,"[{""name"": ""ג'ורג' עובדיה"", ""slug"": ""ג'ורג'_עובדיה""}]",list_table,3,ג'טה לוקה,ג'טה_לוקה
"יום_הדין_(סרט,_1974)",יום הדין,1974,דרמה,"[{""name"": ""ג'ורג' עובדיה"", ""slug"": ""ג'ורג'_עובדיה""}]",list_table,4,יצחק חביס,יצחק_חביס
"יום_הדין_(סרט,_1974)",יום הדין,1974,דרמה,"[{""name"": ""ג'ורג' עובדיה"", ""slug"": ""ג'ורג'_עובדיה""}]",list_table,5,מנשה ורשבסקי,מנשה_ורשבסקי
"יום_הדין_(סרט,_1974)",יום הדין,1974,דרמה,"[{""name"": ""ג'ורג' עובדיה"", ""slug"": ""ג'ורג'_עובדיה""}]",list_table,6,ראובן דיין,ראובן_דיין
"יום_הדין_(סרט,_1974)",יום הדין,1974,דרמה,"[{""name"": ""ג'ורג' עובדיה"", ""slug"": ""ג'ורג'_עובדיה""}]",list_table,7,יוסי סגל,יוסי_סגל
שרית_(סרט),שרית,1974,דרמה,"[{""name"": ""שמעון חרמה"", ""slug"": null}, {""name"": ""ג'ורג' עובדיה"", ""slug"": ""ג'ורג'_עובדיה""}]",list_table,0,דליה פרידלנד,דליה_פרידלנד
שרית_(סרט),שרית,1974,דרמה,"[{""name"": ""שמעון חרמה"", ""slug"": null}, {""name"": ""ג'ורג' עובדיה"", ""slug"": ""ג'ורג'_עובדיה""}]",list_table,1,אלישבע מיכאלי,אלישבע_מיכאלי
שרית_(סרט),שרית,1974,דרמה,"[{""name"": ""שמעון חרמה"", ""slug"": null}, {""name"": ""ג'ורג' עובדיה"", ""slug"": ""ג'ורג'_עובדיה""}]",list_table,2,ירדנה ארזי,ירדנה_ארזי
שרית_(סרט),שרית,1974,דרמה,"[{""name"": ""שמעון חרמה"", ""slug"": null}, {""name"": ""ג'ורג' עובדיה"", ""slug"": ""ג'ורג'_עובדיה""}]",list_table,3,יגאל בשן,יגאל_בשן
איש_רחל,איש רחל,1975,דרמה,"[{""name"": ""משה מזרחי"", ""slug"": null}]",list_table,0,לאונרד ויטינג,לאונרד_ויטינג
איש_רחל,איש רחל,1975,דרמה,"[{""name"": ""משה מזרחי"", ""slug"": null}]",list_table,1,מיכל בת-אדם,מיכל_בת-אדם
הדיבר_ה-11,הדיבר ה-11,1975,דרמה,"[{""name"": ""שלמה סוריאנו"", ""slug"": null}]",list_table,0,מיכל בת-אדם,מיכל_בת-אדם
הדיבר_ה-11,הדיבר ה-11,1975,דרמה,"[{""name"": ""שלמה סוריאנו"", ""slug"": null}]",list_table,1,יוסי גרבר,יוסי_גרבר
חגיגה_בסנוקר,חגיגה בסנוקר,1975,קומדיה,"[{""name"": ""בועז דוידזון"", ""slug"": ""בועז_דוידזון""}]",list_table,0,יהודה ברקן,יהודה_ברקן
חגיגה_בסנוקר,חגיגה בסנוקר,1975,קומדיה,"[{""name"": ""בועז דוידזון"", ""slug"": ""בועז_דוידזון""}]",list_table,1,זאב רווח,זאב_רווח
חגיגה_בסנוקר,חגיגה בסנוקר,1975,קומדיה,"[{""name"": ""בועז דוידזון"", ""slug"": ""בועז_דוידזון""}]",list_table,2,יוסף שילוח,יוסף_שילוח
חגיגה_בסנוקר,חגיגה בסנוקר,1975,קומדיה,"[{""name"": ""בועז דוידזון"", ""slug"": ""בועז_דוידזון""}]",list_table,3,טוביה צפיר,טוביה_צפיר
חגיגה_בסנוקר,חגיגה בסנוקר,1975,קומדיה,"[{""name"": ""בועז דוידזון"", ""slug"": ""בועז_דוידזון""}]",list_table,4,ניצה שאול,ניצה_שאול
חגיגה_לעיניים,חגיגה לעיניים,1975,דרמה,"[{""name"": ""אסי דיין"", ""slug"": null}]",list_table,0,יוסף שילוח,יוסף_שילוח
חגיגה_לעיניים,חגיגה לעיניים,1975,דרמה,"[{""name"": ""אסי דיין"", ""slug"": null}]",list_table,1,טליה שפירא,טליה_שפירא
חגיגה_לעיניים,חגיגה לעיניים,1975,דרמה,"[{""name"": ""אסי דיין"", ""slug"": null}]",list_table,2,מרים גבריאלי,מרים_גבריאלי
חגיגה_לעיניים,חגיגה לעיניים,1975,דרמה,"[{""name"": ""אסי דיין"", ""slug"": null}]",list_table,3,מרדכי בן-זאב,מרדכי_בן-זאב
יהיה_טוב_סלומוניקו,יהיה טוב סלומוניקו,1975,דרמה,"[{""name"": ""אלפרד שטיינהרדט"", ""slug"": ""אלפרד_שטיינהרדט""}]",list_table,0,ראובן בר יותם,ראובן_בר_יותם
יהיה_טוב_סלומוניקו,יהיה טוב סלומוניקו,1975,דרמה,"[{""name"": ""אלפרד שטיינהרדט"", ""slug"": ""אלפרד_שטיינהרדט""}]",list_table,1,זאב ברלינסקי,זאב_ברלינסקי
יהיה_טוב_סלומוניקו,יהיה טוב סלומוניקו,1975,דרמה,"[{""name"": ""אלפרד שטיינהרדט"", ""slug"": ""אלפרד_שטיינהרדט""}]",list_table,2,יאיר רובין,יאיר_רובין
יהיה_טוב_סלומוניקו,יהיה טוב סלומוניקו,1975,דרמה,"[{""name"": ""אלפרד שטיינהרדט"", ""slug"": ""אלפרד_שטיינהרדט""}]",list_table,3,מני פאר,מני_פאר
"יהלומים_(סרט,_1975)",יהלומים,1975,דרמה,"[{""name"": ""מנחם גולן"", ""slug"": ""מנחם_גולן""}]",list_table,0,רוברט שואו,
"יהלומים_(סרט,_1975)",יהלומים,1975,דרמה,"[{""name"": ""מנחם גולן"", ""slug"": ""מנחם_גולן""}]",list_table,1,ריצ'רד ראונדטרי,ריצ'רד_ראונדטרי
"יהלומים_(סרט,_1975)",יהלומים,1975,דרמה,"[{""name"": ""מנחם גולן"", ""slug"": ""מנחם_גולן""}]",list_table,2,שייקה אופיר,שייקה_אופיר
"יהלומים_(סרט,_1975)",יהלומים,1975,דרמה,"[{""name"": ""מנחם גולן"", ""slug"": ""מנחם_גולן""}]",list_table,3,גדי יגיל,גדי_יגיל
"יהלומים_(סרט,_1975)",יהלומים,1975,דרמה,"[{""name"": ""מנחם גולן"", ""slug"": ""מנחם_גולן""}]",list_table,4,יוסף שילוח,יוסף_שילוח
שלושה_ואחת,שלושה ואחת,1975,דרמה,"[{""name"": ""מיכאל קאליק"", ""slug"": null}]",list_table,0,יונה אליאן,יונה_אליאן
שלושה_ואחת,שלושה ואחת,1975,דרמה,"[{""name"": ""מיכאל קאליק"", ""slug"": null}]",list_table,1,אסי דיין,אסי_דיין
שלושה_ואחת,שלושה ואחת,1975,דרמה,"[{""name"": ""מיכאל קאליק"", ""slug"": null}]",list_table,2,אורי לוי,אורי_לוי_(שחקן)
שלושה_ואחת,שלושה ואחת,1975,דרמה,"[{""name"": ""מיכאל קאליק"", ""slug"": null}]",list_table,3,אבישי אביבי,אבישי_אביבי
שלושה_ואחת,שלושה ואחת,1975,דרמה,"[{""name"": ""מיכאל קאליק"", ""slug"": null}]",list_table,4,רפי נלסון,רפי_נלסון
יופי_של_צרות!,יופי של צרות!,1976,קומדיה,"[{""name"": ""אסי דיין"", ""slug"": ""אסי_דיין""}]",list_table,0,זאב רווח,זאב_רווח
יופי_של_צרות!,יופי של צרות!,1976,קומדיה,"[{""name"": ""אסי דיין"", ""slug"": ""אסי_דיין""}]",list_table,1,יונה אליאן,יונה_אליאן
יופי_של_צרות!,יופי של צרות!,1976,קומדיה,"[{""name"": ""אסי דיין"", ""slug"": ""אסי_דיין""}]",list_table,2,טוביה צפיר,טוביה_צפיר
יופי_של_צרות!,יופי של צרות!,1976,קומדיה,"[{""name"": ""אסי דיין"", ""slug"": ""אסי_דיין""}]",list_table,3,גבי עמרני,גבי_עמרני
גבעת_חלפון_אינה_עונה,גבעת חלפון אינה עונה,1976,קומדיה,"[{""name"": ""אסי דיין"", ""slug"": ""אסי_דיין""}]",list_table,0,הגשש החיוור,הגשש_החיוור
גבעת_חלפון_אינה_עונה,גבעת חלפון אינה עונה,1976,קומדיה,"[{""name"": ""אסי דיין"", ""slug"": ""אסי_דיין""}]",list_table,1,ניצה שאול,ניצה_שאול
גבעת_חלפון_אינה_עונה,גבעת חלפון אינה עונה,1976,קומדיה,"[{""name"": ""אסי דיין"", ""slug"": ""אסי_דיין""}]",list_table,2,מיקי קם,מיקי_קם
גבעת_חלפון_אינה_עונה,גבעת חלפון אינה עונה,1976,קומדיה,"[{""name"": ""אסי דיין"", ""slug"": ""אסי_דיין""}]",list_table,3,טוביה צפיר,טוביה_צפיר
"ג'וקר_(סרט,_1976)",ג'וקר,1976,דרמה,"[{""name"": ""יצחק צפל ישורון"", ""slug"": ""יצחק_צפל_ישורון""}]",list_table,0,יהורם גאון,יהורם_גאון
לופו_בניו_יורק,לופו בניו יורק,1976,קומדיה,"[{""name"": ""בועז דוידזון"", ""slug"": ""בועז_דוידזון""}]",list_table,0,יהודה ברקן,יהודה_ברקן
לופו_בניו_יורק,לופו בניו יורק,1976,קומדיה,"[{""name"": ""בועז דוידזון"", ""slug"": ""בועז_דוידזון""}]",list_table,1,גבי עמרני,גבי_עמרני
לופו_בניו_יורק,לופו בניו יורק,1976,קומדיה,"[{""name"": ""בועז דוידזון"", ""slug"": ""בועז_דוידזון""}]",list_table,2,מוטי גלעדי,מוטי_גלעדי
מיכאל_שלי_(סרט),מיכאל שלי,1976,דרמה,"[{""name"": ""דן וולמן"", ""slug"": ""דן_וולמן""}]",list_table,0,עודד קוטלר,עודד_קוטלר
מיכאל_שלי_(סרט),מיכאל שלי,1976,דרמה,"[{""name"": ""דן וולמן"", ""slug"": ""דן_וולמן""}]",list_table,1,אפרת לביא,אפרת_לביא
משפחת_צנעני,משפחת צנעני,1976,קומדיה,"[{""name"": ""בועז דוידזון"", ""slug"": ""בועז_דוידזון""}]",list_table,0,גבי עמרני,גבי_עמרני
משפחת_צנעני,משפחת צנעני,1976,קומדיה,"[{""name"": ""בועז דוידזון"", ""slug"": ""בועז_דוידזון""}]",list_table,1,יוסף שילוח,יוסף_שילוח
משפחת_צנעני,משפחת צנעני,1976,קומדיה,"[{""name"": ""בועז דוידזון"", ""slug"": ""בועז_דוידזון""}]",list_table,2,לבנה פינקלשטיין,לבנה_פינקלשטיין
משפחת_צנעני,משפחת צנעני,1976,קומדיה,"[{""name"": ""בועז דוידזון"", ""slug"": ""בועז_דוידזון""}]",list_table,3,אלישבע מיכאלי,אלישבע_מיכאלי
משפחת_צנעני,משפחת צנעני,1976,קומדיה,"[{""name"": ""בועז דוידזון"", ""slug"": ""בועז_דוידזון""}]",list_table,4,חיים בנאי,חיים_בנאי
משפחת_צנעני,משפחת צנעני,1976,קומדיה,"[{""name"": ""בועז דוידזון"", ""slug"": ""בועז_דוידזון""}]",list_table,5,גאולה נוני,גאולה_נוני
קוני_למל_בתל_אביב,קוני למל בתל אביב,1976,קומדיה,"[{""name"": ""יואל זילברג"", ""slug"": ""יואל_זילברג""}]",list_table,0,מייק בורשטיין,מייק_בורשטיין
קוני_למל_בתל_אביב,קוני למל בתל אביב,1976,קומדיה,"[{""name"": ""יואל זילברג"", ""slug"": ""יואל_זילברג""}]",list_table,1,מנדי רייס-דייוויס,מנדי_רייס-דייוויס
קוני_למל_בתל_אביב,קוני למל בתל אביב,1976,קומדיה,"[{""name"": ""יואל זילברג"", ""slug"": ""יואל_זילברג""}]",list_table,2,יוסף באשי,יוסף_באשי_(שחקן)
קוני_למל_בתל_אביב,קוני למל בתל אביב,1976,קומדיה,"[{""name"": ""יואל זילברג"", ""slug"": ""יואל_זילברג""}]",list_table,3,זאב ברלינסקי,זאב_ברלינסקי
רק_היום,רק היום,1976,קומדיה,"[{""name"": ""זאב רווח"", ""slug"": ""זאב_רווח""}]",list_table,0,אפרת לביא,אפרת_לביא
רק_היום,רק היום,1976,קומדיה,"[{""name"": ""זאב רווח"", ""slug"": ""זאב_רווח""}]",list_table,1,ז'אק כהן,ז'אק_כהן
רק_היום,רק היום,1976,קומדיה,"[{""name"": ""זאב רווח"", ""slug"": ""זאב_רווח""}]",list_table,2,רפאל קלצ'קין,רפאל_קלצ'קין
רק_היום,רק היום,1976,קומדיה,"[{""name"": ""זאב רווח"", ""slug"": ""זאב_רווח""}]",list_table,3,אילן דר,אילן_דר
רק_היום,רק היום,1976,קומדיה,"[{""name"": ""זאב רווח"", ""slug"": ""זאב_רווח""}]",list_table,4,זאב רווח,
רחוב_60,רחוב 60,1976,דרמה,"[{""name"": ""ג'ורג' עובדיה"", ""slug"": ""ג'ורג'_עובדיה""}]",list_table,0,ששי קשת,ששי_קשת
רחוב_60,רחוב 60,1976,דרמה,"[{""name"": ""ג'ורג' עובדיה"", ""slug"": ""ג'ורג'_עובדיה""}]",list_table,1,יונה אליאן,יונה_אליאן
רחוב_60,רחוב 60,1976,דרמה,"[{""name"": ""ג'ורג' עובדיה"", ""slug"": ""ג'ורג'_עובדיה""}]",list_table,2,אריה אליאס,אריה_אליאס
רחוב_60,רחוב 60,1976,דרמה,"[{""name"": ""ג'ורג' עובדיה"", ""slug"": ""ג'ורג'_עובדיה""}]",list_table,3,יוסף שילוח,יוסף_שילוח
רחוב_60,רחוב 60,1976,דרמה,"[{""name"": ""ג'ורג' עובדיה"", ""slug"": ""ג'ורג'_עובדיה""}]",list_table,4,אתי גרוטס,אתי_גרוטס
בוא_נפוצץ_מיליון,בוא נפוצץ מיליון,1977,דרמה,"[{""name"": ""שמואל אימברמן"", ""slug"": ""שמואל_אימברמן""}]",list_table,0,יהודה ברקן,יהודה_ברקן
בוא_נפוצץ_מיליון,בוא נפוצץ מיליון,1977,דרמה,"[{""name"": ""שמואל אימברמן"", ""slug"": ""שמואל_אימברמן""}]",list_table,1,ראובן בר-יותם,ראובן_בר-יותם
בוא_נפוצץ_מיליון,בוא נפוצץ מיליון,1977,דרמה,"[{""name"": ""שמואל אימברמן"", ""slug"": ""שמואל_אימברמן""}]",list_table,2,ז'אק כהן,ז'אק_כהן
דודה_קלרה,דודה קלרה,1977,דרמה,"[{""name"": ""אברהם הפנר"", ""slug"": ""אברהם_הפנר""}]",list_table,0,חנה מרון,חנה_מרון
דודה_קלרה,דודה קלרה,1977,דרמה,"[{""name"": ""אברהם הפנר"", ""slug"": ""אברהם_הפנר""}]",list_table,1,עדנה פלידל,עדנה_פלידל
דודה_קלרה,דודה קלרה,1977,דרמה,"[{""name"": ""אברהם הפנר"", ""slug"": ""אברהם_הפנר""}]",list_table,2,רות סגל,רות_סגל
דודה_קלרה,דודה קלרה,1977,דרמה,"[{""name"": ""אברהם הפנר"", ""slug"": ""אברהם_הפנר""}]",list_table,3,מאיר פניגשטיין,מאיר_פניגשטיין
דודה_קלרה,דודה קלרה,1977,דרמה,"[{""name"": ""אברהם הפנר"", ""slug"": ""אברהם_הפנר""}]",list_table,4,יוסף כרמון,יוסף_כרמון
הגונב_מגנב_פטור,הגונב מגנב פטור,1977,קומדיה,"[{""name"": ""זאב רווח"", ""slug"": ""זאב_רווח""}]",list_table,0,ז'אק כהן,ז'אק_כהן
הגונב_מגנב_פטור,הגונב מגנב פטור,1977,קומדיה,"[{""name"": ""זאב רווח"", ""slug"": ""זאב_רווח""}]",list_table,1,אילן דר,אילן_דר
הגונב_מגנב_פטור,הגונב מגנב פטור,1977,קומדיה,"[{""name"": ""זאב רווח"", ""slug"": ""זאב_רווח""}]",list_table,2,שולה רווח,שולה_רווח
הגונב_מגנב_פטור,הגונב מגנב פטור,1977,קומדיה,"[{""name"": ""זאב רווח"", ""slug"": ""זאב_רווח""}]",list_table,3,שייקה אופיר,שייקה_אופיר
הגונב_מגנב_פטור,הגונב מגנב פטור,1977,קומדיה,"[{""name"": ""זאב רווח"", ""slug"": ""זאב_רווח""}]",list_table,4,זאב רווח,
הצילו_את_המציל,הצילו את המציל,1977,קומדיה,"[{""name"": ""איציק קול"", ""slug"": ""איציק_קול""}, {""name"": ""אורי זוהר"", ""slug"": ""אורי_זוהר""}]",list_table,0,גבי עמרני,גבי_עמרני
הצילו_את_המציל,הצילו את המציל,1977,קומדיה,"[{""name"": ""איציק קול"", ""slug"": ""איציק_קול""}, {""name"": ""אורי זוהר"", ""slug"": ""אורי_זוהר""}]",list_table,1,גילה אלמגור,גילה_אלמגור
הצילו_את_המציל,הצילו את המציל,1977,קומדיה,"[{""name"": ""איציק קול"", ""slug"": ""איציק_קול""}, {""name"": ""אורי זוהר"", ""slug"": ""אורי_זוהר""}]",list_table,2,יוסף שילוח,יוסף_שילוח
הצילו_את_המציל,הצילו את המציל,1977,קומדיה,"[{""name"": ""איציק קול"", ""slug"": ""איציק_קול""}, {""name"": ""אורי זוהר"", ""slug"": ""אורי_זוהר""}]",list_table,3,חנה לסלאו,חנה_לסלאו
הצילו_את_המציל,הצילו את המציל,1977,קומדיה,"[{""name"": ""איציק קול"", ""slug"": ""איציק_קול""}, {""name"": ""אורי זוהר"", ""slug"": ""אורי_זוהר""}]",list_table,4,אורי זוהר,
הרשלה_(סרט),הרשלה,1977,קומדיה,"[{""name"": ""יואל זילברג"", ""slug"": ""יואל_זילברג""}]",list_table,0,מייק בורשטיין,מייק_בורשטיין
הרשלה_(סרט),הרשלה,1977,קומדיה,"[{""name"": ""יואל זילברג"", ""slug"": ""יואל_זילברג""}]",list_table,1,אריה אליאס,אריה_אליאס
הרשלה_(סרט),הרשלה,1977,קומדיה,"[{""name"": ""יואל זילברג"", ""slug"": ""יואל_זילברג""}]",list_table,2,אסתי כץ,אסתי_כץ
הרשלה_(סרט),הרשלה,1977,קומדיה,"[{""name"": ""יואל זילברג"", ""slug"": ""יואל_זילברג""}]",list_table,3,אשר צרפתי,אשר_צרפתי
הרשלה_(סרט),הרשלה,1977,קומדיה,"[{""name"": ""יואל זילברג"", ""slug"": ""יואל_זילברג""}]",list_table,4,מנדי רייס-דייוויס,מנדי_רייס-דייוויס
חמש_מאות_אלף_שחור,חמש מאות אלף שחור,1977,דרמה,"[{""name"": ""שייקה אופיר"", ""slug"": ""שייקה_אופיר""}]",list_table,0,ז'אק כהן,ז'אק_כהן
חמש_מאות_אלף_שחור,חמש מאות אלף שחור,1977,דרמה,"[{""name"": ""שייקה אופיר"", ""slug"": ""שייקה_אופיר""}]",list_table,1,יוסף שילוח,יוסף_שילוח
חמש_מאות_אלף_שחור,חמש מאות אלף שחור,1977,דרמה,"[{""name"": ""שייקה אופיר"", ""slug"": ""שייקה_אופיר""}]",list_table,2,זאב רווח,זאב_רווח
חמש_מאות_אלף_שחור,חמש מאות אלף שחור,1977,דרמה,"[{""name"": ""שייקה אופיר"", ""slug"": ""שייקה_אופיר""}]",list_table,3,שייקה אופיר,
מבצע_יונתן_(סרט),מבצע יונתן,1977,דרמה,"[{""name"": ""מנחם גולן"", ""slug"": ""מנחם_גולן""}]",list_table,0,יהורם גאון,יהורם_גאון
מבצע_יונתן_(סרט),מבצע יונתן,1977,דרמה,"[{""name"": ""מנחם גולן"", ""slug"": ""מנחם_גולן""}]",list_table,1,אסי דיין,אסי_דיין
מבצע_יונתן_(סרט),מבצע יונתן,1977,דרמה,"[{""name"": ""מנחם גולן"", ""slug"": ""מנחם_גולן""}]",list_table,2,אריק לביא,אריק_לביא
מבצע_יונתן_(סרט),מבצע יונתן,1977,דרמה,"[{""name"": ""מנחם גולן"", ""slug"": ""מנחם_גולן""}]",list_table,3,קלאוס קינסקי,קלאוס_קינסקי
מבצע_יונתן_(סרט),מבצע יונתן,1977,דרמה,"[{""name"": ""מנחם גולן"", ""slug"": ""מנחם_גולן""}]",list_table,4,סיביל דאנינג,
מבצע_יונתן_(סרט),מבצע יונתן,1977,דרמה,"[{""name"": ""מנחם גולן"", ""slug"": ""מנחם_גולן""}]",list_table,5,דבורה קידר,
מסע_אלונקות_(סרט),מסע אלונקות,1977,דרמה,"[{""name"": ""יהודה נאמן"", ""slug"": ""יהודה_נאמן""}]",list_table,0,גידי גוב,גידי_גוב
מסע_אלונקות_(סרט),מסע אלונקות,1977,דרמה,"[{""name"": ""יהודה נאמן"", ""slug"": ""יהודה_נאמן""}]",list_table,1,מוני מושונוב,מוני_מושונוב
מסע_אלונקות_(סרט),מסע אלונקות,1977,דרמה,"[{""name"": ""יהודה נאמן"", ""slug"": ""יהודה_נאמן""}]",list_table,2,דב גליקמן,דב_גליקמן
מסע_אלונקות_(סרט),מסע אלונקות,1977,דרמה,"[{""name"": ""יהודה נאמן"", ""slug"": ""יהודה_נאמן""}]",list_table,3,שלמה בראבא,שלמה_בראבא
מסע_אלונקות_(סרט),מסע אלונקות,1977,דרמה,"[{""name"": ""יהודה נאמן"", ""slug"": ""יהודה_נאמן""}]",list_table,4,דליק ווליניץ,דליק_ווליניץ
בדרנית_בחצות,בדרנית בחצות,1977,קומדיה,"[{""name"": ""ג'ורג' עובדיה"", ""slug"": ""ג'ורג'_עובדיה""}]",list_table,0,צביקה פיק,צביקה_פיק
בדרנית_בחצות,בדרנית בחצות,1977,קומדיה,"[{""name"": ""ג'ורג' עובדיה"", ""slug"": ""ג'ורג'_עובדיה""}]",list_table,1,תיקי דיין,תיקי_דיין
בדרנית_בחצות,בדרנית בחצות,1977,קומדיה,"[{""name"": ""ג'ורג' עובדיה"", ""slug"": ""ג'ורג'_עובדיה""}]",list_table,2,לבנה פינקלשטיין,לבנה_פינקלשטיין
בדרנית_בחצות,בדרנית בחצות,1977,קומדיה,"[{""name"": ""ג'ורג' עובדיה"", ""slug"": ""ג'ורג'_עובדיה""}]",list_table,3,לילית נגר,לילית_נגר
הגן,הגן,1977,דרמה,"[{""name"": ""ויקטור נורד"", ""slug"": null}]",list_table,0,שייקה אופיר,שייקה_אופיר
הגן,הגן,1977,דרמה,"[{""name"": ""ויקטור נורד"", ""slug"": null}]",list_table,1,שושנה דואר,שושנה_דואר
הגן,הגן,1977,דרמה,"[{""name"": ""ויקטור נורד"", ""slug"": null}]",list_table,2,מלאני גריפית',מלאני_גריפית'
הגן,הגן,1977,דרמה,"[{""name"": ""ויקטור נורד"", ""slug"": null}]",list_table,3,צחי נוי,צחי_נוי
אסקימו_לימון_(סרט),אסקימו לימון,1978,קומדיה,"[{""name"": ""בועז דוידזון"", ""slug"": ""בועז_דוידזון""}]",list_table,0,יפתח קצור,יפתח_קצור
אסקימו_לימון_(סרט),אסקימו לימון,1978,קומדיה,"[{""name"": ""בועז דוידזון"", ""slug"": ""בועז_דוידזון""}]",list_table,1,צחי נוי,צחי_נוי
אסקימו_לימון_(סרט),אסקימו לימון,1978,קומדיה,"[{""name"": ""בועז דוידזון"", ""slug"": ""בועז_דוידזון""}]",list_table,2,יהונתן סגל,יהונתן_סגל
אסקימו_לימון_(סרט),אסקימו לימון,1978,קומדיה,"[{""name"": ""בועז דוידזון"", ""slug"": ""בועז_דוידזון""}]",list_table,3,ענת עצמון,ענת_עצמון
אסקימו_לימון_(סרט),אסקימו לימון,1978,קומדיה,"[{""name"": ""בועז דוידזון"", ""slug"": ""בועז_דוידזון""}]",list_table,4,דבורה קידר,
השועל_בלול_התרנגולות,השועל בלול התרנגולות,1978,דרמה,"[{""name"": ""אפרים קישון"", ""slug"": ""אפרים_קישון""}]",list_table,0,שייקה אופיר,שייקה_אופיר
השועל_בלול_התרנגולות,השועל בלול התרנגולות,1978,דרמה,"[{""name"": ""אפרים קישון"", ""slug"": ""אפרים_קישון""}]",list_table,1,ספי ריבלין,ספי_ריבלין
השועל_בלול_התרנגולות,השועל בלול התרנגולות,1978,דרמה,"[{""name"": ""אפרים קישון"", ""slug"": ""אפרים_קישון""}]",list_table,2,זהרירה חריפאי,זהרירה_חריפאי
השועל_בלול_התרנגולות,השועל בלול התרנגולות,1978,דרמה,"[{""name"": ""אפרים קישון"", ""slug"": ""אפרים_קישון""}]",list_table,3,גדעון זינגר,גדעון_זינגר
השועל_בלול_התרנגולות,השועל בלול התרנגולות,1978,דרמה,"[{""name"": ""אפרים קישון"", ""slug"": ""אפרים_קישון""}]",list_table,4,מוסקו אלקלעי,מוסקו_אלקלעי
השועל_בלול_התרנגולות,השועל בלול התרנגולות,1978,דרמה,"[{""name"": ""אפרים קישון"", ""slug"": ""אפרים_קישון""}]",list_table,5,ניצה שאול,ניצה_שאול
ישראלים_מצחיקים,ישראלים מצחיקים,1978,קומדיה,"[{""name"": ""בועז דוידזון"", ""slug"": ""בועז_דוידזון""}]",list_table,0,צבי שיסל,צבי_שיסל
ישראלים_מצחיקים,ישראלים מצחיקים,1978,קומדיה,"[{""name"": ""בועז דוידזון"", ""slug"": ""בועז_דוידזון""}]",list_table,1,בועז דוידזון,
מיליונר_בצרות,מיליונר בצרות,1978,קומדיה,"[{""name"": ""יואל זילברג"", ""slug"": ""יואל_זילברג""}]",list_table,0,יהודה ברקן,יהודה_ברקן
מיליונר_בצרות,מיליונר בצרות,1978,קומדיה,"[{""name"": ""יואל זילברג"", ""slug"": ""יואל_זילברג""}]",list_table,1,יעקב בודו,יעקב_בודו
מיליונר_בצרות,מיליונר בצרות,1978,קומדיה,"[{""name"": ""יואל זילברג"", ""slug"": ""יואל_זילברג""}]",list_table,2,מנדי רייס-דייוויס,מנדי_רייס-דייוויס
מיליונר_בצרות,מיליונר בצרות,1978,קומדיה,"[{""name"": ""יואל זילברג"", ""slug"": ""יואל_זילברג""}]",list_table,3,גדעון זינגר,גדעון_זינגר
מיליונר_בצרות,מיליונר בצרות,1978,קומדיה,"[{""name"": ""יואל זילברג"", ""slug"": ""יואל_זילברג""}]",list_table,4,עדנה פלידל,עדנה_פלידל
סוסעץ,סוסעץ,1978,דרמה,"[{""name"": ""יקי יושע"", ""slug"": ""יקי_יושע""}]",list_table,0,שמוליק קראוס,שמוליק_קראוס
סוסעץ,סוסעץ,1978,דרמה,"[{""name"": ""יקי יושע"", ""slug"": ""יקי_יושע""}]",list_table,1,גדליה בסר,גדליה_בסר
סוסעץ,סוסעץ,1978,דרמה,"[{""name"": ""יקי יושע"", ""slug"": ""יקי_יושע""}]",list_table,2,ג'וזי כץ,ג'וזי_כץ
סוסעץ,סוסעץ,1978,דרמה,"[{""name"": ""יקי יושע"", ""slug"": ""יקי_יושע""}]",list_table,3,נתן כוגן,נתן_כוגן
שרגא_קטן,שרגא קטן,1978,דרמה,"[{""name"": ""זאב רווח"", ""slug"": ""זאב_רווח""}]",list_table,0,ניצה שאול,ניצה_שאול
שרגא_קטן,שרגא קטן,1978,דרמה,"[{""name"": ""זאב רווח"", ""slug"": ""זאב_רווח""}]",list_table,1,צחי נוי,צחי_נוי
שרגא_קטן,שרגא קטן,1978,דרמה,"[{""name"": ""זאב רווח"", ""slug"": ""זאב_רווח""}]",list_table,2,זאב רווח,
בלפר_(סרט),בלפר,1978,דרמה,"[{""name"": ""יגאל בורשטיין"", ""slug"": ""יגאל_בורשטיין""}]",list_table,0,גדי יגיל,גדי_יגיל
בלפר_(סרט),בלפר,1978,דרמה,"[{""name"": ""יגאל בורשטיין"", ""slug"": ""יגאל_בורשטיין""}]",list_table,1,אבנר חזקיהו,אבנר_חזקיהו
בלפר_(סרט),בלפר,1978,דרמה,"[{""name"": ""יגאל בורשטיין"", ""slug"": ""יגאל_בורשטיין""}]",list_table,2,טליה שפירא,טליה_שפירא
בלפר_(סרט),בלפר,1978,דרמה,"[{""name"": ""יגאל בורשטיין"", ""slug"": ""יגאל_בורשטיין""}]",list_table,3,חנה לסלאו,חנה_לסלאו
הלהקה,הלהקה,1978,דרמה,"[{""name"": ""אבי נשר"", ""slug"": ""אבי_נשר""}]",list_table,0,גידי גוב,גידי_גוב
הלהקה,הלהקה,1978,דרמה,"[{""name"": ""אבי נשר"", ""slug"": ""אבי_נשר""}]",list_table,1,ששי קשת,ששי_קשת
הלהקה,הלהקה,1978,דרמה,"[{""name"": ""אבי נשר"", ""slug"": ""אבי_נשר""}]",list_table,2,מאיר סויסה,מאיר_סויסה
הלהקה,הלהקה,1978,דרמה,"[{""name"": ""אבי נשר"", ""slug"": ""אבי_נשר""}]",list_table,3,גלי עטרי,גלי_עטרי
הלהקה,הלהקה,1978,דרמה,"[{""name"": ""אבי נשר"", ""slug"": ""אבי_נשר""}]",list_table,4,חלי גולדנברג,חלי_גולדנברג
אמי_הגנרלית,אמי הגנרלית,1979,קומדיה,"[{""name"": ""יואל זילברג"", ""slug"": ""יואל_זילברג""}]",list_table,0,גילה אלמגור,גילה_אלמגור
אמי_הגנרלית,אמי הגנרלית,1979,קומדיה,"[{""name"": ""יואל זילברג"", ""slug"": ""יואל_זילברג""}]",list_table,1,אורי סלי,
אמי_הגנרלית,אמי הגנרלית,1979,קומדיה,"[{""name"": ""יואל זילברג"", ""slug"": ""יואל_זילברג""}]",list_table,2,גדעון זינגר,גדעון_זינגר
אמי_הגנרלית,אמי הגנרלית,1979,קומדיה,"[{""name"": ""יואל זילברג"", ""slug"": ""יואל_זילברג""}]",list_table,3,גילת אנקורי,גילת_אנקורי
אמי_הגנרלית,אמי הגנרלית,1979,קומדיה,"[{""name"": ""יואל זילברג"", ""slug"": ""יואל_זילברג""}]",list_table,4,צחי נוי,צחי_נוי
אסקימו_לימון_2_-_יוצאים_קבוע,אסקימו לימון 2 - יוצאים קבוע,1979,קומדיה,"[{""name"": ""בועז דוידזון"", ""slug"": ""בועז_דוידזון""}]",list_table,0,יפתח קצור,יפתח_קצור
אסקימו_לימון_2_-_יוצאים_קבוע,אסקימו לימון 2 - יוצאים קבוע,1979,קומדיה,"[{""name"": ""בועז דוידזון"", ""slug"": ""בועז_דוידזון""}]",list_table,1,צחי נוי,צחי_נוי
אסקימו_לימון_2_-_יוצאים_קבוע,אסקימו לימון 2 - יוצאים קבוע,1979,קומדיה,"[{""name"": ""בועז דוידזון"", ""slug"": ""בועז_דוידזון""}]",list_table,2,יהונתן סגל,יהונתן_סגל
אסקימו_לימון_2_-_יוצאים_קבוע,אסקימו לימון 2 - יוצאים קבוע,1979,קומדיה,"[{""name"": ""בועז דוידזון"", ""slug"": ""בועז_דוידזון""}]",list_table,3,איבון מיקלוש,איבון_מיקלוש
אסקימו_לימון_2_-_יוצאים_קבוע,אסקימו לימון 2 - יוצאים קבוע,1979,קומדיה,"[{""name"": ""בועז דוידזון"", ""slug"": ""בועז_דוידזון""}]",list_table,4,דבורה קידר,
דיזנגוף_99,דיזנגוף 99,1979,דרמה,"[{""name"": ""אבי נשר"", ""slug"": ""אבי_נשר""}]",list_table,0,גלי עטרי,גלי_עטרי
דיזנגוף_99,דיזנגוף 99,1979,דרמה,"[{""name"": ""אבי נשר"", ""slug"": ""אבי_נשר""}]",list_table,1,גידי גוב,גידי_גוב
דיזנגוף_99,דיזנגוף 99,1979,דרמה,"[{""name"": ""אבי נשר"", ""slug"": ""אבי_נשר""}]",list_table,2,מאיר סויסה,מאיר_סויסה
דיזנגוף_99,דיזנגוף 99,1979,דרמה,"[{""name"": ""אבי נשר"", ""slug"": ""אבי_נשר""}]",list_table,3,ענת עצמון,ענת_עצמון
טעות_במספר,טעות במספר,1979,קומדיה,"[{""name"": ""זאב רווח"", ""slug"": ""זאב_רווח""}]",list_table,0,ישראל גוריון,ישראל_גוריון
טעות_במספר,טעות במספר,1979,קומדיה,"[{""name"": ""זאב רווח"", ""slug"": ""זאב_רווח""}]",list_table,1,שייקה אופיר,שייקה_אופיר
טעות_במספר,טעות במספר,1979,קומדיה,"[{""name"": ""זאב רווח"", ""slug"": ""זאב_רווח""}]",list_table,2,גדעון זינגר,גדעון_זינגר
טעות_במספר,טעות במספר,1979,קומדיה,"[{""name"": ""זאב רווח"", ""slug"": ""זאב_רווח""}]",list_table,3,זאב רווח,
לא_לעלות_יותר,לא לעלות יותר,1979,קומדיה,"[{""name"": ""זאב רווח"", ""slug"": ""זאב_רווח""}]",list_table,0,גאולה נוני,גאולה_נוני
לא_לעלות_יותר,לא לעלות יותר,1979,קומדיה,"[{""name"": ""זאב רווח"", ""slug"": ""זאב_רווח""}]",list_table,1,זאב רווח,
נישואין_נוסח_תל_אביב,נישואין נוסח תל אביב,1979,קומדיה,"[{""name"": ""יואל זילברג"", ""slug"": ""יואל_זילברג""}]",list_table,0,טוביה צפיר,טוביה_צפיר
נישואין_נוסח_תל_אביב,נישואין נוסח תל אביב,1979,קומדיה,"[{""name"": ""יואל זילברג"", ""slug"": ""יואל_זילברג""}]",list_table,1,יוסף שילוח,יוסף_שילוח
נישואין_נוסח_תל_אביב,נישואין נוסח תל אביב,1979,קומדיה,"[{""name"": ""יואל זילברג"", ""slug"": ""יואל_זילברג""}]",list_table,2,מירי אלוני,מירי_אלוני
נישואין_נוסח_תל_אביב,נישואין נוסח תל אביב,1979,קומדיה,"[{""name"": ""יואל זילברג"", ""slug"": ""יואל_זילברג""}]",list_table,3,גילת אנקורי,גילת_אנקורי
נערת_הפרברים,נערת הפרברים,1979,דרמה,"[{""name"": ""ג'ורג' עובדיה"", ""slug"": ""ג'ורג'_עובדיה""}]",list_table,0,עפרה חזה,עפרה_חזה
נערת_הפרברים,נערת הפרברים,1979,דרמה,"[{""name"": ""ג'ורג' עובדיה"", ""slug"": ""ג'ורג'_עובדיה""}]",list_table,1,אורי סלי,
נערת_הפרברים,נערת הפרברים,1979,דרמה,"[{""name"": ""ג'ורג' עובדיה"", ""slug"": ""ג'ורג'_עובדיה""}]",list_table,2,אבנר דן,אבנר_דן
נערת_הפרברים,נערת הפרברים,1979,דרמה,"[{""name"": ""ג'ורג' עובדיה"", ""slug"": ""ג'ורג'_עובדיה""}]",list_table,3,מנחם עיני,מנחם_עיני
רובה_חוליות,רובה חוליות,1979,דרמה,"[{""name"": ""אילן מושנזון"", ""slug"": ""אילן_מושנזון""}]",list_table,0,אריק רוזן,
רובה_חוליות,רובה חוליות,1979,דרמה,"[{""name"": ""אילן מושנזון"", ""slug"": ""אילן_מושנזון""}]",list_table,1,אופליה שטראל,אופליה_שטראל
רובה_חוליות,רובה חוליות,1979,דרמה,"[{""name"": ""אילן מושנזון"", ""slug"": ""אילן_מושנזון""}]",list_table,2,יהודית סולה,יהודית_סולה
שלאגר_(סרט),שלאגר,1979,קומדיה,"[{""name"": ""אסי דיין"", ""slug"": ""אסי_דיין""}]",list_table,0,הגשש החיוור,הגשש_החיוור
שלאגר_(סרט),שלאגר,1979,קומדיה,"[{""name"": ""אסי דיין"", ""slug"": ""אסי_דיין""}]",list_table,1,עפרה חזה,עפרה_חזה
שלאגר_(סרט),שלאגר,1979,קומדיה,"[{""name"": ""אסי דיין"", ""slug"": ""אסי_דיין""}]",list_table,2,שולה רווח,שולה_רווח
שלאגר_(סרט),שלאגר,1979,קומדיה,"[{""name"": ""אסי דיין"", ""slug"": ""אסי_דיין""}]",list_table,3,מנחם זילברמן,מנחם_זילברמן
אל_תשאלי_אם_אני_אוהב,אל תשאלי אם אני אוהב,1979,,"[{""name"": ""ברברה נובל"", ""slug"": null}]",list_table,0,עמוס לביא,עמוס_לביא
__title__:אהבה כוזבת__1980,אהבה כוזבת,1980,,"[{""name"": ""עוזי פרס"", ""slug"": null}]",list_table,0,מאתייה אורטליב,
__title__:אהבה כוזבת__1980,אהבה כוזבת,1980,,"[{""name"": ""עוזי פרס"", ""slug"": null}]",list_table,1,סילבי קון,
הפחדנים,הפחדנים,1980,קומדיה,"[{""name"": ""אבי נשר"", ""slug"": null}]",list_table,0,חלי גולדנברג,חלי_גולדנברג
הפחדנים,הפחדנים,1980,קומדיה,"[{""name"": ""אבי נשר"", ""slug"": null}]",list_table,1,מאיר סויסה,מאיר_סויסה
"חייך,_אכלת_אותה","חייך, אכלת אותה",1980,קומדיה,"[{""name"": ""יהודה ברקן"", ""slug"": null}, {""name"": ""יגאל שילון"", ""slug"": null}]",list_table,0,יהודה ברקן,
חמש_חמש,חמש חמש,1980,דרמה,"[{""name"": ""שמואל אימברמן"", ""slug"": null}]",list_table,0,גילת אנקורי,גילת_אנקורי
חמש_חמש,חמש חמש,1980,דרמה,"[{""name"": ""שמואל אימברמן"", ""slug"": null}]",list_table,1,אלי גורנשטיין,אלי_גורנשטיין
חמש_חמש,חמש חמש,1980,דרמה,"[{""name"": ""שמואל אימברמן"", ""slug"": null}]",list_table,2,דליק ווליניץ,דליק_ווליניץ
כוכב_השחר_(סרט),כוכב השחר,1980,דרמה,"[{""name"": ""עקיבא ברקין"", ""slug"": null}]",list_table,0,אשר צרפתי,אשר_צרפתי
כוכב_השחר_(סרט),כוכב השחר,1980,דרמה,"[{""name"": ""עקיבא ברקין"", ""slug"": null}]",list_table,1,נועם קניאל,נועם_קניאל
כוכב_השחר_(סרט),כוכב השחר,1980,דרמה,"[{""name"": ""עקיבא ברקין"", ""slug"": null}]",list_table,2,יוסף שילוח,יוסף_שילוח
כוכב_השחר_(סרט),כוכב השחר,1980,דרמה,"[{""name"": ""עקיבא ברקין"", ""slug"": null}]",list_table,3,אריה אליאס,אריה_אליאס
"מחבואים_(סרט,_1980)",מחבואים,1980,דרמה,"[{""name"": ""דן וולמן"", ""slug"": null}]",list_table,0,גילה אלמגור,גילה_אלמגור
מלך_ליום_אחד_(סרט),מלך ליום אחד,1980,קומדיה,"[{""name"": ""יקי יושע"", ""slug"": ""יקי_יושע""}]",list_table,0,גבי עמרני,גבי_עמרני
מלך_ליום_אחד_(סרט),מלך ליום אחד,1980,קומדיה,"[{""name"": ""יקי יושע"", ""slug"": ""יקי_יושע""}]",list_table,1,חנן גולדבלט,חנן_גולדבלט
מלך_ליום_אחד_(סרט),מלך ליום אחד,1980,קומדיה,"[{""name"": ""יקי יושע"", ""slug"": ""יקי_יושע""}]",list_table,2,מוסקו אלקלעי,מוסקו_אלקלעי
על_חבל_דק,על חבל דק,1980,דרמה,"[{""name"": ""מיכל בת-אדם"", ""slug"": null}]",list_table,0,גילה אלמגור,גילה_אלמגור
פצעי_בגרות_80,פצעי בגרות 80,1980,דרמה,"[{""name"": ""זאב רווח"", ""slug"": null}]",list_table,0,שרון אלכסנדר,שרון_אלכסנדר
פצעי_בגרות_80,פצעי בגרות 80,1980,דרמה,"[{""name"": ""זאב רווח"", ""slug"": null}]",list_table,1,דליה שימקו,דליה_שימקו
אסקימו_לימון_3_-_שפשוף_נעים,אסקימו לימון 3 - שפשוף נעים,1981,קומדיה,"[{""name"": ""בועז דוידזון"", ""slug"": null}]",list_table,0,יפתח קצור,יפתח_קצור
אסקימו_לימון_3_-_שפשוף_נעים,אסקימו לימון 3 - שפשוף נעים,1981,קומדיה,"[{""name"": ""בועז דוידזון"", ""slug"": null}]",list_table,1,צחי נוי,צחי_נוי
אסקימו_לימון_3_-_שפשוף_נעים,אסקימו לימון 3 - שפשוף נעים,1981,קומדיה,"[{""name"": ""בועז דוידזון"", ""slug"": null}]",list_table,2,יהונתן סגל,יהונתן_סגל
אסקימו_לימון_3_-_שפשוף_נעים,אסקימו לימון 3 - שפשוף נעים,1981,קומדיה,"[{""name"": ""בועז דוידזון"", ""slug"": null}]",list_table,3,דבורה קידר,
האיש_שבא_לקחת,האיש שבא לקחת,1981,דרמה,"[{""name"": ""פרוספר פריינטה"", ""slug"": null}]",list_table,0,זאב רווח,זאב_רווח
האיש_שבא_לקחת,האיש שבא לקחת,1981,דרמה,"[{""name"": ""פרוספר פריינטה"", ""slug"": null}]",list_table,1,יוסי וירז'נסקי,יוסי_וירז'נסקי
האיש_שבא_לקחת,האיש שבא לקחת,1981,דרמה,"[{""name"": ""פרוספר פריינטה"", ""slug"": null}]",list_table,2,אסי דיין,אסי_דיין
העיט,העיט,1981,דרמה,"[{""name"": ""יקי יושע"", ""slug"": null}]",list_table,0,שרגא הרפז,שרגא_הרפז
העיט,העיט,1981,דרמה,"[{""name"": ""יקי יושע"", ""slug"": null}]",list_table,1,שמעון פינקל,שמעון_פינקל
העיט,העיט,1981,דרמה,"[{""name"": ""יקי יושע"", ""slug"": null}]",list_table,2,ניצה שאול,ניצה_שאול
לא_לשידור,לא לשידור,1981,דרמה,"[{""name"": ""יעוד לבנון"", ""slug"": null}]",list_table,0,גדליה בסר,גדליה_בסר
לא_לשידור,לא לשידור,1981,דרמה,"[{""name"": ""יעוד לבנון"", ""slug"": null}]",list_table,1,עמי טראוב,עמי_טראוב
לא_לשידור,לא לשידור,1981,דרמה,"[{""name"": ""יעוד לבנון"", ""slug"": null}]",list_table,2,עירית שלג,עירית_שלג
לא_לשידור,לא לשידור,1981,דרמה,"[{""name"": ""יעוד לבנון"", ""slug"": null}]",list_table,3,גילה אלמגור,גילה_אלמגור
מסג'יסט_הצמרת,מסג'יסט הצמרת,1981,קומדיה,"[{""name"": ""אלפרד שטיינהרדט"", ""slug"": ""אלפרד_שטיינהרדט""}]",list_table,0,דובי גל,דובי_גל
מסג'יסט_הצמרת,מסג'יסט הצמרת,1981,קומדיה,"[{""name"": ""אלפרד שטיינהרדט"", ""slug"": ""אלפרד_שטיינהרדט""}]",list_table,1,אלברט כהן,אלברט_כהן
מסג'יסט_הצמרת,מסג'יסט הצמרת,1981,קומדיה,"[{""name"": ""אלפרד שטיינהרדט"", ""slug"": ""אלפרד_שטיינהרדט""}]",list_table,2,יוסף שילוח,יוסף_שילוח
סופו_של_מילטון_לוי,סופו של מילטון לוי,1981,דרמה,"[{""name"": ""נסים דיין"", ""slug"": null}]",list_table,0,אושיק לוי,אושיק_לוי
סופו_של_מילטון_לוי,סופו של מילטון לוי,1981,דרמה,"[{""name"": ""נסים דיין"", ""slug"": null}]",list_table,1,דב גליקמן,דב_גליקמן
סיפור_אינטימי,סיפור אינטימי,1981,דרמה,"[{""name"": ""נדב לויתן"", ""slug"": null}]",list_table,0,חוה אלברשטיין,חוה_אלברשטיין
סיפור_אינטימי,סיפור אינטימי,1981,דרמה,"[{""name"": ""נדב לויתן"", ""slug"": null}]",list_table,1,אלכס פלג,אלכס_פלג
סיפור_אינטימי,סיפור אינטימי,1981,דרמה,"[{""name"": ""נדב לויתן"", ""slug"": null}]",list_table,2,דן תורן,דן_תורן
עם_ישראל_חי_(סרט),עם ישראל חי,1981,דרמה,"[{""name"": ""אסי דיין"", ""slug"": null}]",list_table,0,חנן גולדבלט,חנן_גולדבלט
עם_ישראל_חי_(סרט),עם ישראל חי,1981,דרמה,"[{""name"": ""אסי דיין"", ""slug"": null}]",list_table,1,אייל גפן,אייל_גפן
עם_ישראל_חי_(סרט),עם ישראל חי,1981,דרמה,"[{""name"": ""אסי דיין"", ""slug"": null}]",list_table,2,חנה לסלאו,חנה_לסלאו
שגעון_של_אבא,שגעון של אבא,1981,קומדיה,"[{""name"": ""אלי שגיא"", ""slug"": null}]",list_table,0,גבי עמרני,גבי_עמרני
שגעון_של_אבא,שגעון של אבא,1981,קומדיה,"[{""name"": ""אלי שגיא"", ""slug"": null}]",list_table,1,שושיק שני,שושיק_שני
שגעון_של_אבא,שגעון של אבא,1981,קומדיה,"[{""name"": ""אלי שגיא"", ""slug"": null}]",list_table,2,ששי קשת,ששי_קשת
__title__:שדר מן העתיד__1981,שדר מן העתיד,1981,מדע בדיוני,"[{""name"": ""דוד אבידן"", ""slug"": null}]",list_table,0,ג'וזף בי,
__title__:שדר מן העתיד__1981,שדר מן העתיד,1981,מדע בדיוני,"[{""name"": ""דוד אבידן"", ""slug"": null}]",list_table,1,אבי יקיר,אבי_יקיר
__title__:שדר מן העתיד__1981,שדר מן העתיד,1981,מדע בדיוני,"[{""name"": ""דוד אבידן"", ""slug"": null}]",list_table,2,אביבה מרקס,אביבה_מרקס
__title__:שדר מן העתיד__1981,שדר מן העתיד,1981,מדע בדיוני,"[{""name"": ""דוד אבידן"", ""slug"": null}]",list_table,3,דוד אבידן,
אדון_לאון,אדון לאון,1982,קומדיה,"[{""name"": ""זאב רווח"", ""slug"": null}]",list_table,0,מאיר סוויסה,מאיר_סוויסה
אדון_לאון,אדון לאון,1982,קומדיה,"[{""name"": ""זאב רווח"", ""slug"": null}]",list_table,1,משה איבגי,משה_איבגי
אדון_לאון,אדון לאון,1982,קומדיה,"[{""name"": ""זאב רווח"", ""slug"": null}]",list_table,2,זאב רווח,
אהבה_אילמת,אהבה אילמת,1982,דרמה,"[{""name"": ""יואל זילברג"", ""slug"": ""יואל_זילברג""}]",list_table,0,שרגא הרפז,שרגא_הרפז
אהבה_אילמת,אהבה אילמת,1982,דרמה,"[{""name"": ""יואל זילברג"", ""slug"": ""יואל_זילברג""}]",list_table,1,אביבה גר,אביבה_גר
אהבה_אילמת,אהבה אילמת,1982,דרמה,"[{""name"": ""יואל זילברג"", ""slug"": ""יואל_זילברג""}]",list_table,2,אשר צרפתי,אשר_צרפתי
אהבה_אילמת,אהבה אילמת,1982,דרמה,"[{""name"": ""יואל זילברג"", ""slug"": ""יואל_זילברג""}]",list_table,3,לשה רוזנברג,
אהבה_אילמת,אהבה אילמת,1982,דרמה,"[{""name"": ""יואל זילברג"", ""slug"": ""יואל_זילברג""}]",list_table,4,מירי אלוני,מירי_אלוני
אהבה_ראשונה_(סרט),אהבה ראשונה,1982,דרמה,"[{""name"": ""עוזי פרס"", ""slug"": null}]",list_table,0,גילה אלמגור,גילה_אלמגור
אהבה_ראשונה_(סרט),אהבה ראשונה,1982,דרמה,"[{""name"": ""עוזי פרס"", ""slug"": null}]",list_table,1,יפתח קצור,יפתח_קצור
אהבה_ראשונה_(סרט),אהבה ראשונה,1982,דרמה,"[{""name"": ""עוזי פרס"", ""slug"": null}]",list_table,2,חנן גולדבלט,חנן_גולדבלט
אהבה_ראשונה_(סרט),אהבה ראשונה,1982,דרמה,"[{""name"": ""עוזי פרס"", ""slug"": null}]",list_table,3,דבי הס,דבי_הס
אהבה_ראשונה_(סרט),אהבה ראשונה,1982,דרמה,"[{""name"": ""עוזי פרס"", ""slug"": null}]",list_table,4,אורי לוי,אורי_לוי_(שחקן)
אות_קין_(סרט),אות קין,1982,דרמה,"[{""name"": ""אורי ברבש"", ""slug"": null}]",list_table,0,ארנון צדוק,ארנון_צדוק
אות_קין_(סרט),אות קין,1982,דרמה,"[{""name"": ""אורי ברבש"", ""slug"": null}]",list_table,1,דליק ווליניץ,דליק_ווליניץ
אות_קין_(סרט),אות קין,1982,דרמה,"[{""name"": ""אורי ברבש"", ""slug"": null}]",list_table,2,עפרה וינגרטן,עפרה_וינגרטן
בן_לוקח_בת,בן לוקח בת,1982,דרמה,"[{""name"": ""מיכל בת-אדם"", ""slug"": null}]",list_table,0,מיכל בת-אדם,
גבי_בן_יקר,גבי בן יקר,1982,דרמה,"[{""name"": ""אורי ברבש"", ""slug"": ""אורי_ברבש""}]",list_table,0,משה איבגי,משה_איבגי
כביש_ללא_מוצא_(סרט),כביש ללא מוצא,1982,דרמה,"[{""name"": ""יקי יושע"", ""slug"": null}]",list_table,0,יהורם גאון,יהורם_גאון
כביש_ללא_מוצא_(סרט),כביש ללא מוצא,1982,דרמה,"[{""name"": ""יקי יושע"", ""slug"": null}]",list_table,1,ענת עצמון,ענת_עצמון
כביש_ללא_מוצא_(סרט),כביש ללא מוצא,1982,דרמה,"[{""name"": ""יקי יושע"", ""slug"": null}]",list_table,2,גילה אלמגור,גילה_אלמגור
כשנותנים_-_קח!,כשנותנים - קח!,1982,,"[{""name"": ""אלפרד שטיינהארדט"", ""slug"": ""אלפרד_שטיינהארדט""}]",list_table,0,יעקב בודו,יעקב_בודו
כשנותנים_-_קח!,כשנותנים - קח!,1982,,"[{""name"": ""אלפרד שטיינהארדט"", ""slug"": ""אלפרד_שטיינהארדט""}]",list_table,1,רחל דיין,
מתחת_לאף,מתחת לאף,1982,דרמה,"[{""name"": ""יעקב גולדווסר"", ""slug"": ""יעקב_גולדווסר""}]",list_table,0,אורי גבריאל,אורי_גבריאל
מתחת_לאף,מתחת לאף,1982,דרמה,"[{""name"": ""יעקב גולדווסר"", ""slug"": ""יעקב_גולדווסר""}]",list_table,1,משה איבגי,משה_איבגי
נועה_בת_17,נועה בת 17,1982,דרמה,"[{""name"": ""יצחק צפל ישורון"", ""slug"": null}]",list_table,0,דליה שימקו,דליה_שימקו
צלילה_חוזרת,צלילה חוזרת,1982,דרמה,"[{""name"": ""שמעון דותן"", ""slug"": null}]",list_table,0,דורון נשר,דורון_נשר
צלילה_חוזרת,צלילה חוזרת,1982,דרמה,"[{""name"": ""שמעון דותן"", ""slug"": null}]",list_table,1,בתיה רוזנטל,בתיה_רוזנטל
אסקימו_לימון_4_-_ספיחס,אסקימו לימון 4 - ספיחס,1982,קומדיה,"[{""name"": ""בועז דוידזון"", ""slug"": null}]",list_table,0,יפתח קצור,יפתח_קצור
אסקימו_לימון_4_-_ספיחס,אסקימו לימון 4 - ספיחס,1982,קומדיה,"[{""name"": ""בועז דוידזון"", ""slug"": null}]",list_table,1,צחי נוי,צחי_נוי
אסקימו_לימון_4_-_ספיחס,אסקימו לימון 4 - ספיחס,1982,קומדיה,"[{""name"": ""בועז דוידזון"", ""slug"": null}]",list_table,2,יהונתן סגל,יהונתן_סגל
אסקימו_לימון_4_-_ספיחס,אסקימו לימון 4 - ספיחס,1982,קומדיה,"[{""name"": ""בועז דוידזון"", ""slug"": null}]",list_table,3,יוסף שילוח,יוסף_שילוח
אסקימו_לימון_4_-_ספיחס,אסקימו לימון 4 - ספיחס,1982,קומדיה,"[{""name"": ""בועז דוידזון"", ""slug"": null}]",list_table,4,דבורה קידר,
בחינת_בגרות_(סרט),בחינת בגרות,1983,דרמה,"[{""name"": ""אסי דיין"", ""slug"": null}]",list_table,0,דן תורן,דן_תורן
בחינת_בגרות_(סרט),בחינת בגרות,1983,דרמה,"[{""name"": ""אסי דיין"", ""slug"": null}]",list_table,1,עירית פרנק,עירית_פרנק
נורית_2,נורית 2,1983,דרמה,"[{""name"": ""ג'ורג' עובדיה"", ""slug"": null}]",list_table,0,איתן מסורי,איתן_מסורי
נורית_2,נורית 2,1983,דרמה,"[{""name"": ""ג'ורג' עובדיה"", ""slug"": null}]",list_table,1,מוניקה טסלר,מוניקה_טסלר
נורית_2,נורית 2,1983,דרמה,"[{""name"": ""ג'ורג' עובדיה"", ""slug"": null}]",list_table,2,אריה אליאס,אריה_אליאס
נורית_2,נורית 2,1983,דרמה,"[{""name"": ""ג'ורג' עובדיה"", ""slug"": null}]",list_table,3,יעקב בן סירא,יעקב_בן_סירא
נורית_2,נורית 2,1983,דרמה,"[{""name"": ""ג'ורג' עובדיה"", ""slug"": null}]",list_table,4,שלמה גולדברג,שלמה_גולדברג
המגילה_83,המגילה 83,1983,דרמה,"[{""name"": ""אילן אלדד"", ""slug"": null}]",list_table,0,שלמה בראבא,שלמה_בראבא
המגילה_83,המגילה 83,1983,דרמה,"[{""name"": ""אילן אלדד"", ""slug"": null}]",list_table,1,יונתן סגל,יונתן_סגל
המגילה_83,המגילה 83,1983,דרמה,"[{""name"": ""אילן אלדד"", ""slug"": null}]",list_table,2,אביבה פז,אביבה_פז
המגילה_83,המגילה 83,1983,דרמה,"[{""name"": ""אילן אלדד"", ""slug"": null}]",list_table,3,ניצה שאול,ניצה_שאול
המגילה_83,המגילה 83,1983,דרמה,"[{""name"": ""אילן אלדד"", ""slug"": null}]",list_table,4,אלברט כהן,אלברט_כהן
הפנימייה,הפנימייה,1983,דרמה,"[{""name"": ""יעוד לבנון"", ""slug"": ""יעוד_לבנון""}]",list_table,0,אלון אבוטבול,אלון_אבוטבול
הפנימייה,הפנימייה,1983,דרמה,"[{""name"": ""יעוד לבנון"", ""slug"": ""יעוד_לבנון""}]",list_table,1,אורי ורדי,אורי_ורדי
הפנימייה,הפנימייה,1983,דרמה,"[{""name"": ""יעוד לבנון"", ""slug"": ""יעוד_לבנון""}]",list_table,2,בן לוין,בן_לוין
הפנימייה,הפנימייה,1983,דרמה,"[{""name"": ""יעוד לבנון"", ""slug"": ""יעוד_לבנון""}]",list_table,3,סמדר קילצ'ינסקי,סמדר_קילצ'ינסקי
זוג_נשוי,זוג נשוי,1983,דרמה,"[{""name"": ""יצחק צפל ישורון"", ""slug"": null}]",list_table,0,ירון לונדון,ירון_לונדון
זוג_נשוי,זוג נשוי,1983,דרמה,"[{""name"": ""יצחק צפל ישורון"", ""slug"": null}]",list_table,1,מירי פביאן,מירי_פביאן
מגש_הכסף_(סרט),מגש הכסף,1983,דרמה,"[{""name"": ""יהודה נאמן"", ""slug"": ""יהודה_נאמן""}]",list_table,0,גידי גוב,גידי_גוב
סבבה_(סרט),סבבה,1983,קומדיה,"[{""name"": ""צבי שיסל"", ""slug"": ""צבי_שיסל""}]",list_table,0,צחי נוי,צחי_נוי
סבבה_(סרט),סבבה,1983,קומדיה,"[{""name"": ""צבי שיסל"", ""slug"": ""צבי_שיסל""}]",list_table,1,יוסף שילוח,יוסף_שילוח
קוני_למל_בקהיר,קוני למל בקהיר,1983,קומדיה,"[{""name"": ""יואל זילברג"", ""slug"": null}]",list_table,0,מייק בורשטיין,מייק_בורשטיין
קוני_למל_בקהיר,קוני למל בקהיר,1983,קומדיה,"[{""name"": ""יואל זילברג"", ""slug"": null}]",list_table,1,חנה לסלאו,חנה_לסלאו
קוני_למל_בקהיר,קוני למל בקהיר,1983,קומדיה,"[{""name"": ""יואל זילברג"", ""slug"": null}]",list_table,2,משה איבגי,משה_איבגי
קוני_למל_בקהיר,קוני למל בקהיר,1983,קומדיה,"[{""name"": ""יואל זילברג"", ""slug"": null}]",list_table,3,אורי גבריאל,אורי_גבריאל
קוני_למל_בקהיר,קוני למל בקהיר,1983,קומדיה,"[{""name"": ""יואל זילברג"", ""slug"": null}]",list_table,4,אברהם מור,אברהם_מור
__title__:עובדים על העולם__1983,עובדים על העולם,1983,קומדיה,"[{""name"": ""אלן יעקובוביץ'"", ""slug"": null}]",list_table,0,דורי בן זאב,דורי_בן_זאב
__title__:עובדים על העולם__1983,עובדים על העולם,1983,קומדיה,"[{""name"": ""אלן יעקובוביץ'"", ""slug"": null}]",list_table,1,מאיר סויסה,מאיר_סויסה
אני_והמאהב_של_אשתי,אני והמאהב של אשתי,1983,דרמה,"[{""name"": ""עוזי פרס"", ""slug"": null}]",list_table,0,אושיק לוי,אושיק_לוי
אני_והמאהב_של_אשתי,אני והמאהב של אשתי,1983,דרמה,"[{""name"": ""עוזי פרס"", ""slug"": null}]",list_table,1,עמוס לביא,עמוס_לביא
אני_והמאהב_של_אשתי,אני והמאהב של אשתי,1983,דרמה,"[{""name"": ""עוזי פרס"", ""slug"": null}]",list_table,2,רחל דיין,רחל_דיין_(שחקנית)
אני_והמאהב_של_אשתי,אני והמאהב של אשתי,1983,דרמה,"[{""name"": ""עוזי פרס"", ""slug"": null}]",list_table,3,אלברט כהן,אלברט_כהן
אני_והמאהב_של_אשתי,אני והמאהב של אשתי,1983,דרמה,"[{""name"": ""עוזי פרס"", ""slug"": null}]",list_table,4,אסי הנגבי,אסי_הנגבי
אני_והמאהב_של_אשתי,אני והמאהב של אשתי,1983,דרמה,"[{""name"": ""עוזי פרס"", ""slug"": null}]",list_table,5,שמואל סגל,שמואל_סגל_(שחקן)
אני_והמאהב_של_אשתי,אני והמאהב של אשתי,1983,דרמה,"[{""name"": ""עוזי פרס"", ""slug"": null}]",list_table,6,דינה לימון,דינה_לימון
אני_והמאהב_של_אשתי,אני והמאהב של אשתי,1983,דרמה,"[{""name"": ""עוזי פרס"", ""slug"": null}]",list_table,7,מירי פביאן,מירי_פביאן
__title__:אדמה חמה__1984,אדמה חמה,1984,דרמה,"[{""name"": ""סרג' אנקרי"", ""slug"": null}]",list_table,0,מאיר סויסה,מאיר_סויסה
אסקימו_לימון_5_-_רומן_זעיר,אסקימו לימון 5 - רומן זעיר,1984,קומדיה,"[{""name"": ""דן וולמן"", ""slug"": ""דן_וולמן""}]",list_table,0,יפתח קצור,יפתח_קצור
אסקימו_לימון_5_-_רומן_זעיר,אסקימו לימון 5 - רומן זעיר,1984,קומדיה,"[{""name"": ""דן וולמן"", ""slug"": ""דן_וולמן""}]",list_table,1,צחי נוי,צחי_נוי
אסקימו_לימון_5_-_רומן_זעיר,אסקימו לימון 5 - רומן זעיר,1984,קומדיה,"[{""name"": ""דן וולמן"", ""slug"": ""דן_וולמן""}]",list_table,2,יהונתן סגל,יהונתן_סגל
אסקימו_לימון_5_-_רומן_זעיר,אסקימו לימון 5 - רומן זעיר,1984,קומדיה,"[{""name"": ""דן וולמן"", ""slug"": ""דן_וולמן""}]",list_table,3,דבורה קידר,
ביום_בהיר_רואים_את_דמשק,ביום בהיר רואים את דמשק,1984,דרמה,"[{""name"": ""ערן ריקליס"", ""slug"": null}]",list_table,0,מוחמד בכרי,מוחמד_בכרי
ביום_בהיר_רואים_את_דמשק,ביום בהיר רואים את דמשק,1984,דרמה,"[{""name"": ""ערן ריקליס"", ""slug"": null}]",list_table,1,אלי דנקר,אלי_דנקר
החורף_האחרון,החורף האחרון,1984,דרמה,"[{""name"": ""ריקי שלח"", ""slug"": ""ריקי_שלח""}]",list_table,0,יונה אליאן,יונה_אליאן
החורף_האחרון,החורף האחרון,1984,דרמה,"[{""name"": ""ריקי שלח"", ""slug"": ""ריקי_שלח""}]",list_table,1,קת'לין קווינלן,קת'לין_קווינלן
__title__:המתיחה הגדולה__1984,המתיחה הגדולה,1984,קומדיה,"[{""name"": ""יהודה ברקן"", ""slug"": ""יהודה_ברקן""}, {""name"": ""יגאל שילון"", ""slug"": ""יגאל_שילון""}]",list_table,0,מושון אלבוחר,מושון_אלבוחר
__title__:המתיחה הגדולה__1984,המתיחה הגדולה,1984,קומדיה,"[{""name"": ""יהודה ברקן"", ""slug"": ""יהודה_ברקן""}, {""name"": ""יגאל שילון"", ""slug"": ""יגאל_שילון""}]",list_table,1,יהודה ברקן,
חייל_הלילה,חייל הלילה,1984,דרמה,"[{""name"": ""דן וולמן"", ""slug"": null}]",list_table,0,זאב שמשוני,זאב_שמשוני
חייל_הלילה,חייל הלילה,1984,דרמה,"[{""name"": ""דן וולמן"", ""slug"": null}]",list_table,1,איריס קריינר,
כסאח,כסאח,1984,דרמה,"[{""name"": ""חיים גיל"", ""slug"": ""חיים_גיל_(במאי)""}]",list_table,0,חופני כהן,חופני_כהן
מאחורי_הסורגים,מאחורי הסורגים,1984,דרמה,"[{""name"": ""אורי ברבש"", ""slug"": null}]",list_table,0,ארנון צדוק,ארנון_צדוק
מאחורי_הסורגים,מאחורי הסורגים,1984,דרמה,"[{""name"": ""אורי ברבש"", ""slug"": null}]",list_table,1,מוחמד בכרי,מוחמד_בכרי
מאחורי_הסורגים,מאחורי הסורגים,1984,דרמה,"[{""name"": ""אורי ברבש"", ""slug"": null}]",list_table,2,אסי דיין,אסי_דיין
מכת_שמש_(סרט),מכת שמש,1984,דרמה,"[{""name"": ""יקי יושע"", ""slug"": null}]",list_table,0,יובל בנאי,יובל_בנאי
מכת_שמש_(סרט),מכת שמש,1984,דרמה,"[{""name"": ""יקי יושע"", ""slug"": null}]",list_table,1,ענת עצמון,ענת_עצמון
מכת_שמש_(סרט),מכת שמש,1984,דרמה,"[{""name"": ""יקי יושע"", ""slug"": null}]",list_table,2,דליק ווליניץ,דליק_ווליניץ
מכת_שמש_(סרט),מכת שמש,1984,דרמה,"[{""name"": ""יקי יושע"", ""slug"": null}]",list_table,3,אייל גפן,אייל_גפן
ספר_נשים_(סרט),ספר נשים,1984,קומדיה,"[{""name"": ""זאב רווח"", ""slug"": null}]",list_table,0,תקוה עזיז,תקוה_עזיז
ספר_נשים_(סרט),ספר נשים,1984,קומדיה,"[{""name"": ""זאב רווח"", ""slug"": null}]",list_table,1,גבי עמרני,גבי_עמרני
ספר_נשים_(סרט),ספר נשים,1984,קומדיה,"[{""name"": ""זאב רווח"", ""slug"": null}]",list_table,2,זאב רווח,
עדות_מאונס,עדות מאונס,1984,דרמה,"[{""name"": ""רפאל רביבו"", ""slug"": ""רפאל_רביבו""}]",list_table,0,ענת עצמון,ענת_עצמון
עדות_מאונס,עדות מאונס,1984,דרמה,"[{""name"": ""רפאל רביבו"", ""slug"": ""רפאל_רביבו""}]",list_table,1,אורי גבריאל,אורי_גבריאל
עתליה_(סרט),עתליה,1984,דרמה,"[{""name"": ""עקיבא טבת"", ""slug"": ""עקיבא_טבת""}]",list_table,0,מיכל בת-אדם,מיכל_בת-אדם
זעם_ותהילה,זעם ותהילה,1984,דרמה,"[{""name"": ""אבי נשר"", ""slug"": null}]",list_table,0,חנה אזולאי-הספרי,חנה_אזולאי-הספרי
זעם_ותהילה,זעם ותהילה,1984,דרמה,"[{""name"": ""אבי נשר"", ""slug"": null}]",list_table,1,ג'וליאנו מר,ג'וליאנו_מר
אסקימו_לימון_6_-_הרימו_עוגן,אסקימו לימון 6 - הרימו עוגן,1985,קומדיה,"[{""name"": ""דן וולמן"", ""slug"": ""דן_וולמן""}, {""name"": ""יואל זילברג"", ""slug"": ""יואל_זילברג""}]",list_table,0,יפתח קצור,יפתח_קצור
אסקימו_לימון_6_-_הרימו_עוגן,אסקימו לימון 6 - הרימו עוגן,1985,קומדיה,"[{""name"": ""דן וולמן"", ""slug"": ""דן_וולמן""}, {""name"": ""יואל זילברג"", ""slug"": ""יואל_זילברג""}]",list_table,1,צחי נוי,צחי_נוי
אסקימו_לימון_6_-_הרימו_עוגן,אסקימו לימון 6 - הרימו עוגן,1985,קומדיה,"[{""name"": ""דן וולמן"", ""slug"": ""דן_וולמן""}, {""name"": ""יואל זילברג"", ""slug"": ""יואל_זילברג""}]",list_table,2,יהונתן סגל,יהונתן_סגל
אסקימו_לימון_6_-_הרימו_עוגן,אסקימו לימון 6 - הרימו עוגן,1985,קומדיה,"[{""name"": ""דן וולמן"", ""slug"": ""דן_וולמן""}, {""name"": ""יואל זילברג"", ""slug"": ""יואל_זילברג""}]",list_table,3,יוסף שילוח,יוסף_שילוח
אסקימו_לימון_6_-_הרימו_עוגן,אסקימו לימון 6 - הרימו עוגן,1985,קומדיה,"[{""name"": ""דן וולמן"", ""slug"": ""דן_וולמן""}, {""name"": ""יואל זילברג"", ""slug"": ""יואל_זילברג""}]",list_table,4,דבורה קידר,
בנות_(סרט),בנות,1985,קומדיה,"[{""name"": ""נדב לויתן"", ""slug"": ""נדב_לויתן""}]",list_table,0,חנה אזולאי-הספרי,חנה_אזולאי-הספרי
בר_51,בר 51,1985,דרמה,"[{""name"": ""עמוס גוטמן"", ""slug"": null}]",list_table,0,אלון אבוטבול,אלון_אבוטבול
בר_51,בר 51,1985,דרמה,"[{""name"": ""עמוס גוטמן"", ""slug"": null}]",list_table,1,מוסקו אלקלעי,מוסקו_אלקלעי
בר_51,בר 51,1985,דרמה,"[{""name"": ""עמוס גוטמן"", ""slug"": null}]",list_table,2,ג'וליאנו מר,ג'וליאנו_מר
גשר_צר_מאד,גשר צר מאד,1985,דרמה,"[{""name"": ""נסים דיין"", ""slug"": null}]",list_table,0,אהרון איפלה,אהרון_איפלה
חסמבה_ושודדי_הסוסים,חסמבה ושודדי הסוסים,1985,דרמה,"[{""name"": ""הלל דמרון"", ""slug"": null}]",list_table,0,ספי ריבלין,ספי_ריבלין
חסמבה_ושודדי_הסוסים,חסמבה ושודדי הסוסים,1985,דרמה,"[{""name"": ""הלל דמרון"", ""slug"": null}]",list_table,1,טוביה דובלרו,טוביה_דובלרו
חסמבה_ושודדי_הסוסים,חסמבה ושודדי הסוסים,1985,דרמה,"[{""name"": ""הלל דמרון"", ""slug"": null}]",list_table,2,שרון קילצ'ינסקי,
חסמבה_ושודדי_הסוסים,חסמבה ושודדי הסוסים,1985,דרמה,"[{""name"": ""הלל דמרון"", ""slug"": null}]",list_table,3,אודי ערן,
חסמבה_ושודדי_הסוסים,חסמבה ושודדי הסוסים,1985,דרמה,"[{""name"": ""הלל דמרון"", ""slug"": null}]",list_table,4,בני קפלה,
חסמבה_ושודדי_הסוסים,חסמבה ושודדי הסוסים,1985,דרמה,"[{""name"": ""הלל דמרון"", ""slug"": null}]",list_table,5,דודו ניב,דודו_ניב
חסמבה_ושודדי_הסוסים,חסמבה ושודדי הסוסים,1985,דרמה,"[{""name"": ""הלל דמרון"", ""slug"": null}]",list_table,6,שאול מזרחי,שאול_מזרחי
עד_סוף_הלילה,עד סוף הלילה,1985,דרמה,"[{""name"": ""איתן גרין"", ""slug"": null}]",list_table,0,אסי דיין,אסי_דיין
אירית_עירית,אירית עירית,1985,דרמה,"[{""name"": ""נפתלי אלטר"", ""slug"": null}]",list_table,0,אירית אלטר,אירית_אלטר
אירית_עירית,אירית עירית,1985,דרמה,"[{""name"": ""נפתלי אלטר"", ""slug"": null}]",list_table,1,חנן גולדבלט,חנן_גולדבלט
אירית_עירית,אירית עירית,1985,דרמה,"[{""name"": ""נפתלי אלטר"", ""slug"": null}]",list_table,2,רוני פינקוביץ',רוני_פינקוביץ'
קומפוט_נעליים,קומפוט נעליים,1985,קומדיה,"[{""name"": ""יהודה ברקן"", ""slug"": ""יהודה_ברקן""}, {""name"": ""עזרא שם טוב"", ""slug"": null}]",list_table,0,יהודה ברקן,
קוקו_בן_19,קוקו בן 19,1985,דרמה,"[{""name"": ""דני ורטה"", ""slug"": ""דני_ורטה""}]",list_table,0,אודי כהן,
שוברים,שוברים,1985,קומדיה,"[{""name"": ""אבי נשר"", ""slug"": null}]",list_table,0,יזהר אשדות,יזהר_אשדות
שוברים,שוברים,1985,קומדיה,"[{""name"": ""אבי נשר"", ""slug"": null}]",list_table,1,גלי עטרי,גלי_עטרי
שוברים,שוברים,1985,קומדיה,"[{""name"": ""אבי נשר"", ""slug"": null}]",list_table,2,סי היימן,סי_היימן
שוברים,שוברים,1985,קומדיה,"[{""name"": ""אבי נשר"", ""slug"": null}]",list_table,3,אלונה קמחי,אלונה_קמחי
שוברים,שוברים,1985,קומדיה,"[{""name"": ""אבי נשר"", ""slug"": null}]",list_table,4,מאיר בנאי,מאיר_בנאי
המאהב_(סרט_קולנוע_ישראלי),המאהב,1986,דרמה,"[{""name"": ""מיכל בת-אדם"", ""slug"": null}]",list_table,0,יהורם גאון,יהורם_גאון
המאהב_(סרט_קולנוע_ישראלי),המאהב,1986,דרמה,"[{""name"": ""מיכל בת-אדם"", ""slug"": null}]",list_table,1,רוברטו פולק,רוברטו_פולק
המאהב_(סרט_קולנוע_ישראלי),המאהב,1986,דרמה,"[{""name"": ""מיכל בת-אדם"", ""slug"": null}]",list_table,2,אביגיל אריאלי,אביגיל_אריאלי
המאהב_(סרט_קולנוע_ישראלי),המאהב,1986,דרמה,"[{""name"": ""מיכל בת-אדם"", ""slug"": null}]",list_table,3,מיכל בת-אדם,
אוונטי_פופולו,אוונטי פופולו,1986,דרמה,"[{""name"": ""רפי בוקאי"", ""slug"": null}]",list_table,0,סלים דאו,סלים_דאו
אוונטי_פופולו,אוונטי פופולו,1986,דרמה,"[{""name"": ""רפי בוקאי"", ""slug"": null}]",list_table,1,טוביה גלבר,
אוונטי_פופולו,אוונטי פופולו,1986,דרמה,"[{""name"": ""רפי בוקאי"", ""slug"": null}]",list_table,2,סוהיל חדאד,סוהיל_חדאד
אלכס_חולה_אהבה,אלכס חולה אהבה,1986,קומדיה,"[{""name"": ""בועז דוידזון"", ""slug"": ""בועז_דוידזון""}]",list_table,0,איתן אנשל,איתן_אנשל
אלכס_חולה_אהבה,אלכס חולה אהבה,1986,קומדיה,"[{""name"": ""בועז דוידזון"", ""slug"": ""בועז_דוידזון""}]",list_table,1,שרון הכהן,שרון_הכהן
אלכס_חולה_אהבה,אלכס חולה אהבה,1986,קומדיה,"[{""name"": ""בועז דוידזון"", ""slug"": ""בועז_דוידזון""}]",list_table,2,אורי כבירי,אורי_כבירי
אלכס_חולה_אהבה,אלכס חולה אהבה,1986,קומדיה,"[{""name"": ""בועז דוידזון"", ""slug"": ""בועז_דוידזון""}]",list_table,3,אבי קושניר,אבי_קושניר
אסתר_(סרט),אסתר,1986,דרמה,"[{""name"": ""עמוס גיתאי"", ""slug"": ""עמוס_גיתאי""}]",list_table,0,סימון בנימיני,
אסתר_(סרט),אסתר,1986,דרמה,"[{""name"": ""עמוס גיתאי"", ""slug"": ""עמוס_גיתאי""}]",list_table,1,מוחמד בכרי,מוחמד_בכרי
אסתר_(סרט),אסתר,1986,דרמה,"[{""name"": ""עמוס גיתאי"", ""slug"": ""עמוס_גיתאי""}]",list_table,2,ג'וליאנו מר,ג'וליאנו_מר
"פלאש_(סרט,_1986)",פלאש,1986,דרמה,"[{""name"": ""דורון ערן"", ""slug"": ""דורון_ערן""}]",list_table,0,זאב שמשוני,זאב_שמשוני
"פלאש_(סרט,_1986)",פלאש,1986,דרמה,"[{""name"": ""דורון ערן"", ""slug"": ""דורון_ערן""}]",list_table,1,ניצה שאול,ניצה_שאול
"פלאש_(סרט,_1986)",פלאש,1986,דרמה,"[{""name"": ""דורון ערן"", ""slug"": ""דורון_ערן""}]",list_table,2,עמוס לביא,עמוס_לביא
השיגעון_הגדול,השיגעון הגדול,1986,קומדיה,"[{""name"": ""נפתלי אלטר"", ""slug"": ""נפתלי_אלטר""}]",list_table,0,ספי ריבלין,ספי_ריבלין
השיגעון_הגדול,השיגעון הגדול,1986,קומדיה,"[{""name"": ""נפתלי אלטר"", ""slug"": ""נפתלי_אלטר""}]",list_table,1,אריק לביא,אריק_לביא
השיגעון_הגדול,השיגעון הגדול,1986,קומדיה,"[{""name"": ""נפתלי אלטר"", ""slug"": ""נפתלי_אלטר""}]",list_table,2,ענת וקסמן,ענת_וקסמן
השיגעון_הגדול,השיגעון הגדול,1986,קומדיה,"[{""name"": ""נפתלי אלטר"", ""slug"": ""נפתלי_אלטר""}]",list_table,3,דב נבון,דב_נבון
השיגעון_הגדול,השיגעון הגדול,1986,קומדיה,"[{""name"": ""נפתלי אלטר"", ""slug"": ""נפתלי_אלטר""}]",list_table,4,יוסף שילוח,יוסף_שילוח
הקרב_על_הוועד,הקרב על הוועד,1986,דרמה,"[{""name"": ""אסי דיין"", ""slug"": ""אסי_דיין""}]",list_table,0,שייקה לוי,שייקה_לוי
הקרב_על_הוועד,הקרב על הוועד,1986,דרמה,"[{""name"": ""אסי דיין"", ""slug"": ""אסי_דיין""}]",list_table,1,ישראל פוליאקוב,ישראל_פוליאקוב
הקרב_על_הוועד,הקרב על הוועד,1986,דרמה,"[{""name"": ""אסי דיין"", ""slug"": ""אסי_דיין""}]",list_table,2,גברי בנאי,גברי_בנאי
__title__:חוזה אהבה__1986,חוזה אהבה,1986,דרמה,"[{""name"": ""דן וולמן"", ""slug"": ""דן_וולמן""}]",list_table,0,ענת עצמון,ענת_עצמון
__title__:חוזה אהבה__1986,חוזה אהבה,1986,דרמה,"[{""name"": ""דן וולמן"", ""slug"": ""דן_וולמן""}]",list_table,1,שמואל עצמון,שמואל_עצמון
__title__:חוזה אהבה__1986,חוזה אהבה,1986,דרמה,"[{""name"": ""דן וולמן"", ""slug"": ""דן_וולמן""}]",list_table,2,עירית זוהר,
__title__:חוזה אהבה__1986,חוזה אהבה,1986,דרמה,"[{""name"": ""דן וולמן"", ""slug"": ""דן_וולמן""}]",list_table,3,רווית זוהר,
חיוך_הגדי,חיוך הגדי,1986,דרמה,"[{""name"": ""שמעון דותן"", ""slug"": null}]",list_table,0,טונג'ל קורטיז,טונג'ל_קורטיז
ילדי_סטלין,ילדי סטלין,1986,דרמה,"[{""name"": ""נדב לויתן"", ""slug"": null}]",list_table,0,אהרון אלמוג,אהרון_אלמוג
ילדי_סטלין,ילדי סטלין,1986,דרמה,"[{""name"": ""נדב לויתן"", ""slug"": null}]",list_table,1,עזרא דגן,עזרא_דגן
מלכת_הכיתה_(סרט),מלכת הכיתה,1986,דרמה,"[{""name"": ""יצחק צפל ישורון"", ""slug"": null}]",list_table,0,יצחק בן-נר,יצחק_בן-נר
נאדיה_(סרט),נאדיה,1986,דרמה,"[{""name"": ""אמנון רובינשטיין"", ""slug"": ""אמנון_רובינשטיין_(במאי)""}]",list_table,0,חנה אזולאי-הספרי,חנה_אזולאי-הספרי
נאדיה_(סרט),נאדיה,1986,דרמה,"[{""name"": ""אמנון רובינשטיין"", ""slug"": ""אמנון_רובינשטיין_(במאי)""}]",list_table,1,יובל בנאי,יובל_בנאי
שתי_אצבעות_מצידון,שתי אצבעות מצידון,1986,דרמה,"[{""name"": ""אלי כהן"", ""slug"": ""אלי_כהן_(במאי)""}]",list_table,0,רוני פינקוביץ',רוני_פינקוביץ'
שתי_אצבעות_מצידון,שתי אצבעות מצידון,1986,דרמה,"[{""name"": ""אלי כהן"", ""slug"": ""אלי_כהן_(במאי)""}]",list_table,1,שאול מזרחי,שאול_מזרחי
שתי_אצבעות_מצידון,שתי אצבעות מצידון,1986,דרמה,"[{""name"": ""אלי כהן"", ""slug"": ""אלי_כהן_(במאי)""}]",list_table,2,אלון אבוטבול,אלון_אבוטבול
סוף_שבוע_מטורף,סוף שבוע מטורף,1986,קומדיה,"[{""name"": ""אילן מושנזון"", ""slug"": ""אילן_מושנזון""}]",list_table,0,דליק ווליניץ,דליק_ווליניץ
סוף_שבוע_מטורף,סוף שבוע מטורף,1986,קומדיה,"[{""name"": ""אילן מושנזון"", ""slug"": ""אילן_מושנזון""}]",list_table,1,אוסי הלל,
"הטוב,_הרע_והלא_נורא","הטוב, הרע והלא נורא",1986,קומדיה,"[{""name"": ""אסי דיין"", ""slug"": null}]",list_table,0,גבי עמרני,גבי_עמרני
"הטוב,_הרע_והלא_נורא","הטוב, הרע והלא נורא",1986,קומדיה,"[{""name"": ""אסי דיין"", ""slug"": null}]",list_table,1,משה איש כסית,משה_איש_כסית
"הטוב,_הרע_והלא_נורא","הטוב, הרע והלא נורא",1986,קומדיה,"[{""name"": ""אסי דיין"", ""slug"": null}]",list_table,2,יוסף שילוח,
"הטוב,_הרע_והלא_נורא","הטוב, הרע והלא נורא",1986,קומדיה,"[{""name"": ""אסי דיין"", ""slug"": null}]",list_table,3,אסי דיין,
אבא_גנוב,אבא גנוב,1987,דרמה,"[{""name"": ""יעקב גולדווסר"", ""slug"": ""יעקב_גולדווסר""}]",list_table,0,יהודה ברקן,יהודה_ברקן
אבא_גנוב,אבא גנוב,1987,דרמה,"[{""name"": ""יעקב גולדווסר"", ""slug"": ""יעקב_גולדווסר""}]",list_table,1,אלונה קמחי,אלונה_קמחי
אבא_גנוב,אבא גנוב,1987,דרמה,"[{""name"": ""יעקב גולדווסר"", ""slug"": ""יעקב_גולדווסר""}]",list_table,2,בן ציון,
אהבה_גנובה,אהבה גנובה,1987,,"[{""name"": ""משה מזרחי"", ""slug"": null}]",list_table,0,טום הנקס,טום_הנקס
אהבה_גנובה,אהבה גנובה,1987,,"[{""name"": ""משה מזרחי"", ""slug"": null}]",list_table,1,כריסטינה מרסיליה,
אהבה_גנובה,אהבה גנובה,1987,,"[{""name"": ""משה מזרחי"", ""slug"": null}]",list_table,2,גילה אלמגור,גילה_אלמגור
אהבה_גנובה,אהבה גנובה,1987,,"[{""name"": ""משה מזרחי"", ""slug"": null}]",list_table,3,ענת עצמון,ענת_עצמון
אהבה_גנובה,אהבה גנובה,1987,,"[{""name"": ""משה מזרחי"", ""slug"": null}]",list_table,4,מוני מושונוב,מוני_מושונוב
אהבה_גנובה,אהבה גנובה,1987,,"[{""name"": ""משה מזרחי"", ""slug"": null}]",list_table,5,אבנר חזקיהו,אבנר_חזקיהו
אהבה_גנובה,אהבה גנובה,1987,,"[{""name"": ""משה מזרחי"", ""slug"": null}]",list_table,6,אורנה פורת,אורנה_פורת
אהבה_גנובה,אהבה גנובה,1987,,"[{""name"": ""משה מזרחי"", ""slug"": null}]",list_table,7,אלון אבוטבול,אלון_אבוטבול
אהבה_גנובה,אהבה גנובה,1987,,"[{""name"": ""משה מזרחי"", ""slug"": null}]",list_table,8,דפנה ארמוני,דפנה_ארמוני
אסקימו_לימון_7_-_אהבה_צעירה,אסקימו לימון 7 - אהבה צעירה,1987,קומדיה,"[{""name"": ""וולטר בנרט"", ""slug"": null}]",list_table,0,יפתח קצור,יפתח_קצור
אסקימו_לימון_7_-_אהבה_צעירה,אסקימו לימון 7 - אהבה צעירה,1987,קומדיה,"[{""name"": ""וולטר בנרט"", ""slug"": null}]",list_table,1,צחי נוי,צחי_נוי
אסקימו_לימון_7_-_אהבה_צעירה,אסקימו לימון 7 - אהבה צעירה,1987,קומדיה,"[{""name"": ""וולטר בנרט"", ""slug"": null}]",list_table,2,יהונתן סגל,יהונתן_סגל
בלוז_לחופש_הגדול,בלוז לחופש הגדול,1987,דרמה,"[{""name"": ""רנן שור"", ""slug"": ""רנן_שור""}]",list_table,0,יואב צפיר,יואב_צפיר
בלוז_לחופש_הגדול,בלוז לחופש הגדול,1987,דרמה,"[{""name"": ""רנן שור"", ""slug"": ""רנן_שור""}]",list_table,1,שחר סגל,שחר_סגל_(במאי)
בלוז_לחופש_הגדול,בלוז לחופש הגדול,1987,דרמה,"[{""name"": ""רנן שור"", ""slug"": ""רנן_שור""}]",list_table,2,דור צויגנבום,דור_צויגנבום
בלוז_לחופש_הגדול,בלוז לחופש הגדול,1987,דרמה,"[{""name"": ""רנן שור"", ""slug"": ""רנן_שור""}]",list_table,3,נועה גולדברג,נועה_גולדברג
האינסטלטור,האינסטלטור,1987,,"[{""name"": ""מיקי בהגן"", ""slug"": ""מיקי_בהגן""}]",list_table,0,טוביה צפיר,טוביה_צפיר
האינסטלטור,האינסטלטור,1987,,"[{""name"": ""מיקי בהגן"", ""slug"": ""מיקי_בהגן""}]",list_table,1,אסי הנגבי,אסי_הנגבי
האינסטלטור,האינסטלטור,1987,,"[{""name"": ""מיקי בהגן"", ""slug"": ""מיקי_בהגן""}]",list_table,2,רמי ברוך,רמי_ברוך
האינסטלטור,האינסטלטור,1987,,"[{""name"": ""מיקי בהגן"", ""slug"": ""מיקי_בהגן""}]",list_table,3,אבי קושניר,אבי_קושניר
האינסטלטור,האינסטלטור,1987,,"[{""name"": ""מיקי בהגן"", ""slug"": ""מיקי_בהגן""}]",list_table,4,אבנר חזקיהו,אבנר_חזקיהו
האינסטלטור,האינסטלטור,1987,,"[{""name"": ""מיקי בהגן"", ""slug"": ""מיקי_בהגן""}]",list_table,5,שמעון פינקל,שמעון_פינקל
המובטל_בטיטו,המובטל בטיטו,1987,קומדיה,"[{""name"": ""זאב רווח"", ""slug"": null}]",list_table,0,אריק לביא,אריק_לביא
המובטל_בטיטו,המובטל בטיטו,1987,קומדיה,"[{""name"": ""זאב רווח"", ""slug"": null}]",list_table,1,שושנה שני,שושנה_שני
המובטל_בטיטו,המובטל בטיטו,1987,קומדיה,"[{""name"": ""זאב רווח"", ""slug"": null}]",list_table,2,אריה מוסקונה,אריה_מוסקונה
המובטל_בטיטו,המובטל בטיטו,1987,קומדיה,"[{""name"": ""זאב רווח"", ""slug"": null}]",list_table,3,זאב רווח,
חימו_מלך_ירושלים,חימו מלך ירושלים,1987,דרמה,"[{""name"": ""עמוס גוטמן"", ""slug"": ""עמוס_גוטמן""}]",list_table,0,אלונה קמחי,אלונה_קמחי
לא_שם_זין,לא שם זין,1987,דרמה,"[{""name"": ""שמואל אימברמן"", ""slug"": ""שמואל_אימברמן""}]",list_table,0,איקה זוהר,איקה_זוהר
לא_שם_זין,לא שם זין,1987,דרמה,"[{""name"": ""שמואל אימברמן"", ""slug"": ""שמואל_אימברמן""}]",list_table,1,ענת וקסמן,ענת_וקסמן
__title__:ניפגש בחוף__1987,ניפגש בחוף,1987,קומדיה,"[{""name"": ""יהודה ברקן"", ""slug"": ""יהודה_ברקן""}, {""name"": ""יגאל שילון"", ""slug"": ""יגאל_שילון""}]",list_table,0,מושון אלבוחר,מושון_אלבוחר
__title__:ניפגש בחוף__1987,ניפגש בחוף,1987,קומדיה,"[{""name"": ""יהודה ברקן"", ""slug"": ""יהודה_ברקן""}, {""name"": ""יגאל שילון"", ""slug"": ""יגאל_שילון""}]",list_table,1,יהודה ברקן,
__title__:עד לאזור לחימה__1987,עד לאזור לחימה,1987,דרמה,"[{""name"": ""נתנאל גוטמן"", ""slug"": null}]",list_table,0,כריסטופר ווקן,כריסטופר_ווקן
פוטו_רומן,פוטו רומן,1987,דרמה,"[{""name"": ""אסי דיין"", ""slug"": ""אסי_דיין""}, {""name"": ""טל רון"", ""slug"": null}]",list_table,0,אלון אבוטבול,אלון_אבוטבול
פוטו_רומן,פוטו רומן,1987,דרמה,"[{""name"": ""אסי דיין"", ""slug"": ""אסי_דיין""}, {""name"": ""טל רון"", ""slug"": null}]",list_table,1,סמדר קילצ'ינסקי,סמדר_קילצ'ינסקי
פוטו_רומן,פוטו רומן,1987,דרמה,"[{""name"": ""אסי דיין"", ""slug"": ""אסי_דיין""}, {""name"": ""טל רון"", ""slug"": null}]",list_table,2,חיים ג'רפי,
רסיסים_(סרט),רסיסים,1987,דרמה,"[{""name"": ""יוסי זומר"", ""slug"": null}]",list_table,0,אתי אנקרי,אתי_אנקרי
בובה_(סרט),בובה,1987,דרמה,"[{""name"": ""זאב רווח"", ""slug"": ""זאב_רווח""}]",list_table,0,זאב רווח,זאב_רווח
בובה_(סרט),בובה,1987,דרמה,"[{""name"": ""זאב רווח"", ""slug"": ""זאב_רווח""}]",list_table,1,חני נחמיאס,חני_נחמיאס
יוננם,יוננם,1987,דרמה,"[{""name"": ""בני תורתי"", ""slug"": null}]",list_table,0,יונתן דני,יונתן_דני
יוננם,יוננם,1987,דרמה,"[{""name"": ""בני תורתי"", ""slug"": null}]",list_table,1,ברוך ששון,ברוך_ששון
אל_עצמי_(סרט),אל עצמי,1988,דרמה,"[{""name"": ""תמיר פאול"", ""slug"": null}]",list_table,0,אריק אוחנה,
אל_עצמי_(סרט),אל עצמי,1988,דרמה,"[{""name"": ""תמיר פאול"", ""slug"": null}]",list_table,1,תחיה דנון,תחיה_דנון
אל_עצמי_(סרט),אל עצמי,1988,דרמה,"[{""name"": ""תמיר פאול"", ""slug"": null}]",list_table,2,רועי בר-נתן,רועי_בר-נתן
בלוז_לקיץ,אסקימו לימון 8 - בלוז לקיץ,1988,קומדיה,"[{""name"": ""ריינהרד שבניצקי"", ""slug"": null}]",list_table,0,יפתח קצור,יפתח_קצור
בלוז_לקיץ,אסקימו לימון 8 - בלוז לקיץ,1988,קומדיה,"[{""name"": ""ריינהרד שבניצקי"", ""slug"": null}]",list_table,1,צחי נוי,צחי_נוי
בלוז_לקיץ,אסקימו לימון 8 - בלוז לקיץ,1988,קומדיה,"[{""name"": ""ריינהרד שבניצקי"", ""slug"": null}]",list_table,2,יהונתן סגל,יהונתן_סגל
הינשוף,הינשוף,1988,דרמה,"[{""name"": ""אמנון רובינשטיין"", ""slug"": ""אמנון_רובינשטיין_(במאי)""}]",list_table,0,אסי דיין,אסי_דיין
הינשוף,הינשוף,1988,דרמה,"[{""name"": ""אמנון רובינשטיין"", ""slug"": ""אמנון_רובינשטיין_(במאי)""}]",list_table,1,לאורה ריבלין,לאורה_ריבלין
הינשוף,הינשוף,1988,דרמה,"[{""name"": ""אמנון רובינשטיין"", ""slug"": ""אמנון_רובינשטיין_(במאי)""}]",list_table,2,עפרה וינגרטן,עפרה_וינגרטן
בצילו_של_הלם_קרב,בצילו של הלם קרב,1988,דרמה,"[{""name"": ""יואל שרון"", ""slug"": null}]",list_table,0,דן תורג'מן,דן_תורג'מן
בצילו_של_הלם_קרב,בצילו של הלם קרב,1988,דרמה,"[{""name"": ""יואל שרון"", ""slug"": null}]",list_table,1,ענת עצמון,ענת_עצמון
הקיץ_של_אביה_(סרט),הקיץ של אביה,1988,דרמה,"[{""name"": ""אלי כהן"", ""slug"": ""אלי_כהן_(במאי)""}]",list_table,0,קאיפו כהן,קאיפו_כהן
הקיץ_של_אביה_(סרט),הקיץ של אביה,1988,דרמה,"[{""name"": ""אלי כהן"", ""slug"": ""אלי_כהן_(במאי)""}]",list_table,1,גילה אלמגור,
יהושע_יהושע,יהושע יהושע,1988,קומדיה,"[{""name"": ""אבי כהן"", ""slug"": ""אבי_כהן_(במאי)""}]",list_table,0,אברי גלעד,אברי_גלעד
מלך_הסלים_(סרט),מלך הסלים,1988,קומדיה,"[{""name"": ""דובי גל"", ""slug"": null}]",list_table,0,ששי סעד,ששי_סעד
מלך_הסלים_(סרט),מלך הסלים,1988,קומדיה,"[{""name"": ""דובי גל"", ""slug"": null}]",list_table,1,אבינועם מור חיים,אבינועם_מור_חיים
מלך_הסלים_(סרט),מלך הסלים,1988,קומדיה,"[{""name"": ""דובי גל"", ""slug"": null}]",list_table,2,דובי גל,
מצלמה_בלי_בושה,מצלמה בלי בושה,1988,קומדיה,"[{""name"": ""יהודה ברקן"", ""slug"": null}]",list_table,0,יהודה ברקן,
מקום_ליד_הים,מקום ליד הים,1988,דרמה,"[{""name"": ""רפאל רביבו"", ""slug"": null}]",list_table,0,אלון אבוטבול,אלון_אבוטבול
מקום_ליד_הים,מקום ליד הים,1988,דרמה,"[{""name"": ""רפאל רביבו"", ""slug"": null}]",list_table,1,ענת צחור,ענת_צחור
מקום_ליד_הים,מקום ליד הים,1988,דרמה,"[{""name"": ""רפאל רביבו"", ""slug"": null}]",list_table,2,אריה מוסקונה,אריה_מוסקונה
מקום_ליד_הים,מקום ליד הים,1988,דרמה,"[{""name"": ""רפאל רביבו"", ""slug"": null}]",list_table,3,שלמה תרשיש,שלמה_תרשיש
נישואין_פיקטיביים_(סרט),נישואין פיקטיביים,1988,דרמה,"[{""name"": ""חיים בוזגלו"", ""slug"": null}]",list_table,0,שלמה בראבא,שלמה_בראבא
נישואין_פיקטיביים_(סרט),נישואין פיקטיביים,1988,דרמה,"[{""name"": ""חיים בוזגלו"", ""slug"": null}]",list_table,1,עירית שלג,עירית_שלג
נישואין_פיקטיביים_(סרט),נישואין פיקטיביים,1988,דרמה,"[{""name"": ""חיים בוזגלו"", ""slug"": null}]",list_table,2,אלי יצפאן,אלי_יצפאן
תל_אביב_לוס_אנג'לס,תל אביב לוס אנג'לס,1988,דרמה,"[{""name"": ""שמואל אימברמן"", ""slug"": ""שמואל_אימברמן""}]",list_table,0,אביגיל אריאלי,אביגיל_אריאלי
תל_אביב_לוס_אנג'לס,תל אביב לוס אנג'לס,1988,דרמה,"[{""name"": ""שמואל אימברמן"", ""slug"": ""שמואל_אימברמן""}]",list_table,1,ז'אק כהן,ז'אק_כהן
תל_אביב_לוס_אנג'לס,תל אביב לוס אנג'לס,1988,דרמה,"[{""name"": ""שמואל אימברמן"", ""slug"": ""שמואל_אימברמן""}]",list_table,2,דודו טופז,
תלווה_לי_את_אשתך,תלווה לי את אשתך,1989,קומדיה,"[{""name"": ""זאב רווח"", ""slug"": null}]",list_table,0,יונה אליאן,יונה_אליאן
תלווה_לי_את_אשתך,תלווה לי את אשתך,1989,קומדיה,"[{""name"": ""זאב רווח"", ""slug"": null}]",list_table,1,דן תורן,דן_תורן
תלווה_לי_את_אשתך,תלווה לי את אשתך,1989,קומדיה,"[{""name"": ""זאב רווח"", ""slug"": null}]",list_table,2,אריה מוסקונה,אריה_מוסקונה
תלווה_לי_את_אשתך,תלווה לי את אשתך,1989,קומדיה,"[{""name"": ""זאב רווח"", ""slug"": null}]",list_table,3,זאב רווח,
אבא_גנוב_2,אבא גנוב 2,1989,דרמה,"[{""name"": ""אבי כהן"", ""slug"": ""אבי_כהן_(במאי)""}]",list_table,0,יהודה ברקן,יהודה_ברקן
אבא_גנוב_2,אבא גנוב 2,1989,דרמה,"[{""name"": ""אבי כהן"", ""slug"": ""אבי_כהן_(במאי)""}]",list_table,1,בן ציון,
__title__:אהבה אסורה__1989,אהבה אסורה,1989,,"[{""name"": ""ג'ק פישר"", ""slug"": null}]",list_table,0,אדריאן פסדר,אדריאן_פסדר
__title__:אהבה אסורה__1989,אהבה אסורה,1989,,"[{""name"": ""ג'ק פישר"", ""slug"": null}]",list_table,1,ססיליה פק,
__title__:אהבה אסורה__1989,אהבה אסורה,1989,,"[{""name"": ""ג'ק פישר"", ""slug"": null}]",list_table,2,ארנון צדוק,ארנון_צדוק
__title__:אהבה אסורה__1989,אהבה אסורה,1989,,"[{""name"": ""ג'ק פישר"", ""slug"": null}]",list_table,3,חנה אזולאי-הספרי,חנה_אזולאי-הספרי
__title__:אהבה אסורה__1989,אהבה אסורה,1989,,"[{""name"": ""ג'ק פישר"", ""slug"": null}]",list_table,4,מכרם ח'ורי,מכרם_ח'ורי
אוכלים_לוקשים,אוכלים לוקשים,1989,קומדיה,"[{""name"": ""בועז דוידזון"", ""slug"": ""בועז_דוידזון""}, {""name"": ""צבי שיסל"", ""slug"": ""צבי_שיסל""}]",list_table,0,יהודה ברקן,יהודה_ברקן
אחד_באפריל_(סרט),אחד באפריל,1989,קומדיה,"[{""name"": ""מנחם זילברמן"", ""slug"": ""מנחם_זילברמן""}]",list_table,0,ציפי שביט,ציפי_שביט
אחד_באפריל_(סרט),אחד באפריל,1989,קומדיה,"[{""name"": ""מנחם זילברמן"", ""slug"": ""מנחם_זילברמן""}]",list_table,1,ספי ריבלין,ספי_ריבלין
אחד_משלנו,אחד משלנו,1989,דרמה,"[{""name"": ""אורי ברבש"", ""slug"": ""אורי_ברבש""}]",list_table,0,אלון אבוטבול,אלון_אבוטבול
אחד_משלנו,אחד משלנו,1989,דרמה,"[{""name"": ""אורי ברבש"", ""slug"": ""אורי_ברבש""}]",list_table,1,שרון אלכסנדר,שרון_אלכסנדר
אחד_משלנו,אחד משלנו,1989,דרמה,"[{""name"": ""אורי ברבש"", ""slug"": ""אורי_ברבש""}]",list_table,2,דן תורן,דן_תורן
אחד_משלנו,אחד משלנו,1989,דרמה,"[{""name"": ""אורי ברבש"", ""slug"": ""אורי_ברבש""}]",list_table,3,דליה שימקו,דליה_שימקו
אלף_נשותיו_של_נפתלי_סימן_טוב,אלף נשותיו של נפתלי סימן טוב,1989,דרמה,"[{""name"": ""מיכל בת-אדם"", ""slug"": null}]",list_table,0,יוסי פולק,יוסי_פולק
אלף_נשותיו_של_נפתלי_סימן_טוב,אלף נשותיו של נפתלי סימן טוב,1989,דרמה,"[{""name"": ""מיכל בת-אדם"", ""slug"": null}]",list_table,1,ריטה,ריטה
אלף_נשותיו_של_נפתלי_סימן_טוב,אלף נשותיו של נפתלי סימן טוב,1989,דרמה,"[{""name"": ""מיכל בת-אדם"", ""slug"": null}]",list_table,2,לבנה פינקלשטיין,לבנה_פינקלשטיין
אש_צולבת,אש צולבת,1989,דרמה,"[{""name"": ""גדעון גנני"", ""slug"": ""גדעון_גנני""}]",list_table,0,דן תורג'מן,דן_תורג'מן
אש_צולבת,אש צולבת,1989,דרמה,"[{""name"": ""גדעון גנני"", ""slug"": ""גדעון_גנני""}]",list_table,1,שרון הכהן-בר,שרון_הכהן-בר
אש_צולבת,אש צולבת,1989,דרמה,"[{""name"": ""גדעון גנני"", ""slug"": ""גדעון_גנני""}]",list_table,2,מרים גבריאלי,מרים_גבריאלי
ברלין_ירושלים,ברלין ירושלים,1989,דרמה,"[{""name"": ""עמוס גיתאי"", ""slug"": null}]",list_table,0,רבקה נוימן,רבקה_נוימן
ברלין_ירושלים,ברלין ירושלים,1989,דרמה,"[{""name"": ""עמוס גיתאי"", ""slug"": null}]",list_table,1,ג'וליאנו מר,ג'וליאנו_מר
ברלין_ירושלים,ברלין ירושלים,1989,דרמה,"[{""name"": ""עמוס גיתאי"", ""slug"": null}]",list_table,2,מארק איווניר,מארק_איווניר
ד._צ._חוף_אילת,ד. צ. חוף אילת,1989,קומדיה,"[{""name"": ""דובי גל"", ""slug"": null}]",list_table,0,דובי גל,
ד._צ._חוף_אילת,ד. צ. חוף אילת,1989,קומדיה,"[{""name"": ""דובי גל"", ""slug"": null}]",list_table,1,נתן נתנזון,
__title__:עבודה בעיניים__1989,עבודה בעיניים,1989,קומדיה,"[{""name"": ""יגאל שילון"", ""slug"": ""יגאל_שילון""}]",list_table,0,נתן דטנר,נתן_דטנר
__title__:עבודה בעיניים__1989,עבודה בעיניים,1989,קומדיה,"[{""name"": ""יגאל שילון"", ""slug"": ""יגאל_שילון""}]",list_table,1,אבי קושניר,אבי_קושניר
"רכבת_העמק_(סרט,_1989)",רכבת העמק,1989,דרמה,"[{""name"": ""יונתן פז"", ""slug"": null}]",list_table,0,דן תורג'מן,דן_תורג'מן
"רכבת_העמק_(סרט,_1989)",רכבת העמק,1989,דרמה,"[{""name"": ""יונתן פז"", ""slug"": null}]",list_table,1,נטע מורן,נטע_מורן
"יוסל'ה,_איך_זה_קרה?","יוסל'ה, איך זה קרה?",1989,קומדיה,"[{""name"": ""טל רון"", ""slug"": null}]",list_table,0,אביגיל אריאלי,אביגיל_אריאלי
"יוסל'ה,_איך_זה_קרה?","יוסל'ה, איך זה קרה?",1989,קומדיה,"[{""name"": ""טל רון"", ""slug"": null}]",list_table,1,ניר רון,ניר_רון
"יוסל'ה,_איך_זה_קרה?","יוסל'ה, איך זה קרה?",1989,קומדיה,"[{""name"": ""טל רון"", ""slug"": null}]",list_table,2,דב נבון,דב_נבון
"יוסל'ה,_איך_זה_קרה?","יוסל'ה, איך זה קרה?",1989,קומדיה,"[{""name"": ""טל רון"", ""slug"": null}]",list_table,3,משה פרסטר,משה_פרסטר
"יוסל'ה,_איך_זה_קרה?","יוסל'ה, איך זה קרה?",1989,קומדיה,"[{""name"": ""טל רון"", ""slug"": null}]",list_table,4,צבי קורמן,
"יוסל'ה,_איך_זה_קרה?","יוסל'ה, איך זה קרה?",1989,קומדיה,"[{""name"": ""טל רון"", ""slug"": null}]",list_table,5,זוהר זמיר,זוהר_זמיר
המיועד_(סרט),המיועד,1989,דרמה,"[{""name"": ""דניאל וקסמן"", ""slug"": ""דניאל_וקסמן""}]",list_table,0,רונית אלקבץ,רונית_אלקבץ
המיועד_(סרט),המיועד,1989,דרמה,"[{""name"": ""דניאל וקסמן"", ""slug"": ""דניאל_וקסמן""}]",list_table,1,שולי רנד,שולי_רנד
צמות_(סרט),צמות,1989,דרמה,"[{""name"": ""יצחק חלוצי"", ""slug"": null}]",list_table,0,אדיב ג'השאן,אדיב_ג'השאן
צמות_(סרט),צמות,1989,דרמה,"[{""name"": ""יצחק חלוצי"", ""slug"": null}]",list_table,1,יוסף שילוח,יוסף_שילוח
צמות_(סרט),צמות,1989,דרמה,"[{""name"": ""יצחק חלוצי"", ""slug"": null}]",list_table,2,חנה אזולאי-הספרי,חנה_אזולאי-הספרי
צמות_(סרט),צמות,1989,דרמה,"[{""name"": ""יצחק חלוצי"", ""slug"": null}]",list_table,3,תחיה דנון,תחיה_דנון
צמות_(סרט),צמות,1989,דרמה,"[{""name"": ""יצחק חלוצי"", ""slug"": null}]",list_table,4,נטע סובול,נטע_סובול
אהבתה_האחרונה_של_לורה_אדלר,אהבתה האחרונה של לורה אדלר,1990,,"[{""name"": ""אברהם הפנר"", ""slug"": null}]",list_table,0,ריטה זוהר,ריטה_זוהר
אהבתה_האחרונה_של_לורה_אדלר,אהבתה האחרונה של לורה אדלר,1990,,"[{""name"": ""אברהם הפנר"", ""slug"": null}]",list_table,1,מנשה ורשבסקי,מנשה_ורשבסקי
אהבתה_האחרונה_של_לורה_אדלר,אהבתה האחרונה של לורה אדלר,1990,,"[{""name"": ""אברהם הפנר"", ""slug"": null}]",list_table,2,אברהם מור,אברהם_מור
אהבתה_האחרונה_של_לורה_אדלר,אהבתה האחרונה של לורה אדלר,1990,,"[{""name"": ""אברהם הפנר"", ""slug"": null}]",list_table,3,שולמית ארד,
דרך_הנשר,דרך הנשר,1990,דרמה,"[{""name"": ""אורי ברבש"", ""slug"": ""אורי_ברבש""}]",list_table,0,אלי דנקר,אלי_דנקר
דרך_הנשר,דרך הנשר,1990,דרמה,"[{""name"": ""אורי ברבש"", ""slug"": ""אורי_ברבש""}]",list_table,1,גידי גוב,גידי_גוב
דרך_הנשר,דרך הנשר,1990,דרמה,"[{""name"": ""אורי ברבש"", ""slug"": ""אורי_ברבש""}]",list_table,2,נורית גלרון,נורית_גלרון
הדרך_לעין_חרוד,הדרך לעין חרוד,1990,דרמה,"[{""name"": ""דורון ערן"", ""slug"": ""דורון_ערן""}]",list_table,0,טוני פק,
הדרך_לעין_חרוד,הדרך לעין חרוד,1990,דרמה,"[{""name"": ""דורון ערן"", ""slug"": ""דורון_ערן""}]",list_table,1,אלסנדרה מוסוליני,אלסנדרה_מוסוליני
הדרך_לעין_חרוד,הדרך לעין חרוד,1990,דרמה,"[{""name"": ""דורון ערן"", ""slug"": ""דורון_ערן""}]",list_table,2,ארנון צדוק,ארנון_צדוק
המחצבה,המחצבה,1990,דרמה,"[{""name"": ""רוני ניניו"", ""slug"": ""רוני_ניניו""}]",list_table,0,אורי גבריאל,אורי_גבריאל
המחצבה,המחצבה,1990,דרמה,"[{""name"": ""רוני ניניו"", ""slug"": ""רוני_ניניו""}]",list_table,1,ששון גבאי,ששון_גבאי
המחצבה,המחצבה,1990,דרמה,"[{""name"": ""רוני ניניו"", ""slug"": ""רוני_ניניו""}]",list_table,2,חנה אזולאי-הספרי,חנה_אזולאי-הספרי
ניפגש_בסיבוב_(סרט),ניפגש בסיבוב,1990,קומדיה,"[{""name"": ""יהודה ברקן"", ""slug"": ""יהודה_ברקן""}, {""name"": ""עזרא שם טוב"", ""slug"": null}]",list_table,0,יהודה ברקן,
"נשיקה_במצ""ח","נשיקה במצ""ח",1990,דרמה,"[{""name"": ""סם פירסטנברג"", ""slug"": ""סם_פירסטנברג""}]",list_table,0,יהודה ברקן,
אבא_גנוב_3,אבא גנוב 3,1991,דרמה,"[{""name"": ""איילת מנחמי"", ""slug"": ""איילת_מנחמי""}]",list_table,0,יהודה ברקן,יהודה_ברקן
אבא_גנוב_3,אבא גנוב 3,1991,דרמה,"[{""name"": ""איילת מנחמי"", ""slug"": ""איילת_מנחמי""}]",list_table,1,בן ציון,
אזרח_אמריקאי,אזרח אמריקאי,1991,דרמה,"[{""name"": ""איתן גרין"", ""slug"": null}]",list_table,0,גיא גארנר,
אזרח_אמריקאי,אזרח אמריקאי,1991,דרמה,"[{""name"": ""איתן גרין"", ""slug"": null}]",list_table,1,איצ'ו אביטל,איצ'ו_אביטל
אזרח_אמריקאי,אזרח אמריקאי,1991,דרמה,"[{""name"": ""איתן גרין"", ""slug"": null}]",list_table,2,אווה חדד,אווה_חדד
אזרח_אמריקאי,אזרח אמריקאי,1991,דרמה,"[{""name"": ""איתן גרין"", ""slug"": null}]",list_table,3,חיים בנאי,חיים_בנאי
אזרח_אמריקאי,אזרח אמריקאי,1991,דרמה,"[{""name"": ""איתן גרין"", ""slug"": null}]",list_table,4,ברוך דוד,ברוך_דוד
__title__:אחרי המלחמה__1991,אחרי המלחמה,1991,,"[{""name"": ""אורי ברבש"", ""slug"": ""אורי_ברבש""}]",list_table,0,אסי דיין,אסי_דיין
__title__:אחרי המלחמה__1991,אחרי המלחמה,1991,,"[{""name"": ""אורי ברבש"", ""slug"": ""אורי_ברבש""}]",list_table,1,רבקה נוימן,רבקה_נוימן
__title__:אחרי המלחמה__1991,אחרי המלחמה,1991,,"[{""name"": ""אורי ברבש"", ""slug"": ""אורי_ברבש""}]",list_table,2,נטע מורן,נטע_מורן
זמן_אמת_(1991),זמן אמת,1991,דרמה,"[{""name"": ""אורי ברבש"", ""slug"": ""אורי_ברבש""}]",list_table,0,אסי דיין,אסי_דיין
זמן_אמת_(1991),זמן אמת,1991,דרמה,"[{""name"": ""אורי ברבש"", ""slug"": ""אורי_ברבש""}]",list_table,1,נטע מורן,נטע_מורן
זמן_אמת_(1991),זמן אמת,1991,דרמה,"[{""name"": ""אורי ברבש"", ""slug"": ""אורי_ברבש""}]",list_table,2,חנה מרון,חנה_מרון
עונת_הדובדבנים,עונת הדובדבנים,1991,דרמה,"[{""name"": ""חיים בוזגלו"", ""slug"": null}]",list_table,0,גיל פרנק,גיל_פרנק
עונת_הדובדבנים,עונת הדובדבנים,1991,דרמה,"[{""name"": ""חיים בוזגלו"", ""slug"": null}]",list_table,1,עידית טפרסון,עידית_טפרסון
שורו_(סרט),שורו,1991,קומדיה,"[{""name"": ""שבי גביזון"", ""slug"": null}]",list_table,0,משה איבגי,משה_איבגי
שורו_(סרט),שורו,1991,קומדיה,"[{""name"": ""שבי גביזון"", ""slug"": null}]",list_table,1,קרן מור,קרן_מור
אדי_קינג,אדי קינג,1992,קומדיה,"[{""name"": ""גידי דר"", ""slug"": null}]",list_table,0,רונית אלקבץ,רונית_אלקבץ
אדי_קינג,אדי קינג,1992,קומדיה,"[{""name"": ""גידי דר"", ""slug"": null}]",list_table,1,שולי רנד,שולי_רנד
אדי_קינג,אדי קינג,1992,קומדיה,"[{""name"": ""גידי דר"", ""slug"": null}]",list_table,2,איתן בלום,
גברת_תפתחי_זה_אני,גברת תפתחי זה אני,1992,קומדיה,"[{""name"": ""יהודה ברקן"", ""slug"": null}]",list_table,0,יהודה ברקן,
גמר_גביע,גמר גביע,1992,דרמה,"[{""name"": ""ערן ריקליס"", ""slug"": ""ערן_ריקליס""}]",list_table,0,משה איבגי,משה_איבגי
גמר_גביע,גמר גביע,1992,דרמה,"[{""name"": ""ערן ריקליס"", ""slug"": ""ערן_ריקליס""}]",list_table,1,מוחמד בכרי,מוחמד_בכרי
גמר_גביע,גמר גביע,1992,דרמה,"[{""name"": ""ערן ריקליס"", ""slug"": ""ערן_ריקליס""}]",list_table,2,סלים דאו,סלים_דאו
גמר_גביע,גמר גביע,1992,דרמה,"[{""name"": ""ערן ריקליס"", ""slug"": ""ערן_ריקליס""}]",list_table,3,בסאם זועמוט,בסאם_זועמוט
החיים_על_פי_אגפא,החיים על פי אגפא,1992,דרמה,"[{""name"": ""אסי דיין"", ""slug"": null}]",list_table,0,גילה אלמגור,גילה_אלמגור
החיים_על_פי_אגפא,החיים על פי אגפא,1992,דרמה,"[{""name"": ""אסי דיין"", ""slug"": null}]",list_table,1,אלון אבוטבול,אלון_אבוטבול
טיפת_מזל,טיפת מזל,1992,דרמה,"[{""name"": ""זאב רווח"", ""slug"": null}]",list_table,0,זהבה בן,זהבה_בן
כבלים_(סרט),כבלים,1992,קומדיה,"[{""name"": ""צבי שיסל"", ""slug"": null}]",list_table,0,אריק איינשטיין,
כבלים_(סרט),כבלים,1992,קומדיה,"[{""name"": ""צבי שיסל"", ""slug"": null}]",list_table,1,מוני מושונוב,
כבלים_(סרט),כבלים,1992,קומדיה,"[{""name"": ""צבי שיסל"", ""slug"": null}]",list_table,2,צבי שיסל,
ללקק_ת'תות,ללקק ת'תות,1992,קומדיה,"[{""name"": ""אורי ברבש"", ""slug"": ""אורי_ברבש""}]",list_table,0,אקי אבני,אקי_אבני
ללקק_ת'תות,ללקק ת'תות,1992,קומדיה,"[{""name"": ""אורי ברבש"", ""slug"": ""אורי_ברבש""}]",list_table,1,אורי בנאי,אורי_בנאי
ללקק_ת'תות,ללקק ת'תות,1992,קומדיה,"[{""name"": ""אורי ברבש"", ""slug"": ""אורי_ברבש""}]",list_table,2,אורי גוטליב,אורי_גוטליב
ללקק_ת'תות,ללקק ת'תות,1992,קומדיה,"[{""name"": ""אורי ברבש"", ""slug"": ""אורי_ברבש""}]",list_table,3,אלברט אילוז,אלברט_אילוז
מאחורי_הסורגים_2,מאחורי הסורגים 2,1992,דרמה,"[{""name"": ""אורי ברבש"", ""slug"": ""אורי_ברבש""}]",list_table,0,מוחמד בכרי,מוחמד_בכרי
מאחורי_הסורגים_2,מאחורי הסורגים 2,1992,דרמה,"[{""name"": ""אורי ברבש"", ""slug"": ""אורי_ברבש""}]",list_table,1,ארנון צדוק,ארנון_צדוק
"נערי_החוף_(סרט,_1992)",נערי החוף,1992,דרמה,"[{""name"": ""צורי מימון"", ""slug"": null}]",list_table,0,אקי אבני,אקי_אבני
סיפורי_תל_אביב,סיפורי תל אביב,1992,קומדיה,"[{""name"": ""איילת מנחמי"", ""slug"": null}, {""name"": ""נירית ירון"", ""slug"": null}]",list_table,0,יעל אבקסיס,יעל_אבקסיס
סיפורי_תל_אביב,סיפורי תל אביב,1992,קומדיה,"[{""name"": ""איילת מנחמי"", ""slug"": null}, {""name"": ""נירית ירון"", ""slug"": null}]",list_table,1,רותי גולדברג,
סיפורי_תל_אביב,סיפורי תל אביב,1992,קומדיה,"[{""name"": ""איילת מנחמי"", ""slug"": null}, {""name"": ""נירית ירון"", ""slug"": null}]",list_table,2,ענת וקסמן,ענת_וקסמן
אישה_זרה,אישה זרה,1993,דרמה,"[{""name"": ""מיכל בת-אדם"", ""slug"": null}]",list_table,0,מיכל בת-אדם,
גולם_במעגל_(סרט),גולם במעגל,1993,דרמה,"[{""name"": ""ענר פרמינגר"", ""slug"": null}]",list_table,0,חגית דסברג,חגית_דסברג
גרופי,גרופי,1993,דרמה,"[{""name"": ""נדב לויתן"", ""slug"": null}]",list_table,0,מילי אביטל,מילי_אביטל
גרופי,גרופי,1993,דרמה,"[{""name"": ""נדב לויתן"", ""slug"": null}]",list_table,1,דנה דבורין,דנה_דבורין
"הירושה_(סרט,_1993)",הירושה,1993,דרמה,"[{""name"": ""אמנון רובינשטיין"", ""slug"": ""אמנון_רובינשטיין_(במאי)""}]",list_table,0,יעל אבקסיס,יעל_אבקסיס
"הירושה_(סרט,_1993)",הירושה,1993,דרמה,"[{""name"": ""אמנון רובינשטיין"", ""slug"": ""אמנון_רובינשטיין_(במאי)""}]",list_table,1,אלון אבוטבול,אלון_אבוטבול
"הירושה_(סרט,_1993)",הירושה,1993,דרמה,"[{""name"": ""אמנון רובינשטיין"", ""slug"": ""אמנון_רובינשטיין_(במאי)""}]",list_table,2,אבי טולדנו,אבי_טולדנו
זוהר_(סרט),זוהר,1993,דרמה,"[{""name"": ""ערן ריקליס"", ""slug"": ""ערן_ריקליס""}]",list_table,0,שאול מזרחי,שאול_מזרחי
זוהר_(סרט),זוהר,1993,דרמה,"[{""name"": ""ערן ריקליס"", ""slug"": ""ערן_ריקליס""}]",list_table,1,דפנה דקל,דפנה_דקל
זוהר_(סרט),זוהר,1993,דרמה,"[{""name"": ""ערן ריקליס"", ""slug"": ""ערן_ריקליס""}]",list_table,2,ג'וליאנו מר,ג'וליאנו_מר
מחפשת_בעל_על_ארבע,מחפשת בעל על ארבע,1993,קומדיה,"[{""name"": ""שמעון אזולאי"", ""slug"": null}]",list_table,0,יהודה ברקן,יהודה_ברקן
נקמתו_של_איציק_פינקלשטיין,נקמתו של איציק פינקלשטיין,1993,קומדיה,"[{""name"": ""אנריקה רוטנברג"", ""slug"": ""אנריקה_רוטנברג""}]",list_table,0,משה איבגי,משה_איבגי
נקמתו_של_איציק_פינקלשטיין,נקמתו של איציק פינקלשטיין,1993,קומדיה,"[{""name"": ""אנריקה רוטנברג"", ""slug"": ""אנריקה_רוטנברג""}]",list_table,1,דבורה קידר,
איה:_אוטוביוגרפיה_דמיונית,איה: אוטוביוגרפיה דמיונית,1994,דרמה,"[{""name"": ""מיכל בת-אדם"", ""slug"": null}]",list_table,0,מיכל זוארץ,מיכל_זוארץ
איה:_אוטוביוגרפיה_דמיונית,איה: אוטוביוגרפיה דמיונית,1994,דרמה,"[{""name"": ""מיכל בת-אדם"", ""slug"": null}]",list_table,1,מיכל בת-אדם,
שלג_באוגוסט,שלג באוגוסט,1994,דרמה,"[{""name"": ""חגי לוי"", ""slug"": ""חגי_לוי_(איש_תקשורת)""}]",list_table,0,רמי הויברגר,רמי_הויברגר
שלג_באוגוסט,שלג באוגוסט,1994,דרמה,"[{""name"": ""חגי לוי"", ""slug"": ""חגי_לוי_(איש_תקשורת)""}]",list_table,1,אביגיל אריאלי,אביגיל_אריאלי
שלג_באוגוסט,שלג באוגוסט,1994,דרמה,"[{""name"": ""חגי לוי"", ""slug"": ""חגי_לוי_(איש_תקשורת)""}]",list_table,2,שי אביבי,שי_אביבי
שלג_באוגוסט,שלג באוגוסט,1994,דרמה,"[{""name"": ""חגי לוי"", ""slug"": ""חגי_לוי_(איש_תקשורת)""}]",list_table,3,גלי בן נר,
סיפור_שמתחיל_בלוויה_של_נחש,סיפור שמתחיל בלוויה של נחש,1994,דרמה,"[{""name"": ""דינה צבי ריקליס"", ""slug"": ""דינה_צבי_ריקליס""}]",list_table,0,משה איבגי,משה_איבגי
סיפור_שמתחיל_בלוויה_של_נחש,סיפור שמתחיל בלוויה של נחש,1994,דרמה,"[{""name"": ""דינה צבי ריקליס"", ""slug"": ""דינה_צבי_ריקליס""}]",list_table,1,ריטה שוקרון,ריטה_שוקרון
ארץ_חדשה_(סרט),ארץ חדשה,1994,דרמה,"[{""name"": ""אורנה בן דור"", ""slug"": ""אורנה_בן_דור""}]",list_table,0,אניה בוקשטיין,אניה_בוקשטיין
ארץ_חדשה_(סרט),ארץ חדשה,1994,דרמה,"[{""name"": ""אורנה בן דור"", ""slug"": ""אורנה_בן_דור""}]",list_table,1,מיכאל פלמן,
ארץ_חדשה_(סרט),ארץ חדשה,1994,דרמה,"[{""name"": ""אורנה בן דור"", ""slug"": ""אורנה_בן_דור""}]",list_table,2,אתי אנקרי,אתי_אנקרי
הגמל_המעופף_(סרט),הגמל המעופף,1994,קומדיה,"[{""name"": ""רמי נעמן"", ""slug"": null}]",list_table,0,מוסקו אלקלעי,מוסקו_אלקלעי
הגמל_המעופף_(סרט),הגמל המעופף,1994,קומדיה,"[{""name"": ""רמי נעמן"", ""slug"": null}]",list_table,1,גבי עמרני,גבי_עמרני
הגמל_המעופף_(סרט),הגמל המעופף,1994,קומדיה,"[{""name"": ""רמי נעמן"", ""slug"": null}]",list_table,2,גילת אנקורי,גילת_אנקורי
המרחק,המרחק,1994,דרמה,"[{""name"": ""דן וולמן"", ""slug"": null}]",list_table,0,ג'ניה צ'רניק,
מקס_ומוריס,מקס ומוריס,1994,קומדיה,"[{""name"": ""יעקב גולדווסר"", ""slug"": ""יעקב_גולדווסר""}]",list_table,0,משה איבגי,משה_איבגי
מקס_ומוריס,מקס ומוריס,1994,קומדיה,"[{""name"": ""יעקב גולדווסר"", ""slug"": ""יעקב_גולדווסר""}]",list_table,1,אורי גבריאל,אורי_גבריאל
שחור_(סרט),שחור,1994,דרמה,"[{""name"": ""שמואל הספרי"", ""slug"": ""שמואל_הספרי""}]",list_table,0,גילה אלמגור,גילה_אלמגור
שחור_(סרט),שחור,1994,דרמה,"[{""name"": ""שמואל הספרי"", ""slug"": ""שמואל_הספרי""}]",list_table,1,רונית אלקבץ,רונית_אלקבץ
שחור_(סרט),שחור,1994,דרמה,"[{""name"": ""שמואל הספרי"", ""slug"": ""שמואל_הספרי""}]",list_table,2,חנה אזולאי-הספרי,
"צלקת_(סרט,_1994)",צלקת,1994,דרמה,"[{""name"": ""חיים בוזגלו"", ""slug"": null}]",list_table,0,רובין רנוצ'י,
"צלקת_(סרט,_1994)",צלקת,1994,דרמה,"[{""name"": ""חיים בוזגלו"", ""slug"": null}]",list_table,1,אנדריאה פראול,
"צלקת_(סרט,_1994)",צלקת,1994,דרמה,"[{""name"": ""חיים בוזגלו"", ""slug"": null}]",list_table,2,ששון גבאי,ששון_גבאי
"צלקת_(סרט,_1994)",צלקת,1994,דרמה,"[{""name"": ""חיים בוזגלו"", ""slug"": null}]",list_table,3,רונית אלקבץ,
שירת_הסירנה_(סרט),שירת הסירנה,1994,קומדיה,"[{""name"": ""איתן פוקס"", ""slug"": ""איתן_פוקס""}]",list_table,0,דלית קהן,דלית_קהן
שירת_הסירנה_(סרט),שירת הסירנה,1994,קומדיה,"[{""name"": ""איתן פוקס"", ""slug"": ""איתן_פוקס""}]",list_table,1,יאיר לפיד,יאיר_לפיד
ב-72_לא_הייתה_מלחמה,ב-72 לא הייתה מלחמה,1995,דרמה,"[{""name"": ""דודו קריינר"", ""slug"": null}]",list_table,0,אדם אבולעפיה,
ב-72_לא_הייתה_מלחמה,ב-72 לא הייתה מלחמה,1995,דרמה,"[{""name"": ""דודו קריינר"", ""slug"": null}]",list_table,1,שמואל אדלמן,שמואל_אדלמן
ב-72_לא_הייתה_מלחמה,ב-72 לא הייתה מלחמה,1995,דרמה,"[{""name"": ""דודו קריינר"", ""slug"": null}]",list_table,2,אווה חדד,אווה_חדד
ב-72_לא_הייתה_מלחמה,ב-72 לא הייתה מלחמה,1995,דרמה,"[{""name"": ""דודו קריינר"", ""slug"": null}]",list_table,3,נטלי עטיה,נטלי_עטיה
זכרון_דברים_(סרט),זיכרון דברים,1995,דרמה,"[{""name"": ""עמוס גיתאי"", ""slug"": ""עמוס_גיתאי""}]",list_table,0,אסי דיין,אסי_דיין
זכרון_דברים_(סרט),זיכרון דברים,1995,דרמה,"[{""name"": ""עמוס גיתאי"", ""slug"": ""עמוס_גיתאי""}]",list_table,1,עמוס שוב,עמוס_שוב
זכרון_דברים_(סרט),זיכרון דברים,1995,דרמה,"[{""name"": ""עמוס גיתאי"", ""slug"": ""עמוס_גיתאי""}]",list_table,2,עמוס גיתאי,
חולה_אהבה_בשיכון_ג',חולה אהבה בשיכון ג',1995,דרמה,"[{""name"": ""שבי גביזון"", ""slug"": null}]",list_table,0,משה איבגי,משה_איבגי
חולה_אהבה_בשיכון_ג',חולה אהבה בשיכון ג',1995,דרמה,"[{""name"": ""שבי גביזון"", ""slug"": null}]",list_table,1,חנה אזולאי-הספרי,חנה_אזולאי-הספרי
חולה_אהבה_בשיכון_ג',חולה אהבה בשיכון ג',1995,דרמה,"[{""name"": ""שבי גביזון"", ""slug"": null}]",list_table,2,אביטל דיקר,אביטל_דיקר
לילסדה,לילסדה,1995,דרמה,"[{""name"": ""שמי זרחין"", ""slug"": null}]",list_table,0,גילה אלמגור,גילה_אלמגור
לילסדה,לילסדה,1995,דרמה,"[{""name"": ""שמי זרחין"", ""slug"": null}]",list_table,1,אלון אבוטבול,אלון_אבוטבול
לילסדה,לילסדה,1995,דרמה,"[{""name"": ""שמי זרחין"", ""slug"": null}]",list_table,2,יוסף שילוח,יוסף_שילוח
עץ_הדומים_תפוס_(סרט),עץ הדומים תפוס,1995,דרמה,"[{""name"": ""אלי כהן"", ""slug"": ""אלי_כהן_(במאי)""}]",list_table,0,קאיפו כהן,קאיפו_כהן
עץ_הדומים_תפוס_(סרט),עץ הדומים תפוס,1995,דרמה,"[{""name"": ""אלי כהן"", ""slug"": ""אלי_כהן_(במאי)""}]",list_table,1,ג'וליאנו מר,ג'וליאנו_מר
עץ_הדומים_תפוס_(סרט),עץ הדומים תפוס,1995,דרמה,"[{""name"": ""אלי כהן"", ""slug"": ""אלי_כהן_(במאי)""}]",list_table,2,גילה אלמגור,
שמיכה_חשמלית_ושמה_משה,שמיכה חשמלית ושמה משה,1995,דרמה,"[{""name"": ""אסי דיין"", ""slug"": null}]",list_table,0,רבקה נוימן,רבקה_נוימן
שמיכה_חשמלית_ושמה_משה,שמיכה חשמלית ושמה משה,1995,דרמה,"[{""name"": ""אסי דיין"", ""slug"": null}]",list_table,1,שמיל בן ארי,שמיל_בן_ארי
שמיכה_חשמלית_ושמה_משה,שמיכה חשמלית ושמה משה,1995,דרמה,"[{""name"": ""אסי דיין"", ""slug"": null}]",list_table,2,אורי קלאוזנר,אורי_קלאוזנר
ילדי_קניון_הזהב,ילדי קניון הזהב,1995,,"[{""name"": ""דניאל אסף"", ""slug"": null}, {""name"": ""אושרי הילזנרט"", ""slug"": null}]",list_table,0,צביקה שוורצברג,צביקה_שוורצברג
אושר_ללא_גבול,אושר ללא גבול,1996,קומדיה,"[{""name"": ""יגאל בורשטיין"", ""slug"": null}]",list_table,0,אריאל זילבר,אריאל_זילבר
האיטלקים_באים,האיטלקים באים,1996,דרמה,"[{""name"": ""אייל חלפון"", ""slug"": null}]",list_table,0,פרנקו נרו,פרנקו_נרו
האיטלקים_באים,האיטלקים באים,1996,דרמה,"[{""name"": ""אייל חלפון"", ""slug"": null}]",list_table,1,אשר צרפתי,אשר_צרפתי
__title__:החצי השני__1996,החצי השני,1996,קומדיה,"[{""name"": ""אורי ענבר"", ""slug"": ""אורי_ענבר""}]",list_table,0,אורנה בנאי,אורנה_בנאי
__title__:החצי השני__1996,החצי השני,1996,קומדיה,"[{""name"": ""אורי ענבר"", ""slug"": ""אורי_ענבר""}]",list_table,1,אלון אבוטבול,אלון_אבוטבול
זולגות_הדמעות_מעצמן,זולגות הדמעות מעצמן,1996,דרמה,"[{""name"": ""איתן גרין"", ""slug"": null}]",list_table,0,אבי גרייניק,אבי_גרייניק
זולגות_הדמעות_מעצמן,זולגות הדמעות מעצמן,1996,דרמה,"[{""name"": ""איתן גרין"", ""slug"": null}]",list_table,1,אריה מוסקונה,אריה_מוסקונה
כלבים_לא_נובחים_בירוק,כלבים לא נובחים בירוק,1996,קומדיה,"[{""name"": ""ארנה רביב"", ""slug"": ""ארנה_רביב""}, {""name"": ""יונתן רביב"", ""slug"": null}]",list_table,0,קרן מור,קרן_מור
כלבים_לא_נובחים_בירוק,כלבים לא נובחים בירוק,1996,קומדיה,"[{""name"": ""ארנה רביב"", ""slug"": ""ארנה_רביב""}, {""name"": ""יונתן רביב"", ""slug"": null}]",list_table,1,רמי הויברגר,רמי_הויברגר
כלבים_לא_נובחים_בירוק,כלבים לא נובחים בירוק,1996,קומדיה,"[{""name"": ""ארנה רביב"", ""slug"": ""ארנה_רביב""}, {""name"": ""יונתן רביב"", ""slug"": null}]",list_table,2,מנשה נוי,מנשה_נוי
כלבים_לא_נובחים_בירוק,כלבים לא נובחים בירוק,1996,קומדיה,"[{""name"": ""ארנה רביב"", ""slug"": ""ארנה_רביב""}, {""name"": ""יונתן רביב"", ""slug"": null}]",list_table,3,דב נבון,דב_נבון
__title__:כרוניקה של היעלמות__1996,כרוניקה של היעלמות,1996,דרמה,"[{""name"": ""אליה סולימאן"", ""slug"": null}]",list_table,0,אליה סולימאן,
לילה_לבן_(סרט),לילה לבן,1996,דרמה,"[{""name"": ""ארנון צדוק"", ""slug"": null}]",list_table,0,שרון אלכסנדר,שרון_אלכסנדר
לילה_לבן_(סרט),לילה לבן,1996,דרמה,"[{""name"": ""ארנון צדוק"", ""slug"": null}]",list_table,1,עידן אלתרמן,עידן_אלתרמן
לילה_לבן_(סרט),לילה לבן,1996,דרמה,"[{""name"": ""ארנון צדוק"", ""slug"": null}]",list_table,2,לאורה ריבלין,לאורה_ריבלין
לנגד_עיניים_מערביות,לנגד עיניים מערביות,1996,דרמה,"[{""name"": ""יוסף פיצ'חדזה"", ""slug"": null}]",list_table,0,אייל שכטר,אייל_שכטר
לנגד_עיניים_מערביות,לנגד עיניים מערביות,1996,דרמה,"[{""name"": ""יוסף פיצ'חדזה"", ""slug"": null}]",list_table,1,ליאת גליק,ליאת_גליק
__title__:מילים__1996,מילים,1996,דרמה,"[{""name"": ""עמוס גיתאי"", ""slug"": null}]",list_table,0,רונית אלקבץ,רונית_אלקבץ
__title__:מילים__1996,מילים,1996,דרמה,"[{""name"": ""עמוס גיתאי"", ""slug"": null}]",list_table,1,שמואל פולר,
__title__:נשים__1996,נשים,1996,דרמה,"[{""name"": ""משה מזרחי"", ""slug"": null}]",list_table,0,מיכל בת-אדם,מיכל_בת-אדם
צעירים_לנצח,צעירים לנצח,1996,דרמה,"[{""name"": ""מיכאל בהגן"", ""slug"": null}]",list_table,0,סער בדישי,סער_בדישי
צעירים_לנצח,צעירים לנצח,1996,דרמה,"[{""name"": ""מיכאל בהגן"", ""slug"": null}]",list_table,1,אורי גבריאל,אורי_גבריאל
צעירים_לנצח,צעירים לנצח,1996,דרמה,"[{""name"": ""מיכאל בהגן"", ""slug"": null}]",list_table,2,ארנון צדוק,ארנון_צדוק
צעירים_לנצח,צעירים לנצח,1996,דרמה,"[{""name"": ""מיכאל בהגן"", ""slug"": null}]",list_table,3,מיכל זוארץ,מיכל_זוארץ
קלרה_הקדושה,קלרה הקדושה,1996,דרמה,"[{""name"": ""ארי פולמן"", ""slug"": null}, {""name"": ""אורי סיון"", ""slug"": null}]",list_table,0,לוסי דובינצ'יק,לוסי_דובינצ'יק
קלרה_הקדושה,קלרה הקדושה,1996,דרמה,"[{""name"": ""ארי פולמן"", ""slug"": null}, {""name"": ""אורי סיון"", ""slug"": null}]",list_table,1,חליל אלוהב,
קשר_דם_(סרט),קשר דם,1996,דרמה,"[{""name"": ""יקי יושע"", ""slug"": null}]",list_table,0,עמוס לביא,עמוס_לביא
קשר_דם_(סרט),קשר דם,1996,דרמה,"[{""name"": ""יקי יושע"", ""slug"": null}]",list_table,1,יעל הדר,יעל_הדר
קשר_דם_(סרט),קשר דם,1996,דרמה,"[{""name"": ""יקי יושע"", ""slug"": null}]",list_table,2,אביטל דיקר,אביטל_דיקר
מי_האבא?,מי האבא?,1996,קומדיה,"[{""name"": ""אלי קנר"", ""slug"": ""אלי_קנר""}]",list_table,0,דובי גל,דובי_גל
מי_האבא?,מי האבא?,1996,קומדיה,"[{""name"": ""אלי קנר"", ""slug"": ""אלי_קנר""}]",list_table,1,ניצה שאול,ניצה_שאול
מי_האבא?,מי האבא?,1996,קומדיה,"[{""name"": ""אלי קנר"", ""slug"": ""אלי_קנר""}]",list_table,2,מריה אובנוב,מריה_אובנוב
מי_האבא?,מי האבא?,1996,קומדיה,"[{""name"": ""אלי קנר"", ""slug"": ""אלי_קנר""}]",list_table,3,אורי בנאי,אורי_בנאי
אהבה_אסורה,אהבה אסורה,1997,,"[{""name"": ""יוסי זומר"", ""slug"": null}]",list_table,0,יחזקאל לזרוב,יחזקאל_לזרוב
אהבה_אסורה,אהבה אסורה,1997,,"[{""name"": ""יוסי זומר"", ""slug"": null}]",list_table,1,איילת זורר,איילת_זורר
אהבה_אסורה,אהבה אסורה,1997,,"[{""name"": ""יוסי זומר"", ""slug"": null}]",list_table,2,יגאל נאור,יגאל_נאור
אהבה_אסורה,אהבה אסורה,1997,,"[{""name"": ""יוסי זומר"", ""slug"": null}]",list_table,3,אורנה פורת,אורנה_פורת
אהבה_אסורה,אהבה אסורה,1997,,"[{""name"": ""יוסי זומר"", ""slug"": null}]",list_table,4,אלון דהן,אלון_דהן_(שחקן)
אהבה_אסורה,אהבה אסורה,1997,,"[{""name"": ""יוסי זומר"", ""slug"": null}]",list_table,5,משה איבגי,משה_איבגי
אהבה_אסורה,אהבה אסורה,1997,,"[{""name"": ""יוסי זומר"", ""slug"": null}]",list_table,6,אלברט אילוז,אלברט_אילוז
אהבה_אסורה,אהבה אסורה,1997,,"[{""name"": ""יוסי זומר"", ""slug"": null}]",list_table,7,גילי שושן,גילי_שושן
אהבה_אסורה,אהבה אסורה,1997,,"[{""name"": ""יוסי זומר"", ""slug"": null}]",list_table,8,יובל זמיר,יובל_זמיר
אהבה_אסורה,אהבה אסורה,1997,,"[{""name"": ""יוסי זומר"", ""slug"": null}]",list_table,9,שבתאי קונורטי,שבתאי_קונורטי
אהבה_אסורה,אהבה אסורה,1997,,"[{""name"": ""יוסי זומר"", ""slug"": null}]",list_table,10,ענבר סוירפמן,
אין_שמות_על_הדלתות,אין שמות על הדלתות,1997,דרמה,"[{""name"": ""נדב לויתן"", ""slug"": null}]",list_table,0,חוה אלברשטיין,חוה_אלברשטיין
אין_שמות_על_הדלתות,אין שמות על הדלתות,1997,דרמה,"[{""name"": ""נדב לויתן"", ""slug"": null}]",list_table,1,מוסקו אלקלעי,מוסקו_אלקלעי
אין_שמות_על_הדלתות,אין שמות על הדלתות,1997,דרמה,"[{""name"": ""נדב לויתן"", ""slug"": null}]",list_table,2,אבי פניני,אבי_פניני
ביפ,ביפ,1997,קומדיה,"[{""name"": ""עמית הכט"", ""slug"": null}]",list_table,0,קרן מור,קרן_מור
ביפ,ביפ,1997,קומדיה,"[{""name"": ""עמית הכט"", ""slug"": null}]",list_table,1,דפנה רכטר,דפנה_רכטר
ביפ,ביפ,1997,קומדיה,"[{""name"": ""עמית הכט"", ""slug"": null}]",list_table,2,מנשה נוי,
מינוטאור_(סרט),מינוטאור,1997,דרמה,"[{""name"": ""יונתן תמוז"", ""slug"": null}]",list_table,0,מילי אביטל,מילי_אביטל
מינוטאור_(סרט),מינוטאור,1997,דרמה,"[{""name"": ""יונתן תמוז"", ""slug"": null}]",list_table,1,דן תורג'מן,
מר_באום,מר באום,1997,דרמה,"[{""name"": ""אסי דיין"", ""slug"": null}]",list_table,0,שירה גפן,שירה_גפן
מר_באום,מר באום,1997,דרמה,"[{""name"": ""אסי דיין"", ""slug"": null}]",list_table,1,אסי דיין,
עפולה_אקספרס,עפולה אקספרס,1997,דרמה,"[{""name"": ""ג'ולי שלז"", ""slug"": ""ג'ולי_שלז""}]",list_table,0,צביקה הדר,צביקה_הדר
עפולה_אקספרס,עפולה אקספרס,1997,דרמה,"[{""name"": ""ג'ולי שלז"", ""slug"": ""ג'ולי_שלז""}]",list_table,1,אסתי זקהיים,אסתי_זקהיים
עפולה_אקספרס,עפולה אקספרס,1997,דרמה,"[{""name"": ""ג'ולי שלז"", ""slug"": ""ג'ולי_שלז""}]",list_table,2,אריה מוסקונה,אריה_מוסקונה
עפולה_אקספרס,עפולה אקספרס,1997,דרמה,"[{""name"": ""ג'ולי שלז"", ""slug"": ""ג'ולי_שלז""}]",list_table,3,אורלי פרל,אורלי_פרל
פתיחה_1812_(סרט),פתיחה 1812,1997,דרמה,"[{""name"": ""מנשה נוי"", ""slug"": null}]",list_table,0,עמי סמולרצ'יק,עמי_סמולרצ'יק
פתיחה_1812_(סרט),פתיחה 1812,1997,דרמה,"[{""name"": ""מנשה נוי"", ""slug"": null}]",list_table,1,טינקרבל,טינקרבל
פתיחה_1812_(סרט),פתיחה 1812,1997,דרמה,"[{""name"": ""מנשה נוי"", ""slug"": null}]",list_table,2,ג'וליאנו מר,ג'וליאנו_מר
פתיחה_1812_(סרט),פתיחה 1812,1997,דרמה,"[{""name"": ""מנשה נוי"", ""slug"": null}]",list_table,3,קרן מור,קרן_מור
__title__:קמפיין__1997,קמפיין,1997,דרמה,"[{""name"": ""שמואל הספרי"", ""slug"": ""שמואל_הספרי""}]",list_table,0,אלון אבוטבול,אלון_אבוטבול
__title__:קמפיין__1997,קמפיין,1997,דרמה,"[{""name"": ""שמואל הספרי"", ""slug"": ""שמואל_הספרי""}]",list_table,1,חנה אזולאי-הספרי,חנה_אזולאי-הספרי
__title__:קמפיין__1997,קמפיין,1997,דרמה,"[{""name"": ""שמואל הספרי"", ""slug"": ""שמואל_הספרי""}]",list_table,2,שמיל בן ארי,שמיל_בן_ארי
__title__:קמפיין__1997,קמפיין,1997,דרמה,"[{""name"": ""שמואל הספרי"", ""slug"": ""שמואל_הספרי""}]",list_table,3,ישראל פוליאקוב,ישראל_פוליאקוב
אהבה_מדרגה_ראשונה,אהבה מדרגה ראשונה,1997,,"[{""name"": ""עקיבא טבת"", ""slug"": ""עקיבא_טבת""}]",list_table,0,אלון אבוטבול,אלון_אבוטבול
אהבה_מדרגה_ראשונה,אהבה מדרגה ראשונה,1997,,"[{""name"": ""עקיבא טבת"", ""slug"": ""עקיבא_טבת""}]",list_table,1,דפנה דקל,דפנה_דקל
אהבה_מדרגה_ראשונה,אהבה מדרגה ראשונה,1997,,"[{""name"": ""עקיבא טבת"", ""slug"": ""עקיבא_טבת""}]",list_table,2,גיל פרנק,גיל_פרנק
עם_חוקים,עם חוקים,1997,דרמה,"[{""name"": ""דובר קוסאשווילי"", ""slug"": ""דובר_קוסאשווילי""}]",list_table,0,אלון אבוטבול,אלון_אבוטבול
__title__:אביב__1998,אביב,1998,דרמה,"[{""name"": ""נדב לויתן"", ""slug"": null}]",list_table,0,תכלת סמל,
__title__:אגדת האיש ששתק__1998,אגדת האיש ששתק,1998,דרמה,"[{""name"": ""דורון נשר"", ""slug"": null}]",list_table,0,שמיל בן ארי,שמיל_בן_ארי
__title__:אגדת האיש ששתק__1998,אגדת האיש ששתק,1998,דרמה,"[{""name"": ""דורון נשר"", ""slug"": null}]",list_table,1,דורין כספי,דורין_כספי
באזז,באזז,1998,דרמה,"[{""name"": ""אלי כהן"", ""slug"": ""אלי_כהן_(במאי)""}]",list_table,0,שרון צור,שרון_צור
באזז,באזז,1998,דרמה,"[{""name"": ""אלי כהן"", ""slug"": ""אלי_כהן_(במאי)""}]",list_table,1,איציק עצמון,
באזז,באזז,1998,דרמה,"[{""name"": ""אלי כהן"", ""slug"": ""אלי_כהן_(במאי)""}]",list_table,2,אהובה קרן,אהובה_קרן
באזז,באזז,1998,דרמה,"[{""name"": ""אלי כהן"", ""slug"": ""אלי_כהן_(במאי)""}]",list_table,3,יובל סגל,יובל_סגל_(1980)
כרוניקה_של_אהבה,כרוניקה של אהבה,1998,דרמה,"[{""name"": ""ציפי טרופה"", ""slug"": null}]",list_table,0,סמדר קילצ'ינסקי,סמדר_קילצ'ינסקי
כרוניקה_של_אהבה,כרוניקה של אהבה,1998,דרמה,"[{""name"": ""ציפי טרופה"", ""slug"": null}]",list_table,1,שרון אלכסנדר,שרון_אלכסנדר
יום_יום_(סרט),יום יום,1998,דרמה,"[{""name"": ""עמוס גיתאי"", ""slug"": null}]",list_table,0,משה איבגי,משה_איבגי
יום_יום_(סרט),יום יום,1998,דרמה,"[{""name"": ""עמוס גיתאי"", ""slug"": null}]",list_table,1,חנה מרון,חנה_מרון
יום_יום_(סרט),יום יום,1998,דרמה,"[{""name"": ""עמוס גיתאי"", ""slug"": null}]",list_table,2,ג'וליאנו מר,ג'וליאנו_מר
יום_יום_(סרט),יום יום,1998,דרמה,"[{""name"": ""עמוס גיתאי"", ""slug"": null}]",list_table,3,דלית קהן,דלית_קהן
מסוכנת,מסוכנת,1998,דרמה,"[{""name"": ""שמי זרחין"", ""slug"": null}]",list_table,0,גילה אלמגור,גילה_אלמגור
מסוכנת,מסוכנת,1998,דרמה,"[{""name"": ""שמי זרחין"", ""slug"": null}]",list_table,1,נתן דטנר,נתן_דטנר
מסוכנת,מסוכנת,1998,דרמה,"[{""name"": ""שמי זרחין"", ""slug"": null}]",list_table,2,משה איבגי,משה_איבגי
מסוכנת,מסוכנת,1998,דרמה,"[{""name"": ""שמי זרחין"", ""slug"": null}]",list_table,3,דרור קרן,דרור_קרן
סודות_משפחה,סודות משפחה,1998,דרמה,"[{""name"": ""ניצה גונן"", ""slug"": ""ניצה_גונן""}]",list_table,0,מיכאל הנגבי,מיכאל_הנגבי
סודות_משפחה,סודות משפחה,1998,דרמה,"[{""name"": ""ניצה גונן"", ""slug"": ""ניצה_גונן""}]",list_table,1,רומי אבולעפיה,רומי_אבולעפיה
סופר_בוי,סופר בוי,1998,ילדים,"[{""name"": ""חנוך רוזן"", ""slug"": ""חנוך_רוזן""}]",list_table,0,תום אבני,תום_אבני
סופר_בוי,סופר בוי,1998,ילדים,"[{""name"": ""חנוך רוזן"", ""slug"": ""חנוך_רוזן""}]",list_table,1,עודד תאומי,עודד_תאומי
פעמיים_בוסקילה,פעמיים בוסקילה,1998,קומדיה,"[{""name"": ""יעקב קוצקי"", ""slug"": null}, {""name"": ""זאב רווח"", ""slug"": null}]",list_table,0,גאולה נוני,גאולה_נוני
פעמיים_בוסקילה,פעמיים בוסקילה,1998,קומדיה,"[{""name"": ""יעקב קוצקי"", ""slug"": null}, {""name"": ""זאב רווח"", ""slug"": null}]",list_table,1,זאב רווח,
צדק_מוחלט,צדק מוחלט,1998,דרמה,"[{""name"": ""ארנון צדוק"", ""slug"": ""ארנון_צדוק""}]",list_table,0,גבי עמרני,גבי_עמרני
צדק_מוחלט,צדק מוחלט,1998,דרמה,"[{""name"": ""ארנון צדוק"", ""slug"": ""ארנון_צדוק""}]",list_table,1,יונה עטרי,יונה_עטרי
צדק_מוחלט,צדק מוחלט,1998,דרמה,"[{""name"": ""ארנון צדוק"", ""slug"": ""ארנון_צדוק""}]",list_table,2,סער בדישי,סער_בדישי
צדק_מוחלט,צדק מוחלט,1998,דרמה,"[{""name"": ""ארנון צדוק"", ""slug"": ""ארנון_צדוק""}]",list_table,3,שמיל בן ארי,שמיל_בן_ארי
קרקס_פלשתינה,קרקס פלשתינה,1998,דרמה,"[{""name"": ""אייל חלפון"", ""slug"": null}]",list_table,0,יורם חטב,יורם_חטב
קרקס_פלשתינה,קרקס פלשתינה,1998,דרמה,"[{""name"": ""אייל חלפון"", ""slug"": null}]",list_table,1,יבגניה דודינה,יבגניה_דודינה
קשר_עיר,קשר עיר,1998,דרמה,"[{""name"": ""יהונתן סגל"", ""slug"": null}]",list_table,0,דפנה רכטר,דפנה_רכטר
קשר_עיר,קשר עיר,1998,דרמה,"[{""name"": ""יהונתן סגל"", ""slug"": null}]",list_table,1,שרון אלכסנדר,שרון_אלכסנדר
"אהבה_ממבט_שני_(סרט,_1998)",אהבה ממבט שני,1999,דרמה,"[{""name"": ""מיכל בת-אדם"", ""slug"": null}]",list_table,0,מיכל זוארץ,מיכל_זוארץ
"אהבה_ממבט_שני_(סרט,_1998)",אהבה ממבט שני,1999,דרמה,"[{""name"": ""מיכל בת-אדם"", ""slug"": null}]",list_table,1,אלון אבוטבול,אלון_אבוטבול
החברים_של_יאנה,החברים של יאנה,1999,דרמה,"[{""name"": ""אריק קפלון"", ""slug"": null}]",list_table,0,אוולין קפלון,אוולין_קפלון
החברים_של_יאנה,החברים של יאנה,1999,דרמה,"[{""name"": ""אריק קפלון"", ""slug"": null}]",list_table,1,ניר לוי,ניר_לוי
חובו_של_אהרון_כהן,חובו של אהרון כהן,1999,דרמה,"[{""name"": ""עמליה מרגולין"", ""slug"": ""עמליה_מרגולין""}]",list_table,0,משה איבגי,משה_איבגי
חובו_של_אהרון_כהן,חובו של אהרון כהן,1999,דרמה,"[{""name"": ""עמליה מרגולין"", ""slug"": ""עמליה_מרגולין""}]",list_table,1,אביטל אברג'יל,אביטל_אברג'יל
חובו_של_אהרון_כהן,חובו של אהרון כהן,1999,דרמה,"[{""name"": ""עמליה מרגולין"", ""slug"": ""עמליה_מרגולין""}]",list_table,2,יוסוף אבו ורדה,יוסוף_אבו_ורדה
חובו_של_אהרון_כהן,חובו של אהרון כהן,1999,דרמה,"[{""name"": ""עמליה מרגולין"", ""slug"": ""עמליה_מרגולין""}]",list_table,3,אורי אברהמי,אורי_אברהמי
צומת_וולקן_(סרט),צומת וולקן,1999,דרמה,"[{""name"": ""ערן ריקליס"", ""slug"": ""ערן_ריקליס""}]",list_table,0,אורן שבו,אורן_שבו
צומת_וולקן_(סרט),צומת וולקן,1999,דרמה,"[{""name"": ""ערן ריקליס"", ""slug"": ""ערן_ריקליס""}]",list_table,1,סמי הורי,סמי_הורי
צומת_וולקן_(סרט),צומת וולקן,1999,דרמה,"[{""name"": ""ערן ריקליס"", ""slug"": ""ערן_ריקליס""}]",list_table,2,יעל הדר,יעל_הדר
צומת_וולקן_(סרט),צומת וולקן,1999,דרמה,"[{""name"": ""ערן ריקליס"", ""slug"": ""ערן_ריקליס""}]",list_table,3,דני שטג,דני_שטג
צומת_וולקן_(סרט),צומת וולקן,1999,דרמה,"[{""name"": ""ערן ריקליס"", ""slug"": ""ערן_ריקליס""}]",list_table,4,תומר שרון,תומר_שרון
צור_הדסים,צור הדסים,1999,דרמה,"[{""name"": ""ערן קולירין"", ""slug"": null}]",list_table,0,אורלי בן-גרטי,אורלי_בן-גרטי
צור_הדסים,צור הדסים,1999,דרמה,"[{""name"": ""ערן קולירין"", ""slug"": null}]",list_table,1,דני שטג,דני_שטג
צור_הדסים,צור הדסים,1999,דרמה,"[{""name"": ""ערן קולירין"", ""slug"": null}]",list_table,2,דפנה רכטר,דפנה_רכטר
צור_הדסים,צור הדסים,1999,דרמה,"[{""name"": ""ערן קולירין"", ""slug"": null}]",list_table,3,אלברט אילוז,אלברט_אילוז
קדוש_(סרט),קדוש,1999,דרמה,"[{""name"": ""עמוס גיתאי"", ""slug"": null}]",list_table,0,יעל אבקסיס,יעל_אבקסיס
קדוש_(סרט),קדוש,1999,דרמה,"[{""name"": ""עמוס גיתאי"", ""slug"": null}]",list_table,1,יורם חטב,יורם_חטב
הגרעין_הקשה,הגרעין הקשה,1999,דרמה,"[{""name"": ""ענר פרמינגר"", ""slug"": null}]",list_table,0,מיכה סלקטר,מיכה_סלקטר
הגרעין_הקשה,הגרעין הקשה,1999,דרמה,"[{""name"": ""ענר פרמינגר"", ""slug"": null}]",list_table,1,אברהם סלקטר,אברהם_סלקטר
מבצע_סבתא,מבצע סבתא,1999,קומדיה,"[{""name"": ""דרור שאול"", ""slug"": null}]",list_table,0,רמי הויברגר,רמי_הויברגר
מבצע_סבתא,מבצע סבתא,1999,קומדיה,"[{""name"": ""דרור שאול"", ""slug"": null}]",list_table,1,עמי סמולרצ'יק,עמי_סמולרצ'יק
מבצע_סבתא,מבצע סבתא,1999,קומדיה,"[{""name"": ""דרור שאול"", ""slug"": null}]",list_table,2,צח שפיצן,צח_שפיצן
אחות_זרה,אחות זרה,2000,דרמה,"[{""name"": ""דן וולמן"", ""slug"": null}]",list_table,0,תמר ירושלמי,
אחות_זרה,אחות זרה,2000,דרמה,"[{""name"": ""דן וולמן"", ""slug"": null}]",list_table,1,נלי תגר,נלי_תגר
בסמה_מוצ'ו_(סרט),בסמה מוצ'ו,2000,דרמה,"[{""name"": ""יוסף פיצ'חדזה"", ""slug"": null}]",list_table,0,ג'ק אדליסט,
בסמה_מוצ'ו_(סרט),בסמה מוצ'ו,2000,דרמה,"[{""name"": ""יוסף פיצ'חדזה"", ""slug"": null}]",list_table,1,שרון אלכסנדר,שרון_אלכסנדר
בסמה_מוצ'ו_(סרט),בסמה מוצ'ו,2000,דרמה,"[{""name"": ""יוסף פיצ'חדזה"", ""slug"": null}]",list_table,2,סלים דאו,סלים_דאו
הבולשת_חוקרת,הבולשת חוקרת,2000,דרמה,"[{""name"": ""מרק רוזנבאום"", ""slug"": ""מרק_רוזנבאום""}]",list_table,0,משה איבגי,משה_איבגי
הבולשת_חוקרת,הבולשת חוקרת,2000,דרמה,"[{""name"": ""מרק רוזנבאום"", ""slug"": ""מרק_רוזנבאום""}]",list_table,1,אקי אבני,אקי_אבני
ההסדר,ההסדר,2000,דרמה,"[{""name"": ""יוסף סידר"", ""slug"": null}]",list_table,0,אקי אבני,אקי_אבני
ההסדר,ההסדר,2000,דרמה,"[{""name"": ""יוסף סידר"", ""slug"": null}]",list_table,1,טינקרבל,טינקרבל
ההסדר,ההסדר,2000,דרמה,"[{""name"": ""יוסף סידר"", ""slug"": null}]",list_table,2,עידן אלתרמן,עידן_אלתרמן
ההסדר,ההסדר,2000,דרמה,"[{""name"": ""יוסף סידר"", ""slug"": null}]",list_table,3,אסי דיין,אסי_דיין
כיפור_(סרט),כיפור,2000,דרמה,"[{""name"": ""עמוס גיתאי"", ""slug"": null}]",list_table,0,לירון לבו,לירון_לבו
כיפור_(סרט),כיפור,2000,דרמה,"[{""name"": ""עמוס גיתאי"", ""slug"": null}]",list_table,1,תומר רוסו,תומר_רוסו
כיפור_(סרט),כיפור,2000,דרמה,"[{""name"": ""עמוס גיתאי"", ""slug"": null}]",list_table,2,אורי קלאוזנר,אורי_קלאוזנר
כיפור_(סרט),כיפור,2000,דרמה,"[{""name"": ""עמוס גיתאי"", ""slug"": null}]",list_table,3,יורם חטב,יורם_חטב
משהו_טוטאלי,משהו טוטאלי,2000,קומדיה,"[{""name"": ""גור בנטביץ'"", ""slug"": null}]",list_table,0,מאור כהן,מאור_כהן
משהו_טוטאלי,משהו טוטאלי,2000,קומדיה,"[{""name"": ""גור בנטביץ'"", ""slug"": null}]",list_table,1,זוהר דינר,
משהו_טוטאלי,משהו טוטאלי,2000,קומדיה,"[{""name"": ""גור בנטביץ'"", ""slug"": null}]",list_table,2,טינקרבל,טינקרבל
משהו_טוטאלי,משהו טוטאלי,2000,קומדיה,"[{""name"": ""גור בנטביץ'"", ""slug"": null}]",list_table,3,גור בנטביץ',
"פרא_(סרט,_1999)",פרא,2000,דרמה,"[{""name"": ""יורם גל"", ""slug"": null}]",list_table,0,עומר ברנע,עומר_ברנע
"פרא_(סרט,_1999)",פרא,2000,דרמה,"[{""name"": ""יורם גל"", ""slug"": null}]",list_table,1,דור פלס,דור_פלס
"פרא_(סרט,_1999)",פרא,2000,דרמה,"[{""name"": ""יורם גל"", ""slug"": null}]",list_table,2,עדי עזרוני,עדי_עזרוני
__title__:קינוח__2000,קינוח,2000,דרמה,"[{""name"": ""עמית סקומסקי"", ""slug"": null}]",list_table,0,יהודה אפרוני,יהודה_אפרוני
__title__:קינוח__2000,קינוח,2000,דרמה,"[{""name"": ""עמית סקומסקי"", ""slug"": null}]",list_table,1,רות פרחי,רות_פרחי
__title__:קינוח__2000,קינוח,2000,דרמה,"[{""name"": ""עמית סקומסקי"", ""slug"": null}]",list_table,2,יאיר נשר,
Made_in_Israel,Made in Israel,2001,דרמה,"[{""name"": ""ארי פולמן"", ""slug"": null}]",list_table,0,מנשה נוי,מנשה_נוי
Made_in_Israel,Made in Israel,2001,דרמה,"[{""name"": ""ארי פולמן"", ""slug"": null}]",list_table,1,יבגניה דודינה,יבגניה_דודינה
Made_in_Israel,Made in Israel,2001,דרמה,"[{""name"": ""ארי פולמן"", ""slug"": null}]",list_table,2,דרור קרן,דרור_קרן
אינג'יל,אינג'יל,2001,דרמה,"[{""name"": ""ארנון צדוק"", ""slug"": ""ארנון_צדוק""}]",list_table,0,עידן ברדך,
אינג'יל,אינג'יל,2001,דרמה,"[{""name"": ""ארנון צדוק"", ""slug"": ""ארנון_צדוק""}]",list_table,1,עומר ברנע,עומר_ברנע
אינג'יל,אינג'יל,2001,דרמה,"[{""name"": ""ארנון צדוק"", ""slug"": ""ארנון_צדוק""}]",list_table,2,יונתן צ'רצ'י,יונתן_צ'רצ'י
אינג'יל,אינג'יל,2001,דרמה,"[{""name"": ""ארנון צדוק"", ""slug"": ""ארנון_צדוק""}]",list_table,3,אושרי כהן,אושרי_כהן
אספלט_צהוב,אספלט צהוב,2001,דרמה,"[{""name"": ""דני ורטה"", ""slug"": null}]",list_table,0,סמי סמיר,סמי_סמיר
אספלט_צהוב,אספלט צהוב,2001,דרמה,"[{""name"": ""דני ורטה"", ""slug"": null}]",list_table,1,טטיאנה בלכר,
אסקימו_לימון_9_-_החגיגה_נמשכת,אסקימו לימון 9 - החגיגה נמשכת,2001,קומדיה,"[{""name"": ""צבי שיסל"", ""slug"": ""צבי_שיסל""}]",list_table,0,ניקי גולדשטיין,ניקי_גולדשטיין
אסקימו_לימון_9_-_החגיגה_נמשכת,אסקימו לימון 9 - החגיגה נמשכת,2001,קומדיה,"[{""name"": ""צבי שיסל"", ""slug"": ""צבי_שיסל""}]",list_table,1,עידו לב,עידו_לב
אסקימו_לימון_9_-_החגיגה_נמשכת,אסקימו לימון 9 - החגיגה נמשכת,2001,קומדיה,"[{""name"": ""צבי שיסל"", ""slug"": ""צבי_שיסל""}]",list_table,2,אלעד סטפנסקי,
ג'ירפות_(סרט),ג'ירפות,2001,דרמה,"[{""name"": ""צחי גראד"", ""slug"": null}]",list_table,0,מיטל דוהן,מיטל_דוהן
ג'ירפות_(סרט),ג'ירפות,2001,דרמה,"[{""name"": ""צחי גראד"", ""slug"": null}]",list_table,1,ליאת גליק,ליאת_גליק
ג'ירפות_(סרט),ג'ירפות,2001,דרמה,"[{""name"": ""צחי גראד"", ""slug"": null}]",list_table,2,טינקרבל,טינקרבל
חמש_דקות_בהליכה,חמש דקות בהליכה,2001,דרמה,"[{""name"": ""איתי לב"", ""slug"": ""איתי_לב_(במאי)""}]",list_table,0,אלון אבוטבול,אלון_אבוטבול
חמש_דקות_בהליכה,חמש דקות בהליכה,2001,דרמה,"[{""name"": ""איתי לב"", ""slug"": ""איתי_לב_(במאי)""}]",list_table,1,שרון אלכסנדר,שרון_אלכסנדר
חמש_דקות_בהליכה,חמש דקות בהליכה,2001,דרמה,"[{""name"": ""איתי לב"", ""slug"": ""איתי_לב_(במאי)""}]",list_table,2,דביר בנדק,דביר_בנדק
חתונה_מאוחרת,חתונה מאוחרת,2001,דרמה,"[{""name"": ""דובר קוסשווילי"", ""slug"": null}]",list_table,0,ליאור אשכנזי,ליאור_אשכנזי
חתונה_מאוחרת,חתונה מאוחרת,2001,דרמה,"[{""name"": ""דובר קוסשווילי"", ""slug"": null}]",list_table,1,רונית אלקבץ,רונית_אלקבץ
חתונה_מאוחרת,חתונה מאוחרת,2001,דרמה,"[{""name"": ""דובר קוסשווילי"", ""slug"": null}]",list_table,2,מוני מושונוב,מוני_מושונוב
כיכר_החלומות,כיכר החלומות,2001,דרמה,"[{""name"": ""בני תורתי"", ""slug"": null}]",list_table,0,יוסף שילוח,יוסף_שילוח
כיכר_החלומות,כיכר החלומות,2001,דרמה,"[{""name"": ""בני תורתי"", ""slug"": null}]",list_table,1,יונה אליאן,יונה_אליאן
כיכר_החלומות,כיכר החלומות,2001,דרמה,"[{""name"": ""בני תורתי"", ""slug"": null}]",list_table,2,מוחמד בכרי,מוחמד_בכרי
כיכר_החלומות,כיכר החלומות,2001,דרמה,"[{""name"": ""בני תורתי"", ""slug"": null}]",list_table,3,אורי גבריאל,אורי_גבריאל
מרס_תורכי_(סרט),מרס תורכי,2001,קומדיה,"[{""name"": ""עודד דוידוף"", ""slug"": ""עודד_דוידוף""}]",list_table,0,אלון אבוטבול,אלון_אבוטבול
מרס_תורכי_(סרט),מרס תורכי,2001,קומדיה,"[{""name"": ""עודד דוידוף"", ""slug"": ""עודד_דוידוף""}]",list_table,1,יעל הדר,יעל_הדר
מרס_תורכי_(סרט),מרס תורכי,2001,קומדיה,"[{""name"": ""עודד דוידוף"", ""slug"": ""עודד_דוידוף""}]",list_table,2,דלית קהן,דלית_קהן
מרס_תורכי_(סרט),מרס תורכי,2001,קומדיה,"[{""name"": ""עודד דוידוף"", ""slug"": ""עודד_דוידוף""}]",list_table,3,גל זייד,
__title__:עדן__2001,עדן,2001,דרמה,"[{""name"": ""עמוס גיתאי"", ""slug"": ""עמוס_גיתאי""}]",list_table,0,סמנתה מורטון,סמנתה_מורטון
__title__:עדן__2001,עדן,2001,דרמה,"[{""name"": ""עמוס גיתאי"", ""slug"": ""עמוס_גיתאי""}]",list_table,1,תומאס ג'יין,תומאס_ג'יין
שישה_מיליון_רסיסים,שישה מיליון רסיסים,2001,דרמה,"[{""name"": ""ציפי טרופה"", ""slug"": null}]",list_table,0,סנדרה שדה,סנדרה_שדה
שישה_מיליון_רסיסים,שישה מיליון רסיסים,2001,דרמה,"[{""name"": ""ציפי טרופה"", ""slug"": null}]",list_table,1,ענת לירי,
חצוצרה_בואדי_(סרט),חצוצרה בואדי,2001,דרמה,"[{""name"": ""סלבה צ'פלין"", ""slug"": ""סלבה_צ'פלין""}]",list_table,0,אלכסנדר סנדרוביץ',אלכסנדר_סנדרוביץ'
חצוצרה_בואדי_(סרט),חצוצרה בואדי,2001,דרמה,"[{""name"": ""סלבה צ'פלין"", ""slug"": ""סלבה_צ'פלין""}]",list_table,1,ראידה אדון,ראידה_אדון
חצוצרה_בואדי_(סרט),חצוצרה בואדי,2001,דרמה,"[{""name"": ""סלבה צ'פלין"", ""slug"": ""סלבה_צ'פלין""}]",list_table,2,יצחק נאמן,יצחק_נאמן
אבא_שחור_לבן_(סרט_טלוויזיה),אבא שחור לבן,2002,דרמה,"[{""name"": ""איתן לונדנר"", ""slug"": null}]",list_table,0,דן תורן,דן_תורן
אבא_שחור_לבן_(סרט_טלוויזיה),אבא שחור לבן,2002,דרמה,"[{""name"": ""איתן לונדנר"", ""slug"": null}]",list_table,1,אגם רודברג,אגם_רודברג
השיבה_מהודו_(סרט),השיבה מהודו,2002,דרמה,"[{""name"": ""מנחם גולן"", ""slug"": ""מנחם_גולן""}]",list_table,0,אקי אבני,אקי_אבני
השיבה_מהודו_(סרט),השיבה מהודו,2002,דרמה,"[{""name"": ""מנחם גולן"", ""slug"": ""מנחם_גולן""}]",list_table,1,אסי דיין,אסי_דיין
השיבה_מהודו_(סרט),השיבה מהודו,2002,דרמה,"[{""name"": ""מנחם גולן"", ""slug"": ""מנחם_גולן""}]",list_table,2,ריקי גל,ריקי_גל
חוכמת_הבייגלה_(סרט),חוכמת הבייגלה,2002,קומדיה,"[{""name"": ""אילן הייטנר"", ""slug"": null}]",list_table,0,גיא לואל,גיא_לואל
חוכמת_הבייגלה_(סרט),חוכמת הבייגלה,2002,קומדיה,"[{""name"": ""אילן הייטנר"", ""slug"": null}]",list_table,1,אסנת חכים,אסנת_חכים
חוכמת_הבייגלה_(סרט),חוכמת הבייגלה,2002,קומדיה,"[{""name"": ""אילן הייטנר"", ""slug"": null}]",list_table,2,יורם זק,יורם_זק
כנפיים_שבורות,כנפיים שבורות,2002,דרמה,"[{""name"": ""ניר ברגמן"", ""slug"": null}]",list_table,0,אורלי זילברשץ,אורלי_זילברשץ
כנפיים_שבורות,כנפיים שבורות,2002,דרמה,"[{""name"": ""ניר ברגמן"", ""slug"": null}]",list_table,1,מאיה מרון,מאיה_מרון
כנפיים_שבורות,כנפיים שבורות,2002,דרמה,"[{""name"": ""ניר ברגמן"", ""slug"": null}]",list_table,2,ניתאי גבירץ,
קדמה_(סרט),קדמה,2002,דרמה,"[{""name"": ""עמוס גיתאי"", ""slug"": null}]",list_table,0,אנדריי קשקר,אנדריי_קשקר
קדמה_(סרט),קדמה,2002,דרמה,"[{""name"": ""עמוס גיתאי"", ""slug"": null}]",list_table,1,הלנה ירלובה,הלנה_ירלובה
טאהרה,טאהרה,2002,דרמה,"[{""name"": ""דורון ערן"", ""slug"": ""דורון_ערן""}]",list_table,0,ג'וליאנו מר,ג'וליאנו_מר
טאהרה,טאהרה,2002,דרמה,"[{""name"": ""דורון ערן"", ""slug"": ""דורון_ערן""}]",list_table,1,מיטל דוהן,מיטל_דוהן
טאהרה,טאהרה,2002,דרמה,"[{""name"": ""דורון ערן"", ""slug"": ""דורון_ערן""}]",list_table,2,רזיה ישראלי,רזיה_ישראלי
חיים_זה_חיים,חיים זה חיים,2002,דרמה,"[{""name"": ""מיכל בת-אדם"", ""slug"": null}]",list_table,0,יעל אבקסיס,יעל_אבקסיס
חיים_זה_חיים,חיים זה חיים,2002,דרמה,"[{""name"": ""מיכל בת-אדם"", ""slug"": null}]",list_table,1,משה איבגי,משה_איבגי
פיתוי_(סרט),פיתוי,2002,דרמה,"[{""name"": ""ערן ריקליס"", ""slug"": ""ערן_ריקליס""}]",list_table,0,דפנה רכטר,דפנה_רכטר
פיתוי_(סרט),פיתוי,2002,דרמה,"[{""name"": ""ערן ריקליס"", ""slug"": ""ערן_ריקליס""}]",list_table,1,אורנה פיטוסי,אורנה_פיטוסי
פיתוי_(סרט),פיתוי,2002,דרמה,"[{""name"": ""ערן ריקליס"", ""slug"": ""ערן_ריקליס""}]",list_table,2,שרון אלכסנדר,שרון_אלכסנדר
פיתוי_(סרט),פיתוי,2002,דרמה,"[{""name"": ""ערן ריקליס"", ""slug"": ""ערן_ריקליס""}]",list_table,3,גיא מרוז,גיא_מרוז
פיתוי_(סרט),פיתוי,2002,דרמה,"[{""name"": ""ערן ריקליס"", ""slug"": ""ערן_ריקליס""}]",list_table,4,רועי בר נתן,רועי_בר_נתן
פיתוי_(סרט),פיתוי,2002,דרמה,"[{""name"": ""ערן ריקליס"", ""slug"": ""ערן_ריקליס""}]",list_table,5,יהודה אפרוני,יהודה_אפרוני
פיתוי_(סרט),פיתוי,2002,דרמה,"[{""name"": ""ערן ריקליס"", ""slug"": ""ערן_ריקליס""}]",list_table,6,חיים אתגר,חיים_אתגר
יוסי_וג'אגר,יוסי וג'אגר,2002,דרמה,"[{""name"": ""איתן פוקס"", ""slug"": ""איתן_פוקס""}]",list_table,0,יהודה לוי,יהודה_לוי_(שחקן)
יוסי_וג'אגר,יוסי וג'אגר,2002,דרמה,"[{""name"": ""איתן פוקס"", ""slug"": ""איתן_פוקס""}]",list_table,1,אוהד קנולר,אוהד_קנולר
יוסי_וג'אגר,יוסי וג'אגר,2002,דרמה,"[{""name"": ""איתן פוקס"", ""slug"": ""איתן_פוקס""}]",list_table,2,אסי כהן,אסי_כהן
יוסי_וג'אגר,יוסי וג'אגר,2002,דרמה,"[{""name"": ""איתן פוקס"", ""slug"": ""איתן_פוקס""}]",list_table,3,שרון רג'יניאנו,שרון_רג'יניאנו
יוסי_וג'אגר,יוסי וג'אגר,2002,דרמה,"[{""name"": ""איתן פוקס"", ""slug"": ""איתן_פוקס""}]",list_table,4,איה קורן,איה_קורן
יוסי_וג'אגר,יוסי וג'אגר,2002,דרמה,"[{""name"": ""איתן פוקס"", ""slug"": ""איתן_פוקס""}]",list_table,5,חני פירסטנברג,חני_פירסטנברג
יוסי_וג'אגר,יוסי וג'אגר,2002,דרמה,"[{""name"": ""איתן פוקס"", ""slug"": ""איתן_פוקס""}]",list_table,6,יובל סמו,יובל_סמו
יוסי_וג'אגר,יוסי וג'אגר,2002,דרמה,"[{""name"": ""איתן פוקס"", ""slug"": ""איתן_פוקס""}]",list_table,7,חנן סביון,חנן_סביון
יוסי_וג'אגר,יוסי וג'אגר,2002,דרמה,"[{""name"": ""איתן פוקס"", ""slug"": ""איתן_פוקס""}]",list_table,8,יניב מויאל,
יוסי_וג'אגר,יוסי וג'אגר,2002,דרמה,"[{""name"": ""איתן פוקס"", ""slug"": ""איתן_פוקס""}]",list_table,9,ארז כהנא,ארז_כהנא
יוסי_וג'אגר,יוסי וג'אגר,2002,דרמה,"[{""name"": ""איתן פוקס"", ""slug"": ""איתן_פוקס""}]",list_table,10,עמרי גבעון,
יוסי_וג'אגר,יוסי וג'אגר,2002,דרמה,"[{""name"": ""איתן פוקס"", ""slug"": ""איתן_פוקס""}]",list_table,11,יעל פרל בקר,יעל_פרל_בקר
"בית""ר_פרובנס","בית""ר פרובנס",2002,דרמה,"[{""name"": ""יובל פרידמן"", ""slug"": ""יובל_פרידמן""}]",list_table,0,זאב רווח,זאב_רווח
"בית""ר_פרובנס","בית""ר פרובנס",2002,דרמה,"[{""name"": ""יובל פרידמן"", ""slug"": ""יובל_פרידמן""}]",list_table,1,איתי תורג'מן,איתי_תורג'מן
"בית""ר_פרובנס","בית""ר פרובנס",2002,דרמה,"[{""name"": ""יובל פרידמן"", ""slug"": ""יובל_פרידמן""}]",list_table,2,אלי אלטוניו,אלי_אלטוניו
"בית""ר_פרובנס","בית""ר פרובנס",2002,דרמה,"[{""name"": ""יובל פרידמן"", ""slug"": ""יובל_פרידמן""}]",list_table,3,ג'יזל סילבר,ג'יזל_סילבר
"בית""ר_פרובנס","בית""ר פרובנס",2002,דרמה,"[{""name"": ""יובל פרידמן"", ""slug"": ""יובל_פרידמן""}]",list_table,4,משה פולקנפליק,משה_פולקנפליק
"בית""ר_פרובנס","בית""ר פרובנס",2002,דרמה,"[{""name"": ""יובל פרידמן"", ""slug"": ""יובל_פרידמן""}]",list_table,5,ולדימיר פרידמן,ולדימיר_פרידמן
איש_החשמל,איש החשמל,2003,דרמה,"[{""name"": ""אלי כהן"", ""slug"": ""אלי_כהן_(במאי)""}]",list_table,0,מנשה נוי,מנשה_נוי
איש_החשמל,איש החשמל,2003,דרמה,"[{""name"": ""אלי כהן"", ""slug"": ""אלי_כהן_(במאי)""}]",list_table,1,איילת זורר,איילת_זורר
איש_החשמל,איש החשמל,2003,דרמה,"[{""name"": ""אלי כהן"", ""slug"": ""אלי_כהן_(במאי)""}]",list_table,2,ליאור אשכנזי,ליאור_אשכנזי
האסונות_של_נינה,האסונות של נינה,2003,דרמה,"[{""name"": ""שבי גביזון"", ""slug"": null}]",list_table,0,איילת זורר,איילת_זורר
האסונות_של_נינה,האסונות של נינה,2003,דרמה,"[{""name"": ""שבי גביזון"", ""slug"": null}]",list_table,1,יורם חטב,יורם_חטב
האסונות_של_נינה,האסונות של נינה,2003,דרמה,"[{""name"": ""שבי גביזון"", ""slug"": null}]",list_table,2,אלון אבוטבול,אלון_אבוטבול
הכוכבים_של_שלומי,הכוכבים של שלומי,2003,דרמה,"[{""name"": ""שמי זרחין"", ""slug"": null}]",list_table,0,אושרי כהן,אושרי_כהן
הכוכבים_של_שלומי,הכוכבים של שלומי,2003,דרמה,"[{""name"": ""שמי זרחין"", ""slug"": null}]",list_table,1,אסתי זקהיים,אסתי_זקהיים
הכוכבים_של_שלומי,הכוכבים של שלומי,2003,דרמה,"[{""name"": ""שמי זרחין"", ""slug"": null}]",list_table,2,אריה אליאס,אריה_אליאס
המנגליסטים,המנגליסטים,2003,דרמה,"[{""name"": ""יוסי מדמוני"", ""slug"": null}, {""name"": ""דוד אופק"", ""slug"": null}]",list_table,0,ריימונד אבקסיס,ריימונד_אבקסיס
המנגליסטים,המנגליסטים,2003,דרמה,"[{""name"": ""יוסי מדמוני"", ""slug"": null}, {""name"": ""דוד אופק"", ""slug"": null}]",list_table,1,יגאל עדיקא,יגאל_עדיקא
הדמעות_של_אמסלם,הדמעות של אמסלם,2003,דרמה,"[{""name"": ""אורן שטרן"", ""slug"": null}]",list_table,0,משה איבגי,משה_איבגי
הדמעות_של_אמסלם,הדמעות של אמסלם,2003,דרמה,"[{""name"": ""אורן שטרן"", ""slug"": null}]",list_table,1,ראובן דיין,ראובן_דיין
הדמעות_של_אמסלם,הדמעות של אמסלם,2003,דרמה,"[{""name"": ""אורן שטרן"", ""slug"": null}]",list_table,2,אלברט אילוז,אלברט_אילוז
לא_בת_17,לא בת 17,2003,דרמה,"[{""name"": ""יצחק צפל ישורון"", ""slug"": ""יצחק_צפל_ישורון""}]",list_table,0,דליה שימקו,דליה_שימקו
לא_בת_17,לא בת 17,2003,דרמה,"[{""name"": ""יצחק צפל ישורון"", ""slug"": ""יצחק_צפל_ישורון""}]",list_table,1,מאיה מרון,מאיה_מרון
לא_בת_17,לא בת 17,2003,דרמה,"[{""name"": ""יצחק צפל ישורון"", ""slug"": ""יצחק_צפל_ישורון""}]",list_table,2,עידית צור,עידית_צור
להיות_כוכב,להיות כוכב,2003,דרמה,"[{""name"": ""ארנון צדוק"", ""slug"": ""ארנון_צדוק""}]",list_table,0,אלונה טל,אלונה_טל
להיות_כוכב,להיות כוכב,2003,דרמה,"[{""name"": ""ארנון צדוק"", ""slug"": ""ארנון_צדוק""}]",list_table,1,אושרי כהן,אושרי_כהן
להיות_כוכב,להיות כוכב,2003,דרמה,"[{""name"": ""ארנון צדוק"", ""slug"": ""ארנון_צדוק""}]",list_table,2,חיים אלמקייס,
להיות_כוכב,להיות כוכב,2003,דרמה,"[{""name"": ""ארנון צדוק"", ""slug"": ""ארנון_צדוק""}]",list_table,3,ארנון צדוק,
מסעות_ג'יימס_בארץ_הקודש,מסעות ג'יימס בארץ הקודש,2003,דרמה,"[{""name"": ""רענן אלכסנדרוביץ'"", ""slug"": null}]",list_table,0,סייבונגה מלונגיסי,
מסעות_ג'יימס_בארץ_הקודש,מסעות ג'יימס בארץ הקודש,2003,דרמה,"[{""name"": ""רענן אלכסנדרוביץ'"", ""slug"": null}]",list_table,1,סלים דאו,סלים_דאו
מתנה_משמיים_(2003),מתנה משמיים,2003,דרמה,"[{""name"": ""דובר קוסשווילי"", ""slug"": null}]",list_table,0,יובל סגל,יובל_סגל_(1971)
מתנה_משמיים_(2003),מתנה משמיים,2003,דרמה,"[{""name"": ""דובר קוסשווילי"", ""slug"": null}]",list_table,1,רמי הויברגר,רמי_הויברגר
מתנה_משמיים_(2003),מתנה משמיים,2003,דרמה,"[{""name"": ""דובר קוסשווילי"", ""slug"": null}]",list_table,2,מוני מושונוב,מוני_מושונוב
סימה_וקנין_מכשפה,סימה וקנין מכשפה,2003,קומדיה,"[{""name"": ""דרור שאול"", ""slug"": null}]",list_table,0,תיקי דיין,תיקי_דיין
סימה_וקנין_מכשפה,סימה וקנין מכשפה,2003,קומדיה,"[{""name"": ""דרור שאול"", ""slug"": null}]",list_table,1,ליאור אשכנזי,ליאור_אשכנזי
סימה_וקנין_מכשפה,סימה וקנין מכשפה,2003,קומדיה,"[{""name"": ""דרור שאול"", ""slug"": null}]",list_table,2,עמי סמולרצ'יק,עמי_סמולרצ'יק
עלילה_(סרט),עלילה,2003,דרמה,"[{""name"": ""עמוס גיתאי"", ""slug"": ""עמוס_גיתאי""}]",list_table,0,יעל אבקסיס,יעל_אבקסיס
עלילה_(סרט),עלילה,2003,דרמה,"[{""name"": ""עמוס גיתאי"", ""slug"": ""עמוס_גיתאי""}]",list_table,1,חנה לסלאו,חנה_לסלאו
עלילה_(סרט),עלילה,2003,דרמה,"[{""name"": ""עמוס גיתאי"", ""slug"": ""עמוס_גיתאי""}]",list_table,2,אורי קלאוזנר,אורי_קלאוזנר
עלילה_(סרט),עלילה,2003,דרמה,"[{""name"": ""עמוס גיתאי"", ""slug"": ""עמוס_גיתאי""}]",list_table,3,רונית אלקבץ,רונית_אלקבץ
צעד_קטן,צעד קטן,2003,דרמה,"[{""name"": ""שחר סגל"", ""slug"": ""שחר_סגל_(במאי)""}]",list_table,0,אבי נשר,אבי_נשר
צעד_קטן,צעד קטן,2003,דרמה,"[{""name"": ""שחר סגל"", ""slug"": ""שחר_סגל_(במאי)""}]",list_table,1,חלי גולדנברג,חלי_גולדנברג
אבנים_(סרט),אבנים,2004,דרמה,"[{""name"": ""רפאל נג'ארי"", ""slug"": null}]",list_table,0,אסי לוי,אסי_לוי
אבנים_(סרט),אבנים,2004,דרמה,"[{""name"": ""רפאל נג'ארי"", ""slug"": null}]",list_table,1,דני שטג,דני_שטג
אבנים_(סרט),אבנים,2004,דרמה,"[{""name"": ""רפאל נג'ארי"", ""slug"": null}]",list_table,2,אורי גבריאל,אורי_גבריאל
אהבה_קולומביאנית,אהבה קולומביאנית,2004,קומדיה,"[{""name"": ""שי כנות"", ""slug"": ""שי_כנות""}]",list_table,0,מילי אביטל,מילי_אביטל
אהבה_קולומביאנית,אהבה קולומביאנית,2004,קומדיה,"[{""name"": ""שי כנות"", ""slug"": ""שי_כנות""}]",list_table,1,אסי כהן,אסי_כהן
__title__:אפרסק__2004,אפרסק,2004,דרמה,"[{""name"": ""דוד נוי"", ""slug"": null}]",list_table,0,אורנה בנאי,אורנה_בנאי
__title__:אפרסק__2004,אפרסק,2004,דרמה,"[{""name"": ""דוד נוי"", ""slug"": null}]",list_table,1,אורי קלאוזנר,אורי_קלאוזנר
אור_(סרט),אור,2004,דרמה,"[{""name"": ""קרן ידעיה"", ""slug"": null}]",list_table,0,רונית אלקבץ,רונית_אלקבץ
אור_(סרט),אור,2004,דרמה,"[{""name"": ""קרן ידעיה"", ""slug"": null}]",list_table,1,דאנה איבגי,דאנה_איבגי
בלאק_ג'ק_(סרט),בלאק ג'ק,2004,פעולה,"[{""name"": ""מתי הררי"", ""slug"": ""מתי_הררי_(יוצר)""}, {""name"": ""אריק לובצקי"", ""slug"": ""אריק_לובצקי""}]",list_table,0,אורי גבריאל,אורי_גבריאל
דמיונות,דמיונות,2004,דרמה,"[{""name"": ""נמרוד עציון-קורן"", ""slug"": ""נמרוד_עציון-קורן""}, {""name"": ""סער לחמי"", ""slug"": null}]",list_table,0,אסנת חכים,אסנת_חכים
דמיונות,דמיונות,2004,דרמה,"[{""name"": ""נמרוד עציון-קורן"", ""slug"": ""נמרוד_עציון-קורן""}, {""name"": ""סער לחמי"", ""slug"": null}]",list_table,1,ליאון רוזנברג,ליאון_רוזנברג
דמיונות,דמיונות,2004,דרמה,"[{""name"": ""נמרוד עציון-קורן"", ""slug"": ""נמרוד_עציון-קורן""}, {""name"": ""סער לחמי"", ""slug"": null}]",list_table,2,ריקי בליך,ריקי_בליך
האושפיזין,האושפיזין,2004,דרמה,"[{""name"": ""גידי דר"", ""slug"": ""גידי_דר""}]",list_table,0,מיכל רנד,
האושפיזין,האושפיזין,2004,דרמה,"[{""name"": ""גידי דר"", ""slug"": ""גידי_דר""}]",list_table,1,שאול מזרחי,שאול_מזרחי
האושפיזין,האושפיזין,2004,דרמה,"[{""name"": ""גידי דר"", ""slug"": ""גידי_דר""}]",list_table,2,אילן גנני,אילן_גנני
האושפיזין,האושפיזין,2004,דרמה,"[{""name"": ""גידי דר"", ""slug"": ""גידי_דר""}]",list_table,3,שולי רנד,
הארץ_המובטחת_(סרט),הארץ המובטחת,2004,דרמה,"[{""name"": ""עמוס גיתאי"", ""slug"": null}]",list_table,0,רוזמונד פייק,רוזמונד_פייק
הבשורה_על_פי_אלוהים,הבשורה על פי אלוהים,2004,קומדיה,"[{""name"": ""אסי דיין"", ""slug"": null}]",list_table,0,טינקרבל,טינקרבל
הבשורה_על_פי_אלוהים,הבשורה על פי אלוהים,2004,קומדיה,"[{""name"": ""אסי דיין"", ""slug"": null}]",list_table,1,אסי דיין,
הכלה_הסורית,הכלה הסורית,2004,דרמה,"[{""name"": ""ערן ריקליס"", ""slug"": null}]",list_table,0,היאם עבאס,היאם_עבאס
הכלה_הסורית,הכלה הסורית,2004,דרמה,"[{""name"": ""ערן ריקליס"", ""slug"": null}]",list_table,1,מכרם ח'ורי,מכרם_ח'ורי
הכלה_הסורית,הכלה הסורית,2004,דרמה,"[{""name"": ""ערן ריקליס"", ""slug"": null}]",list_table,2,קלרה ח'ורי,קלרה_ח'ורי
חלומו_של_הנרי,חלומו של הנרי,2004,דרמה,"[{""name"": ""איתן גרין"", ""slug"": null}]",list_table,0,מנשה נוי,מנשה_נוי
ללכת_על_המים,ללכת על המים,2004,דרמה,"[{""name"": ""איתן פוקס"", ""slug"": ""איתן_פוקס""}]",list_table,0,ליאור אשכנזי,ליאור_אשכנזי
מדורת_השבט_(סרט),מדורת השבט,2004,דרמה,"[{""name"": ""יוסף סידר"", ""slug"": null}]",list_table,0,מיכאלה עשת,מיכאלה_עשת
מדורת_השבט_(סרט),מדורת השבט,2004,דרמה,"[{""name"": ""יוסף סידר"", ""slug"": null}]",list_table,1,חני פירסטנברג,חני_פירסטנברג
מדורת_השבט_(סרט),מדורת השבט,2004,דרמה,"[{""name"": ""יוסף סידר"", ""slug"": null}]",list_table,2,מאיה מרון,מאיה_מרון
מדורת_השבט_(סרט),מדורת השבט,2004,דרמה,"[{""name"": ""יוסף סידר"", ""slug"": null}]",list_table,3,משה איבגי,משה_איבגי
מדורת_השבט_(סרט),מדורת השבט,2004,דרמה,"[{""name"": ""יוסף סידר"", ""slug"": null}]",list_table,4,אסי דיין,אסי_דיין
משהו_מתוק,משהו מתוק,2004,דרמה,"[{""name"": ""דן תורג'מן"", ""slug"": ""דן_תורג'מן""}]",list_table,0,דן תורג'מן,
סוף_העולם_שמאלה,סוף העולם שמאלה,2004,דרמה,"[{""name"": ""אבי נשר"", ""slug"": null}]",list_table,0,נטע גרטי,נטע_גרטי
סוף_העולם_שמאלה,סוף העולם שמאלה,2004,דרמה,"[{""name"": ""אבי נשר"", ""slug"": null}]",list_table,1,לירז צ'רכי,לירז_צ'רכי
עטאש_(צימאון),עטאש (צימאון),2004,דרמה,"[{""name"": ""תאופיק אבו ואיל"", ""slug"": null}]",list_table,0,עמאל בויראט,
עטאש_(צימאון),עטאש (צימאון),2004,דרמה,"[{""name"": ""תאופיק אבו ואיל"", ""slug"": null}]",list_table,1,רובא בלאל-עספור,רובא_בלאל-עספור
עטאש_(צימאון),עטאש (צימאון),2004,דרמה,"[{""name"": ""תאופיק אבו ואיל"", ""slug"": null}]",list_table,2,חוסיין יאסין מחאג׳נה,
סיפור_קיץ,סיפור קיץ,2004,דרמה,"[{""name"": ""שמואל חיימוביץ'"", ""slug"": null}]",list_table,0,איה קורן,איה_קורן
סיפור_קיץ,סיפור קיץ,2004,דרמה,"[{""name"": ""שמואל חיימוביץ'"", ""slug"": null}]",list_table,1,קוסטה קפלן,
אזור_חופשי,אזור חופשי,2005,דרמה,"[{""name"": ""עמוס גיתאי"", ""slug"": null}]",list_table,0,נטלי פורטמן,נטלי_פורטמן
אזור_חופשי,אזור חופשי,2005,דרמה,"[{""name"": ""עמוס גיתאי"", ""slug"": null}]",list_table,1,היאם עבאס,היאם_עבאס
אזור_חופשי,אזור חופשי,2005,דרמה,"[{""name"": ""עמוס גיתאי"", ""slug"": null}]",list_table,2,חנה לסלאו,חנה_לסלאו
ולקחת_לך_אישה,ולקחת לך אישה,2005,דרמה,"[{""name"": ""רונית אלקבץ"", ""slug"": null}, {""name"": ""שלומי אלקבץ"", ""slug"": null}]",list_table,0,שלומי אבקריאן,
ולקחת_לך_אישה,ולקחת לך אישה,2005,דרמה,"[{""name"": ""רונית אלקבץ"", ""slug"": null}, {""name"": ""שלומי אלקבץ"", ""slug"": null}]",list_table,1,רונית אלקבץ,
ולקחת_לך_אישה,ולקחת לך אישה,2005,דרמה,"[{""name"": ""רונית אלקבץ"", ""slug"": null}, {""name"": ""שלומי אלקבץ"", ""slug"": null}]",list_table,2,יחיאל אלקבץ,
איזה_מקום_נפלא,איזה מקום נפלא,2005,דרמה,"[{""name"": ""אייל חלפון"", ""slug"": null}]",list_table,0,אורי גבריאל,אורי_גבריאל
איזה_מקום_נפלא,איזה מקום נפלא,2005,דרמה,"[{""name"": ""אייל חלפון"", ""slug"": null}]",list_table,1,אוולין קפלון,אוולין_קפלון
איזה_מקום_נפלא,איזה מקום נפלא,2005,דרמה,"[{""name"": ""אייל חלפון"", ""slug"": null}]",list_table,2,אבי אוריה,אבי_אוריה
אלנבי_רומאנס,אלנבי רומאנס,2005,דרמה,"[{""name"": ""ינאי גוז"", ""slug"": null}, {""name"": ""יוני זיכהולץ"", ""slug"": null}]",list_table,0,דני גבע,דני_גבע
אלנבי_רומאנס,אלנבי רומאנס,2005,דרמה,"[{""name"": ""ינאי גוז"", ""slug"": null}, {""name"": ""יוני זיכהולץ"", ""slug"": null}]",list_table,1,הילי ילון,הילי_ילון
דיסטורשן_(סרט),דיסטורשן,2005,דרמה,"[{""name"": ""חיים בוזגלו"", ""slug"": null}]",list_table,0,סמדר קילצ'ינסקי,סמדר_קילצ'ינסקי
דיסטורשן_(סרט),דיסטורשן,2005,דרמה,"[{""name"": ""חיים בוזגלו"", ""slug"": null}]",list_table,1,עמוס לביא,עמוס_לביא
דיסטורשן_(סרט),דיסטורשן,2005,דרמה,"[{""name"": ""חיים בוזגלו"", ""slug"": null}]",list_table,2,חיים בוזגלו,
החשוד_האחרון,החשוד האחרון,2005,דרמה,"[{""name"": ""מתי הררי"", ""slug"": ""מתי_הררי_(יוצר)""}, {""name"": ""אריק לובצקי"", ""slug"": ""אריק_לובצקי""}]",list_table,0,שמיל בן ארי,שמיל_בן_ארי
ימים_קפואים,ימים קפואים,2005,דרמה,"[{""name"": ""דני לרנר"", ""slug"": null}]",list_table,0,ענת קלאוזנר,ענת_קלאוזנר
ימים_קפואים,ימים קפואים,2005,דרמה,"[{""name"": ""דני לרנר"", ""slug"": null}]",list_table,1,סנדרה שדה,סנדרה_שדה
ימים_של_אהבה,ימים של אהבה,2005,דרמה,"[{""name"": ""מנחם גולן"", ""slug"": null}]",list_table,0,יוסף שילוח,יוסף_שילוח
ימים_של_אהבה,ימים של אהבה,2005,דרמה,"[{""name"": ""מנחם גולן"", ""slug"": null}]",list_table,1,מאיה בוסקילה,מאיה_בוסקילה
ימים_של_אהבה,ימים של אהבה,2005,דרמה,"[{""name"": ""מנחם גולן"", ""slug"": null}]",list_table,2,ניר לוי,ניר_לוי
מוכרחים_להיות_שמח,מוכרחים להיות שמח,2005,דרמה,"[{""name"": ""ג'ולי שלז"", ""slug"": ""ג'ולי_שלז""}]",list_table,0,סיגלית פוקס,סיגלית_פוקס
מוכרחים_להיות_שמח,מוכרחים להיות שמח,2005,דרמה,"[{""name"": ""ג'ולי שלז"", ""slug"": ""ג'ולי_שלז""}]",list_table,1,טל פרידמן,טל_פרידמן
מוכרחים_להיות_שמח,מוכרחים להיות שמח,2005,דרמה,"[{""name"": ""ג'ולי שלז"", ""slug"": ""ג'ולי_שלז""}]",list_table,2,דורית לב ארי,דורית_לב_ארי
מוכרחים_להיות_שמח,מוכרחים להיות שמח,2005,דרמה,"[{""name"": ""ג'ולי שלז"", ""slug"": ""ג'ולי_שלז""}]",list_table,3,קרן מור,קרן_מור
קרוב_לבית_(סרט),קרוב לבית,2005,דרמה,"[{""name"": ""וידי (ורדית) בילו"", ""slug"": null}, {""name"": ""דליה הגר"", ""slug"": null}]",list_table,0,סמדר סייר,סמדר_סייר
קרוב_לבית_(סרט),קרוב לבית,2005,דרמה,"[{""name"": ""וידי (ורדית) בילו"", ""slug"": null}, {""name"": ""דליה הגר"", ""slug"": null}]",list_table,1,אירית סוקי,אירית_סוקי
קרוב_לבית_(סרט),קרוב לבית,2005,דרמה,"[{""name"": ""וידי (ורדית) בילו"", ""slug"": null}, {""name"": ""דליה הגר"", ""slug"": null}]",list_table,2,נעמה שנדר,נעמה_שנדר
ריקי_ריקי,ריקי ריקי,2005,קומדיה,"[{""name"": ""איתן ענר"", ""slug"": ""איתן_ענר""}]",list_table,0,גורי אלפי,גורי_אלפי
ריקי_ריקי,ריקי ריקי,2005,קומדיה,"[{""name"": ""איתן ענר"", ""slug"": ""איתן_ענר""}]",list_table,1,גילה אלמגור,גילה_אלמגור
ריקי_ריקי,ריקי ריקי,2005,קומדיה,"[{""name"": ""איתן ענר"", ""slug"": ""איתן_ענר""}]",list_table,2,טל פרידמן,טל_פרידמן
לרקוד,לרקוד,2005,דרמה,"[{""name"": ""מרק רוזנבאום"", ""slug"": ""מרק_רוזנבאום""}]",list_table,0,מיטל דוהן,מיטל_דוהן
לרקוד,לרקוד,2005,דרמה,"[{""name"": ""מרק רוזנבאום"", ""slug"": ""מרק_רוזנבאום""}]",list_table,1,אלון אבוטבול,אלון_אבוטבול
לרקוד,לרקוד,2005,דרמה,"[{""name"": ""מרק רוזנבאום"", ""slug"": ""מרק_רוזנבאום""}]",list_table,2,יובל סגל,יובל_סגל_(1971)
לרקוד,לרקוד,2005,דרמה,"[{""name"": ""מרק רוזנבאום"", ""slug"": ""מרק_רוזנבאום""}]",list_table,3,אורי קלאוזנר,אורי_קלאוזנר
לרקוד,לרקוד,2005,דרמה,"[{""name"": ""מרק רוזנבאום"", ""slug"": ""מרק_רוזנבאום""}]",list_table,4,מוני מושונוב,מוני_מושונוב
מלנומה_אהובתי,מלנומה אהובתי,2005,דרמה,"[{""name"": ""יוסי מדמוני"", ""slug"": null}, {""name"": ""דוד אופק"", ""slug"": null}]",list_table,0,יגאל עדיקא,יגאל_עדיקא
מלנומה_אהובתי,מלנומה אהובתי,2005,דרמה,"[{""name"": ""יוסי מדמוני"", ""slug"": null}, {""name"": ""דוד אופק"", ""slug"": null}]",list_table,1,שרון צוקרמן,
ג'נאם_ג'נאם,ג'נאם ג'נאם,2005,דרמה,"[{""name"": ""חיים בוזגלו"", ""slug"": null}]",list_table,0,דני רוטנברג,
ג'נאם_ג'נאם,ג'נאם ג'נאם,2005,דרמה,"[{""name"": ""חיים בוזגלו"", ""slug"": null}]",list_table,1,אביטל דיקר,אביטל_דיקר
ג'נאם_ג'נאם,ג'נאם ג'נאם,2005,דרמה,"[{""name"": ""חיים בוזגלו"", ""slug"": null}]",list_table,2,דור צויגנבום,דור_צויגנבום
שושלת_שוורץ,שושלת שוורץ,2005,דרמה,"[{""name"": ""שמואל הספרי"", ""slug"": ""שמואל_הספרי""}]",list_table,0,מרים זוהר,מרים_זוהר
שושלת_שוורץ,שושלת שוורץ,2005,דרמה,"[{""name"": ""שמואל הספרי"", ""slug"": ""שמואל_הספרי""}]",list_table,1,טל פרידמן,טל_פרידמן
שושלת_שוורץ,שושלת שוורץ,2005,דרמה,"[{""name"": ""שמואל הספרי"", ""slug"": ""שמואל_הספרי""}]",list_table,2,יהודה לוי,יהודה_לוי_(שחקן)
תחיה_ותהיה,תחיה ותהיה,2005,דרמה,"[{""name"": ""ראדו מיכאלנו"", ""slug"": null}]",list_table,0,יעל אבקסיס,יעל_אבקסיס
תחיה_ותהיה,תחיה ותהיה,2005,דרמה,"[{""name"": ""ראדו מיכאלנו"", ""slug"": null}]",list_table,1,רוני הדר,רוני_הדר
תחיה_ותהיה,תחיה ותהיה,2005,דרמה,"[{""name"": ""ראדו מיכאלנו"", ""slug"": null}]",list_table,2,רמי דנון,רמי_דנון
ברונו_מאוהב,ברונו מאוהב,2006,דרמה,"[{""name"": ""אילן הייטנר"", ""slug"": ""אילן_הייטנר""}]",list_table,0,אוהד קנולר,אוהד_קנולר
ברונו_מאוהב,ברונו מאוהב,2006,דרמה,"[{""name"": ""אילן הייטנר"", ""slug"": ""אילן_הייטנר""}]",list_table,1,שמרית לוסטיג,שמרית_לוסטיג
ברונו_מאוהב,ברונו מאוהב,2006,דרמה,"[{""name"": ""אילן הייטנר"", ""slug"": ""אילן_הייטנר""}]",list_table,2,בני אבני,בני_אבני
ברונו_מאוהב,ברונו מאוהב,2006,דרמה,"[{""name"": ""אילן הייטנר"", ""slug"": ""אילן_הייטנר""}]",list_table,3,מיכל פורס,
NO_אקזיט,NO אקזיט,2006,דרמה,"[{""name"": ""דרור סבו"", ""slug"": null}]",list_table,0,עופר שכטר,עופר_שכטר
NO_אקזיט,NO אקזיט,2006,דרמה,"[{""name"": ""דרור סבו"", ""slug"": null}]",list_table,1,גל זייד,גל_זייד
NO_אקזיט,NO אקזיט,2006,דרמה,"[{""name"": ""דרור סבו"", ""slug"": null}]",list_table,2,נועה ברקאי,נועה_ברקאי
NO_אקזיט,NO אקזיט,2006,דרמה,"[{""name"": ""דרור סבו"", ""slug"": null}]",list_table,3,מלי לוי,מלי_לוי
אביבה_אהובתי,אביבה אהובתי,2006,דרמה,"[{""name"": ""שמי זרחין"", ""slug"": null}]",list_table,0,אסי לוי,אסי_לוי
אביבה_אהובתי,אביבה אהובתי,2006,דרמה,"[{""name"": ""שמי זרחין"", ""slug"": null}]",list_table,1,רותם אבוהב,רותם_אבוהב
אביבה_אהובתי,אביבה אהובתי,2006,דרמה,"[{""name"": ""שמי זרחין"", ""slug"": null}]",list_table,2,דרור קרן,דרור_קרן
אביבה_אהובתי,אביבה אהובתי,2006,דרמה,"[{""name"": ""שמי זרחין"", ""slug"": null}]",list_table,3,לבנה פינקלשטיין,לבנה_פינקלשטיין
אביבה_אהובתי,אביבה אהובתי,2006,דרמה,"[{""name"": ""שמי זרחין"", ""slug"": null}]",list_table,4,נתן רביץ,נתן_רביץ
אדמה_משוגעת,אדמה משוגעת,2006,דרמה,"[{""name"": ""דרור שאול"", ""slug"": null}]",list_table,0,תומר שטיינהוף,
אדמה_משוגעת,אדמה משוגעת,2006,דרמה,"[{""name"": ""דרור שאול"", ""slug"": null}]",list_table,1,רונית יודקביץ',רונית_יודקביץ'
אדמה_משוגעת,אדמה משוגעת,2006,דרמה,"[{""name"": ""דרור שאול"", ""slug"": null}]",list_table,2,שי אביבי,שי_אביבי
בקרוב_יקרה_לך_משהו_טוב,בקרוב יקרה לך משהו טוב,2006,דרמה,"[{""name"": ""אייל שיראי"", ""slug"": ""אייל_שיראי""}]",list_table,0,אדם הירש,אדם_הירש
בקרוב_יקרה_לך_משהו_טוב,בקרוב יקרה לך משהו טוב,2006,דרמה,"[{""name"": ""אייל שיראי"", ""slug"": ""אייל_שיראי""}]",list_table,1,אסי דיין,אסי_דיין
בקרוב_יקרה_לך_משהו_טוב,בקרוב יקרה לך משהו טוב,2006,דרמה,"[{""name"": ""אייל שיראי"", ""slug"": ""אייל_שיראי""}]",list_table,2,טינקרבל,טינקרבל
גיבורים_קטנים,גיבורים קטנים,2006,ילדים,"[{""name"": ""איתי לב"", ""slug"": ""איתי_לב_(במאי)""}]",list_table,0,אביגיל אריאלי,אביגיל_אריאלי
גיבורים_קטנים,גיבורים קטנים,2006,ילדים,"[{""name"": ""איתי לב"", ""slug"": ""איתי_לב_(במאי)""}]",list_table,1,ציון ברוך,ציון_ברוך
גיבורים_קטנים,גיבורים קטנים,2006,ילדים,"[{""name"": ""איתי לב"", ""slug"": ""איתי_לב_(במאי)""}]",list_table,2,לוסי דובינצ'יק,לוסי_דובינצ'יק
גיבורים_קטנים,גיבורים קטנים,2006,ילדים,"[{""name"": ""איתי לב"", ""slug"": ""איתי_לב_(במאי)""}]",list_table,3,דאנה איבגי,דאנה_איבגי
הבועה,הבועה,2006,דרמה,"[{""name"": ""איתן פוקס"", ""slug"": null}]",list_table,0,אוהד קנולר,אוהד_קנולר
הבועה,הבועה,2006,דרמה,"[{""name"": ""איתן פוקס"", ""slug"": null}]",list_table,1,יוסף סוויד,יוסף_סוויד
הבועה,הבועה,2006,דרמה,"[{""name"": ""איתן פוקס"", ""slug"": null}]",list_table,2,דניאלה וירצר,דניאלה_וירצר
הבועה,הבועה,2006,דרמה,"[{""name"": ""איתן פוקס"", ""slug"": null}]",list_table,3,אלון פרידמן,אלון_פרידמן
הדברים_שמאחורי_השמש,הדברים שמאחורי השמש,2006,דרמה,"[{""name"": ""יובל שפרמן"", ""slug"": null}]",list_table,0,טלי שרון,טלי_שרון
הדברים_שמאחורי_השמש,הדברים שמאחורי השמש,2006,דרמה,"[{""name"": ""יובל שפרמן"", ""slug"": null}]",list_table,1,אסי דיין,אסי_דיין
הדברים_שמאחורי_השמש,הדברים שמאחורי השמש,2006,דרמה,"[{""name"": ""יובל שפרמן"", ""slug"": null}]",list_table,2,סנדרה שדה,סנדרה_שדה
הדברים_שמאחורי_השמש,הדברים שמאחורי השמש,2006,דרמה,"[{""name"": ""יובל שפרמן"", ""slug"": null}]",list_table,3,זהר שטראוס,זהר_שטראוס
ידיים_קשורות,ידיים קשורות,2006,דרמה,"[{""name"": ""דן וולמן"", ""slug"": null}]",list_table,0,גילה אלמגור,גילה_אלמגור
ידיים_קשורות,ידיים קשורות,2006,דרמה,"[{""name"": ""דן וולמן"", ""slug"": null}]",list_table,1,עידו תדמור,עידו_תדמור
ידיים_קשורות,ידיים קשורות,2006,דרמה,"[{""name"": ""דן וולמן"", ""slug"": null}]",list_table,2,נלי תגר,נלי_תגר
ידיים_קשורות,ידיים קשורות,2006,דרמה,"[{""name"": ""דן וולמן"", ""slug"": null}]",list_table,3,שרון שטרק,שרון_שטרק
למראית_עין,למראית עין,2006,דרמה,"[{""name"": ""דניאל סירקין"", ""slug"": ""דניאל_סירקין""}]",list_table,0,טלי שרון,טלי_שרון
למראית_עין,למראית עין,2006,דרמה,"[{""name"": ""דניאל סירקין"", ""slug"": ""דניאל_סירקין""}]",list_table,1,אסי דיין,אסי_דיין
למראית_עין,למראית עין,2006,דרמה,"[{""name"": ""דניאל סירקין"", ""slug"": ""דניאל_סירקין""}]",list_table,2,סנדרה שדה,סנדרה_שדה
מחילות,מחילות,2006,דרמה,"[{""name"": ""אודי אלוני"", ""slug"": null}]",list_table,0,איתי טיראן,איתי_טיראן
מחילות,מחילות,2006,דרמה,"[{""name"": ""אודי אלוני"", ""slug"": null}]",list_table,1,קלרה ח'ורי,קלרה_ח'ורי
מחילות,מחילות,2006,דרמה,"[{""name"": ""אודי אלוני"", ""slug"": null}]",list_table,2,מוני מושונוב,מוני_מושונוב
מחילות,מחילות,2006,דרמה,"[{""name"": ""אודי אלוני"", ""slug"": null}]",list_table,3,מכרם ח'ורי,מכרם_ח'ורי
מישהו_לרוץ_איתו_(סרט),מישהו לרוץ איתו,2006,דרמה,"[{""name"": ""עודד דוידוף"", ""slug"": ""עודד_דוידוף""}]",list_table,0,בר בלפר,בר_בלפר
מישהו_לרוץ_איתו_(סרט),מישהו לרוץ איתו,2006,דרמה,"[{""name"": ""עודד דוידוף"", ""slug"": ""עודד_דוידוף""}]",list_table,1,יונתן בר-אור,יונתן_בר-אור_(1981)
מישהו_לרוץ_איתו_(סרט),מישהו לרוץ איתו,2006,דרמה,"[{""name"": ""עודד דוידוף"", ""slug"": ""עודד_דוידוף""}]",list_table,2,צחי גראד,צחי_גראד
מישהו_לרוץ_איתו_(סרט),מישהו לרוץ איתו,2006,דרמה,"[{""name"": ""עודד דוידוף"", ""slug"": ""עודד_דוידוף""}]",list_table,3,רינת מטטוב,רינת_מטטוב
מישהו_לרוץ_איתו_(סרט),מישהו לרוץ איתו,2006,דרמה,"[{""name"": ""עודד דוידוף"", ""slug"": ""עודד_דוידוף""}]",list_table,4,יובל מנדלסון,יובל_מנדלסון
מכתבים_לאמריקה,מכתבים לאמריקה,2006,דרמה,"[{""name"": ""חנן פלד"", ""slug"": null}]",list_table,0,רמי הויברגר,רמי_הויברגר
מלח_הארץ_(סרט),מלח הארץ,2006,דרמה,"[{""name"": ""אורי ברבש"", ""slug"": ""אורי_ברבש""}]",list_table,0,ליאור אשכנזי,ליאור_אשכנזי
מלח_הארץ_(סרט),מלח הארץ,2006,דרמה,"[{""name"": ""אורי ברבש"", ""slug"": ""אורי_ברבש""}]",list_table,1,אקי אבני,אקי_אבני
מלח_הארץ_(סרט),מלח הארץ,2006,דרמה,"[{""name"": ""אורי ברבש"", ""slug"": ""אורי_ברבש""}]",list_table,2,לוסי דובינצ'יק,לוסי_דובינצ'יק
מלח_הארץ_(סרט),מלח הארץ,2006,דרמה,"[{""name"": ""אורי ברבש"", ""slug"": ""אורי_ברבש""}]",list_table,3,לימור גולדשטיין,לימור_גולדשטיין
נוזהת_אל-פואד,נוזהת אל-פואד,2006,דרמה,"[{""name"": ""יהודה נאמן"", ""slug"": null}]",list_table,0,מוחמד בכרי,מוחמד_בכרי
נוזהת_אל-פואד,נוזהת אל-פואד,2006,דרמה,"[{""name"": ""יהודה נאמן"", ""slug"": null}]",list_table,1,אפרת גוש,אפרת_גוש
סיפור_חצי_רוסי,סיפור חצי רוסי,2006,דרמה,"[{""name"": ""איתן ענר"", ""slug"": null}]",list_table,0,יבגניה דודינה,יבגניה_דודינה
סיפור_חצי_רוסי,סיפור חצי רוסי,2006,דרמה,"[{""name"": ""איתן ענר"", ""slug"": null}]",list_table,1,אבי קושניר,אבי_קושניר
שלוש_אמהות,שלוש אמהות,2006,דרמה,"[{""name"": ""דינה צבי-ריקליס"", ""slug"": null}]",list_table,0,מירי מסיקה,מירי_מסיקה
שלוש_אמהות,שלוש אמהות,2006,דרמה,"[{""name"": ""דינה צבי-ריקליס"", ""slug"": null}]",list_table,1,גילה אלמגור,גילה_אלמגור
אסקימוסים_בגליל,אסקימוסים בגליל,2007,דרמה,"[{""name"": ""יונתן פז"", ""slug"": null}]",list_table,0,ז'רמן אוניקובסקי,ז'רמן_אוניקובסקי
אסקימוסים_בגליל,אסקימוסים בגליל,2007,דרמה,"[{""name"": ""יונתן פז"", ""slug"": null}]",list_table,1,מוסקו אלקלעי,מוסקו_אלקלעי
אסקימוסים_בגליל,אסקימוסים בגליל,2007,דרמה,"[{""name"": ""יונתן פז"", ""slug"": null}]",list_table,2,גבי עמרני,גבי_עמרני
בופור_(סרט),בופור,2007,דרמה,"[{""name"": ""יוסף סידר"", ""slug"": null}]",list_table,0,אושרי כהן,אושרי_כהן
בופור_(סרט),בופור,2007,דרמה,"[{""name"": ""יוסף סידר"", ""slug"": null}]",list_table,1,אוהד קנולר,אוהד_קנולר
בופור_(סרט),בופור,2007,דרמה,"[{""name"": ""יוסף סידר"", ""slug"": null}]",list_table,2,אלון אבוטבול,אלון_אבוטבול
ביקור_התזמורת,ביקור התזמורת,2007,דרמה,"[{""name"": ""ערן קולירין"", ""slug"": null}]",list_table,0,ששון גבאי,ששון_גבאי
ביקור_התזמורת,ביקור התזמורת,2007,דרמה,"[{""name"": ""ערן קולירין"", ""slug"": null}]",list_table,1,רונית אלקבץ,רונית_אלקבץ
ביקור_התזמורת,ביקור התזמורת,2007,דרמה,"[{""name"": ""ערן קולירין"", ""slug"": null}]",list_table,2,סאלח בכרי,סאלח_בכרי
ביקור_התזמורת,ביקור התזמורת,2007,דרמה,"[{""name"": ""ערן קולירין"", ""slug"": null}]",list_table,3,ח'ליפה נאטור,ח'ליפה_נאטור
"החוב_(סרט,_2007)",החוב,2007,דרמה,"[{""name"": ""אסף ברנשטיין"", ""slug"": null}]",list_table,0,גילה אלמגור,גילה_אלמגור
"החוב_(סרט,_2007)",החוב,2007,דרמה,"[{""name"": ""אסף ברנשטיין"", ""slug"": null}]",list_table,1,נטע גרטי,נטע_גרטי
"החוב_(סרט,_2007)",החוב,2007,דרמה,"[{""name"": ""אסף ברנשטיין"", ""slug"": null}]",list_table,2,יחזקאל לזרוב,יחזקאל_לזרוב
המוסד_הסגור,המוסד הסגור,2007,קומדיה,"[{""name"": ""אלון גור אריה"", ""slug"": null}]",list_table,0,רון שחר,רון_שחר
המוסד_הסגור,המוסד הסגור,2007,קומדיה,"[{""name"": ""אלון גור אריה"", ""slug"": null}]",list_table,1,אילן דר,אילן_דר
המוסד_הסגור,המוסד הסגור,2007,קומדיה,"[{""name"": ""אלון גור אריה"", ""slug"": null}]",list_table,2,לנה אטינגר,לנה_אטינגר
"המקלט_(סרט,_2007)",המקלט,2007,דרמה,"[{""name"": ""רועי הורנשטיין"", ""slug"": null}]",list_table,0,יחזקאל לזרוב,יחזקאל_לזרוב
"המקלט_(סרט,_2007)",המקלט,2007,דרמה,"[{""name"": ""רועי הורנשטיין"", ""slug"": null}]",list_table,1,גילה אלמגור,גילה_אלמגור
הסודות,הסודות,2007,דרמה,"[{""name"": ""אבי נשר"", ""slug"": null}]",list_table,0,אניה בוקשטיין,אניה_בוקשטיין
הסודות,הסודות,2007,דרמה,"[{""name"": ""אבי נשר"", ""slug"": null}]",list_table,1,מיכל שטמלר,מיכל_שטמלר
הסודות,הסודות,2007,דרמה,"[{""name"": ""אבי נשר"", ""slug"": null}]",list_table,2,טלי אורן,טלי_אורן
הסודות,הסודות,2007,דרמה,"[{""name"": ""אבי נשר"", ""slug"": null}]",list_table,3,פאני ארדן,פאני_ארדן
הסודות,הסודות,2007,דרמה,"[{""name"": ""אבי נשר"", ""slug"": null}]",list_table,4,אדיר מילר,אדיר_מילר
הסודות,הסודות,2007,דרמה,"[{""name"": ""אבי נשר"", ""slug"": null}]",list_table,5,תיקי דיין,תיקי_דיין
התנתקות_(סרט),התנתקות,2007,דרמה,"[{""name"": ""עמוס גיתאי"", ""slug"": null}]",list_table,0,ז'ולייט בינוש,ז'ולייט_בינוש
התנתקות_(סרט),התנתקות,2007,דרמה,"[{""name"": ""עמוס גיתאי"", ""slug"": null}]",list_table,1,דאנה איבגי,דאנה_איבגי
התנתקות_(סרט),התנתקות,2007,דרמה,"[{""name"": ""עמוס גיתאי"", ""slug"": null}]",list_table,2,לירון לבו,לירון_לבו
"חופשת_קיץ_(סרט,_2007)",חופשת קיץ,2007,דרמה,"[{""name"": ""דוד ולך"", ""slug"": null}]",list_table,0,אסי דיין,אסי_דיין
"חופשת_קיץ_(סרט,_2007)",חופשת קיץ,2007,דרמה,"[{""name"": ""דוד ולך"", ""slug"": null}]",list_table,1,שרון הכהן-בר,שרון_הכהן-בר
"חופשת_קיץ_(סרט,_2007)",חופשת קיץ,2007,דרמה,"[{""name"": ""דוד ולך"", ""slug"": null}]",list_table,2,גיל ססובר,גיל_ססובר
יפאן_יפאן,יפאן יפאן,2007,דרמה,"[{""name"": ""ליאור שמריז"", ""slug"": null}]",list_table,0,אמרי קאהן,
מדוזות_(סרט),מדוזות,2007,דרמה,"[{""name"": ""אתגר קרת"", ""slug"": ""אתגר_קרת""}, {""name"": ""שירה גפן"", ""slug"": null}]",list_table,0,שרה אדלר,שרה_אדלר
מדוזות_(סרט),מדוזות,2007,דרמה,"[{""name"": ""אתגר קרת"", ""slug"": ""אתגר_קרת""}, {""name"": ""שירה גפן"", ""slug"": null}]",list_table,1,נועה קנולר,נועה_קנולר
מדוזות_(סרט),מדוזות,2007,דרמה,"[{""name"": ""אתגר קרת"", ""slug"": ""אתגר_קרת""}, {""name"": ""שירה גפן"", ""slug"": null}]",list_table,2,גרא סנדלר,גרא_סנדלר
מדוזות_(סרט),מדוזות,2007,דרמה,"[{""name"": ""אתגר קרת"", ""slug"": ""אתגר_קרת""}, {""name"": ""שירה גפן"", ""slug"": null}]",list_table,3,זהרירה חריפאי,זהרירה_חריפאי
מלך_של_קבצנים,מלך של קבצנים,2007,דרמה,"[{""name"": ""אורי פסטר"", ""slug"": null}]",list_table,0,גילי סער,גילי_סער
מלך_של_קבצנים,מלך של קבצנים,2007,דרמה,"[{""name"": ""אורי פסטר"", ""slug"": null}]",list_table,1,מוסקו אלקלעי,מוסקו_אלקלעי
מלך_של_קבצנים,מלך של קבצנים,2007,דרמה,"[{""name"": ""אורי פסטר"", ""slug"": null}]",list_table,2,רובי פורת שובל,רובי_פורת_שובל
מלך_של_קבצנים,מלך של קבצנים,2007,דרמה,"[{""name"": ""אורי פסטר"", ""slug"": null}]",list_table,3,עמוס לביא,עמוס_לביא
מלך_של_קבצנים,מלך של קבצנים,2007,דרמה,"[{""name"": ""אורי פסטר"", ""slug"": null}]",list_table,4,חיים זנאתי,חיים_זנאתי
נודל_(סרט),נודל,2007,דרמה,"[{""name"": ""איילת מנחמי"", ""slug"": null}]",list_table,0,מילי אביטל,מילי_אביטל
נודל_(סרט),נודל,2007,דרמה,"[{""name"": ""איילת מנחמי"", ""slug"": null}]",list_table,1,ענת וקסמן,ענת_וקסמן
נודל_(סרט),נודל,2007,דרמה,"[{""name"": ""איילת מנחמי"", ""slug"": null}]",list_table,2,אלון אבוטבול,אלון_אבוטבול
נודל_(סרט),נודל,2007,דרמה,"[{""name"": ""איילת מנחמי"", ""slug"": null}]",list_table,3,יפתח קליין,יפתח_קליין
ריקוד_מסוכן,ריקוד מסוכן,2007,דרמה,"[{""name"": ""מנחם גולן"", ""slug"": null}]",list_table,0,עומר ברנע,עומר_ברנע
ריקוד_מסוכן,ריקוד מסוכן,2007,דרמה,"[{""name"": ""מנחם גולן"", ""slug"": null}]",list_table,1,מיכל אמדורסקי,מיכל_אמדורסקי
ריקוד_מסוכן,ריקוד מסוכן,2007,דרמה,"[{""name"": ""מנחם גולן"", ""slug"": null}]",list_table,2,אליענה בקייר,אליענה_בקייר
ריקוד_מסוכן,ריקוד מסוכן,2007,דרמה,"[{""name"": ""מנחם גולן"", ""slug"": null}]",list_table,3,זהר ליבה,זהר_ליבה
רק_כלבים_רצים_חופשי,רק כלבים רצים חופשי,2007,דרמה,"[{""name"": ""ארנון צדוק"", ""slug"": ""ארנון_צדוק""}]",list_table,0,ליאור אשכנזי,ליאור_אשכנזי
רק_כלבים_רצים_חופשי,רק כלבים רצים חופשי,2007,דרמה,"[{""name"": ""ארנון צדוק"", ""slug"": ""ארנון_צדוק""}]",list_table,1,איילת זורר,איילת_זורר
תהילים_(סרט),תהילים,2007,דרמה,"[{""name"": ""רפאל נג'ארי"", ""slug"": null}]",list_table,0,מיכאל מושונוב,מיכאל_מושונוב
תהילים_(סרט),תהילים,2007,דרמה,"[{""name"": ""רפאל נג'ארי"", ""slug"": null}]",list_table,1,לימור גולדשטיין,לימור_גולדשטיין
תהילים_(סרט),תהילים,2007,דרמה,"[{""name"": ""רפאל נג'ארי"", ""slug"": null}]",list_table,2,אילן דר,אילן_דר
"רחמים_(סרט,_2007)",רחמים,2007,קומדיה,"[{""name"": ""יניב אמודאי"", ""slug"": null}]",list_table,0,יגאל עדיקא,יגאל_עדיקא
"רחמים_(סרט,_2007)",רחמים,2007,קומדיה,"[{""name"": ""יניב אמודאי"", ""slug"": null}]",list_table,1,שלום אסייג,שלום_אסייג
"רחמים_(סרט,_2007)",רחמים,2007,קומדיה,"[{""name"": ""יניב אמודאי"", ""slug"": null}]",list_table,2,ג'וליה מסלאווי,ג'וליה_מסלאווי
"רחמים_(סרט,_2007)",רחמים,2007,קומדיה,"[{""name"": ""יניב אמודאי"", ""slug"": null}]",list_table,3,דרור קרן,דרור_קרן
"רחמים_(סרט,_2007)",רחמים,2007,קומדיה,"[{""name"": ""יניב אמודאי"", ""slug"": null}]",list_table,4,מורן אטיאס,מורן_אטיאס
"רחמים_(סרט,_2007)",רחמים,2007,קומדיה,"[{""name"": ""יניב אמודאי"", ""slug"": null}]",list_table,5,פלורנס בלוך,פלורנס_בלוך
"רחמים_(סרט,_2007)",רחמים,2007,קומדיה,"[{""name"": ""יניב אמודאי"", ""slug"": null}]",list_table,6,אופירה רחמים,אופירה_רחמים
"רחמים_(סרט,_2007)",רחמים,2007,קומדיה,"[{""name"": ""יניב אמודאי"", ""slug"": null}]",list_table,7,צביקה הדר,צביקה_הדר
"רחמים_(סרט,_2007)",רחמים,2007,קומדיה,"[{""name"": ""יניב אמודאי"", ""slug"": null}]",list_table,8,גברי לוי,גברי_לוי
הרי_את_(סרט),הרי את,2007,דרמה,"[{""name"": ""פזית ליכטמן"", ""slug"": null}]",list_table,0,אביטל אברג'יל,אביטל_אברג'יל
הרי_את_(סרט),הרי את,2007,דרמה,"[{""name"": ""פזית ליכטמן"", ""slug"": null}]",list_table,1,שרון פרידמן,
אדם_בן_כלב,אדם בן כלב,2008,דרמה,"[{""name"": ""פול שרדר"", ""slug"": ""פול_שרדר""}]",list_table,0,ג'ף גולדבלום,ג'ף_גולדבלום
אדם_בן_כלב,אדם בן כלב,2008,דרמה,"[{""name"": ""פול שרדר"", ""slug"": ""פול_שרדר""}]",list_table,1,וילם דפו,וילם_דפו
אדם_בן_כלב,אדם בן כלב,2008,דרמה,"[{""name"": ""פול שרדר"", ""slug"": ""פול_שרדר""}]",list_table,2,דרק ג'קובי,דרק_ג'קובי
אדם_בן_כלב,אדם בן כלב,2008,דרמה,"[{""name"": ""פול שרדר"", ""slug"": ""פול_שרדר""}]",list_table,3,איילת זורר,איילת_זורר
איים_אבודים_(סרט),איים אבודים,2008,קומדיה,"[{""name"": ""רשף לוי"", ""slug"": null}]",list_table,0,אושרי כהן,אושרי_כהן
איים_אבודים_(סרט),איים אבודים,2008,קומדיה,"[{""name"": ""רשף לוי"", ""slug"": null}]",list_table,1,מיכאל מושונוב,מיכאל_מושונוב
איים_אבודים_(סרט),איים אבודים,2008,קומדיה,"[{""name"": ""רשף לוי"", ""slug"": null}]",list_table,2,שמיל בן-ארי,שמיל_בן-ארי
איים_אבודים_(סרט),איים אבודים,2008,קומדיה,"[{""name"": ""רשף לוי"", ""slug"": null}]",list_table,3,אורלי זילברשץ,אורלי_זילברשץ
איים_אבודים_(סרט),איים אבודים,2008,קומדיה,"[{""name"": ""רשף לוי"", ""slug"": null}]",list_table,4,עופר שכטר,עופר_שכטר
אילי_ובן,אילי ובן,2008,דרמה,"[{""name"": ""אורי רביד"", ""slug"": null}]",list_table,0,ליאור אשכנזי,ליאור_אשכנזי
אצבע_אלוהים_(סרט),אצבע אלוהים,2008,קומדיה,"[{""name"": ""יגאל בורשטיין"", ""slug"": null}]",list_table,0,אלון אבוטבול,אלון_אבוטבול
אצבע_אלוהים_(סרט),אצבע אלוהים,2008,קומדיה,"[{""name"": ""יגאל בורשטיין"", ""slug"": null}]",list_table,1,משה איבגי,משה_איבגי
ואלס_עם_בשיר,ואלס עם בשיר,2008,"אנימציה,תיעודי","[{""name"": ""ארי פולמן"", ""slug"": null}]",list_table,0,מיקי לאון,מיקי_לאון
ואלס_עם_בשיר,ואלס עם בשיר,2008,"אנימציה,תיעודי","[{""name"": ""ארי פולמן"", ""slug"": null}]",list_table,1,יחזקאל לזרוב,יחזקאל_לזרוב
נימפות_בערפל_(סרט),נימפות בערפל,2008,קומדיה,"[{""name"": ""יורם זקס"", ""slug"": null}]",list_table,0,רועי שגב,רועי_שגב
נימפות_בערפל_(סרט),נימפות בערפל,2008,קומדיה,"[{""name"": ""יורם זקס"", ""slug"": null}]",list_table,1,בני אבני,בני_אבני
עוד_אני_הולך_(סרט),עוד אני הולך,2008,דרמה,"[{""name"": ""יקי יושע"", ""slug"": ""יקי_יושע""}]",list_table,0,דני גבע,דני_גבע
עוד_אני_הולך_(סרט),עוד אני הולך,2008,דרמה,"[{""name"": ""יקי יושע"", ""slug"": ""יקי_יושע""}]",list_table,1,נינה קוטלר,נינה_קוטלר
עוד_אני_הולך_(סרט),עוד אני הולך,2008,דרמה,"[{""name"": ""יקי יושע"", ""slug"": ""יקי_יושע""}]",list_table,2,עמוס לביא,עמוס_לביא
חסר_מנוחה,חסר מנוחה,2008,דרמה,"[{""name"": ""עמוס קולק"", ""slug"": null}]",list_table,0,משה איבגי,משה_איבגי
חסר_מנוחה,חסר מנוחה,2008,דרמה,"[{""name"": ""עמוס קולק"", ""slug"": null}]",list_table,1,רן דנקר,רן_דנקר
חסר_מנוחה,חסר מנוחה,2008,דרמה,"[{""name"": ""עמוס קולק"", ""slug"": null}]",list_table,2,מיכאל מושונוב,מיכאל_מושונוב
עץ_לימון_(סרט),עץ לימון,2008,דרמה,"[{""name"": ""ערן ריקליס"", ""slug"": null}]",list_table,0,היאם עבאס,היאם_עבאס
עץ_לימון_(סרט),עץ לימון,2008,דרמה,"[{""name"": ""ערן ריקליס"", ""slug"": null}]",list_table,1,עלי סולימאן,עלי_סולימאן
שבעה_(סרט),שבעה,2008,דרמה,"[{""name"": ""שלומי אלקבץ"", ""slug"": null}, {""name"": ""רונית אלקבץ"", ""slug"": null}]",list_table,0,יעל אבקסיס,יעל_אבקסיס
שבעה_(סרט),שבעה,2008,דרמה,"[{""name"": ""שלומי אלקבץ"", ""slug"": null}, {""name"": ""רונית אלקבץ"", ""slug"": null}]",list_table,1,חנה לסלאו,חנה_לסלאו
שבעה_(סרט),שבעה,2008,דרמה,"[{""name"": ""שלומי אלקבץ"", ""slug"": null}, {""name"": ""רונית אלקבץ"", ""slug"": null}]",list_table,2,משה איבגי,משה_איבגי
שבעה_(סרט),שבעה,2008,דרמה,"[{""name"": ""שלומי אלקבץ"", ""slug"": null}, {""name"": ""רונית אלקבץ"", ""slug"": null}]",list_table,3,קרן מור,קרן_מור
שבעה_(סרט),שבעה,2008,דרמה,"[{""name"": ""שלומי אלקבץ"", ""slug"": null}, {""name"": ""רונית אלקבץ"", ""slug"": null}]",list_table,4,אלון אבוטבול,אלון_אבוטבול
שבעה_(סרט),שבעה,2008,דרמה,"[{""name"": ""שלומי אלקבץ"", ""slug"": null}, {""name"": ""רונית אלקבץ"", ""slug"": null}]",list_table,5,רונית אלקבץ,
תזכור_את_זה,תזכור את זה,2008,דרמה,"[{""name"": ""עילית זקצר"", ""slug"": null}]",list_table,0,תמרה קלינגון,תמרה_קלינגון
תזכור_את_זה,תזכור את זה,2008,דרמה,"[{""name"": ""עילית זקצר"", ""slug"": null}]",list_table,1,מעיין הרוש,
תזכור_את_זה,תזכור את זה,2008,דרמה,"[{""name"": ""עילית זקצר"", ""slug"": null}]",list_table,2,הילה מצקר-הלוי,הילה_מצקר-הלוי
תזכור_את_זה,תזכור את זה,2008,דרמה,"[{""name"": ""עילית זקצר"", ""slug"": null}]",list_table,3,עדי בילסקי,עדי_בילסקי
תזכור_את_זה,תזכור את זה,2008,דרמה,"[{""name"": ""עילית זקצר"", ""slug"": null}]",list_table,4,מעין וינשטוק,מעין_וינשטוק
אמא_של_ולנטינה,אמא של ולנטינה,2008,דרמה,"[{""name"": ""אריק לובצקי"", ""slug"": ""אריק_לובצקי""}, {""name"": ""מתי הררי"", ""slug"": ""מתי_הררי_(יוצר)""}]",list_table,0,אתל קובינסקה,אתל_קובינסקה
אמא_של_ולנטינה,אמא של ולנטינה,2008,דרמה,"[{""name"": ""אריק לובצקי"", ""slug"": ""אריק_לובצקי""}, {""name"": ""מתי הררי"", ""slug"": ""מתי_הררי_(יוצר)""}]",list_table,1,יוסי אולו,
אמא_של_ולנטינה,אמא של ולנטינה,2008,דרמה,"[{""name"": ""אריק לובצקי"", ""slug"": ""אריק_לובצקי""}, {""name"": ""מתי הררי"", ""slug"": ""מתי_הררי_(יוצר)""}]",list_table,2,סילביה דרורי,
בנא,בנא,2009,דרמה,"[{""name"": ""ניב קליינר"", ""slug"": null}]",list_table,0,מיכאל מושונוב,מיכאל_מושונוב
בנא,בנא,2009,דרמה,"[{""name"": ""ניב קליינר"", ""slug"": null}]",list_table,1,שמואל וילוז'ני,שמואל_וילוז'ני
ג'וליה_מיה,ג'וליה מיה,2009,דרמה,"[{""name"": ""יובל גרנות"", ""slug"": null}]",list_table,0,חיים זנאתי,חיים_זנאתי
ג'וליה_מיה,ג'וליה מיה,2009,דרמה,"[{""name"": ""יובל גרנות"", ""slug"": null}]",list_table,1,הגר בן אשר,הגר_בן_אשר
ג'וליה_מיה,ג'וליה מיה,2009,דרמה,"[{""name"": ""יובל גרנות"", ""slug"": null}]",list_table,2,דורי בן זאב,דורי_בן_זאב
ג'וליה_מיה,ג'וליה מיה,2009,דרמה,"[{""name"": ""יובל גרנות"", ""slug"": null}]",list_table,3,עדי אבן טוב,
הבודדים,הבודדים,2009,דרמה,"[{""name"": ""רנן שור"", ""slug"": null}]",list_table,0,סשה אגרונוב,סשה_אגרונוב
הבודדים,הבודדים,2009,דרמה,"[{""name"": ""רנן שור"", ""slug"": null}]",list_table,1,צחי גראד,צחי_גראד
הבודדים,הבודדים,2009,דרמה,"[{""name"": ""רנן שור"", ""slug"": null}]",list_table,2,הנרי דוד,הנרי_דוד
כלת_הים,כלת הים,2009,דרמה,"[{""name"": ""קרן ידעיה"", ""slug"": null}]",list_table,0,רונית אלקבץ,רונית_אלקבץ
כלת_הים,כלת הים,2009,דרמה,"[{""name"": ""קרן ידעיה"", ""slug"": null}]",list_table,1,דאנה איבגי,דאנה_איבגי
כלת_הים,כלת הים,2009,דרמה,"[{""name"": ""קרן ידעיה"", ""slug"": null}]",list_table,2,מוני מושונוב,מוני_מושונוב
כלת_הים,כלת הים,2009,דרמה,"[{""name"": ""קרן ידעיה"", ""slug"": null}]",list_table,3,רועי אסף,רועי_אסף
כלת_הים,כלת הים,2009,דרמה,"[{""name"": ""קרן ידעיה"", ""slug"": null}]",list_table,4,מוריס כהן,מוריס_כהן_(שחקן)
לבנון_(סרט),לבנון,2009,דרמה,"[{""name"": ""שמואל מעוז"", ""slug"": null}]",list_table,0,איתי טיראן,איתי_טיראן
לבנון_(סרט),לבנון,2009,דרמה,"[{""name"": ""שמואל מעוז"", ""slug"": null}]",list_table,1,אושרי כהן,אושרי_כהן
לבנון_(סרט),לבנון,2009,דרמה,"[{""name"": ""שמואל מעוז"", ""slug"": null}]",list_table,2,זהר שטראוס,זהר_שטראוס
לבנון_(סרט),לבנון,2009,דרמה,"[{""name"": ""שמואל מעוז"", ""slug"": null}]",list_table,3,יואב דונט,יואב_דונט
סיפור_גדול,סיפור גדול,2009,קומדיה,"[{""name"": ""ארז תדמור"", ""slug"": ""ארז_תדמור_(במאי_קולנוע)""}, {""name"": ""שרון מימון"", ""slug"": null}]",list_table,0,איציק כהן,איציק_כהן_(שחקן)
סיפור_גדול,סיפור גדול,2009,קומדיה,"[{""name"": ""ארז תדמור"", ""slug"": ""ארז_תדמור_(במאי_קולנוע)""}, {""name"": ""שרון מימון"", ""slug"": null}]",list_table,1,עירית קפלן,עירית_קפלן
סיפור_גדול,סיפור גדול,2009,קומדיה,"[{""name"": ""ארז תדמור"", ""slug"": ""ארז_תדמור_(במאי_קולנוע)""}, {""name"": ""שרון מימון"", ""slug"": null}]",list_table,2,דביר בנדק,דביר_בנדק
סיפור_גדול,סיפור גדול,2009,קומדיה,"[{""name"": ""ארז תדמור"", ""slug"": ""ארז_תדמור_(במאי_קולנוע)""}, {""name"": ""שרון מימון"", ""slug"": null}]",list_table,3,לבנה פינקלשטיין,לבנה_פינקלשטיין
עיניים_פקוחות,עיניים פקוחות,2009,דרמה,"[{""name"": ""חיים טבקמן"", ""slug"": null}]",list_table,0,רן דנקר,רן_דנקר
עיניים_פקוחות,עיניים פקוחות,2009,דרמה,"[{""name"": ""חיים טבקמן"", ""slug"": null}]",list_table,1,זהר שטראוס,זהר_שטראוס
קירות_(סרט),קירות,2009,דרמה,"[{""name"": ""דני לרנר"", ""slug"": null}]",list_table,0,אולגה קורילנקו,אולגה_קורילנקו
קירות_(סרט),קירות,2009,דרמה,"[{""name"": ""דני לרנר"", ""slug"": null}]",list_table,1,נינט טייב,נינט_טייב
קירות_(סרט),קירות,2009,דרמה,"[{""name"": ""דני לרנר"", ""slug"": null}]",list_table,2,זהר שטראוס,זהר_שטראוס
__title__:אחים__2009,אחים,2009,דרמה,"[{""name"": ""יגאל נידם"", ""slug"": null}]",list_table,0,ברוך ברנר,ברוך_ברנר
__title__:אחים__2009,אחים,2009,דרמה,"[{""name"": ""יגאל נידם"", ""slug"": null}]",list_table,1,אורנה פיטוסי,אורנה_פיטוסי
__title__:אחים__2009,אחים,2009,דרמה,"[{""name"": ""יגאל נידם"", ""slug"": null}]",list_table,2,מיכה סלקטר,מיכה_סלקטר
בדרך_אל_החתולים,בדרך אל החתולים,2009,דרמה,"[{""name"": ""חורחה גורביץ'"", ""slug"": ""חורחה_גורביץ'""}]",list_table,0,מוני מושונוב,מוני_מושונוב
בדרך_אל_החתולים,בדרך אל החתולים,2009,דרמה,"[{""name"": ""חורחה גורביץ'"", ""slug"": ""חורחה_גורביץ'""}]",list_table,1,ריטה זוהר,ריטה_זוהר
האור_השחור,האור השחור,2009,דרמה,"[{""name"": ""שחר צפניה"", ""slug"": null}]",list_table,0,אקי אבני,אקי_אבני
האור_השחור,האור השחור,2009,דרמה,"[{""name"": ""שחר צפניה"", ""slug"": null}]",list_table,1,אלייזה וינטראוב,
האור_השחור,האור השחור,2009,דרמה,"[{""name"": ""שחר צפניה"", ""slug"": null}]",list_table,2,נתן מגד,
__title__:זרובבל__2009,זרובבל,2009,דרמה,"[{""name"": ""שמואל ברו"", ""slug"": null}]",list_table,0,מאיר דסה,
__title__:זרובבל__2009,זרובבל,2009,דרמה,"[{""name"": ""שמואל ברו"", ""slug"": null}]",list_table,1,אסתר רדא,אסתר_רדא
חמש_שעות_מפריז,חמש שעות מפריז,2009,דרמה,"[{""name"": ""לאון פרודובסקי"", ""slug"": null}]",list_table,0,דרור קרן,דרור_קרן
חמש_שעות_מפריז,חמש שעות מפריז,2009,דרמה,"[{""name"": ""לאון פרודובסקי"", ""slug"": null}]",list_table,1,הלנה ירלובה,הלנה_ירלובה
חמש_שעות_מפריז,חמש שעות מפריז,2009,דרמה,"[{""name"": ""לאון פרודובסקי"", ""slug"": null}]",list_table,2,ולדימיר פרידמן,ולדימיר_פרידמן
מוקי_בוערה,מוקי בוערה,2009,דרמה,"[{""name"": ""לינה צ'פלין"", ""slug"": ""לינה_צ'פלין""}, {""name"": ""סלבה צ'פלין"", ""slug"": ""סלבה_צ'פלין""}]",list_table,0,יואב כורש,
מוקי_בוערה,מוקי בוערה,2009,דרמה,"[{""name"": ""לינה צ'פלין"", ""slug"": ""לינה_צ'פלין""}, {""name"": ""סלבה צ'פלין"", ""slug"": ""סלבה_צ'פלין""}]",list_table,1,אפרת בן צור,אפרת_בן_צור
נתיב_המזלות,נתיב המזלות,2009,דרמה,"[{""name"": ""אייל בן אהרון"", ""slug"": null}]",list_table,0,לטי גרובמן,לטי_גרובמן
נתיב_המזלות,נתיב המזלות,2009,דרמה,"[{""name"": ""אייל בן אהרון"", ""slug"": null}]",list_table,1,אייל בן אהרון,
ציון_ואחיו,ציון ואחיו,2009,דרמה,"[{""name"": ""ערן מירב"", ""slug"": null}]",list_table,0,ראובן בדלוב,
ציון_ואחיו,ציון ואחיו,2009,דרמה,"[{""name"": ""ערן מירב"", ""slug"": null}]",list_table,1,עופר חיון,עופר_חיון
ציון_ואחיו,ציון ואחיו,2009,דרמה,"[{""name"": ""ערן מירב"", ""slug"": null}]",list_table,2,רונית אלקבץ,רונית_אלקבץ
שבע_דקות_בגן_עדן,שבע דקות בגן עדן,2009,דרמה,"[{""name"": ""עמרי גבעון"", ""slug"": null}]",list_table,0,אלדד פריבס,אלדד_פריבס
שבע_דקות_בגן_עדן,שבע דקות בגן עדן,2009,דרמה,"[{""name"": ""עמרי גבעון"", ""slug"": null}]",list_table,1,ריימונד אמסלם,ריימונד_אמסלם
שני_דגלים,שני דגלים,2009,דרמה,"[{""name"": ""ליאור מולכו"", ""slug"": ""ליאור_מולכו""}]",list_table,0,נועה מנדל,
שני_דגלים,שני דגלים,2009,דרמה,"[{""name"": ""ליאור מולכו"", ""slug"": ""ליאור_מולכו""}]",list_table,1,רומן אילין,
היו_לילות_(סרט),היו לילות,2010,דרמה,"[{""name"": ""רוני ניניו"", ""slug"": null}]",list_table,0,משה איבגי,משה_איבגי
היו_לילות_(סרט),היו לילות,2010,דרמה,"[{""name"": ""רוני ניניו"", ""slug"": null}]",list_table,1,דאנה איבגי,דאנה_איבגי
היו_לילות_(סרט),היו לילות,2010,דרמה,"[{""name"": ""רוני ניניו"", ""slug"": null}]",list_table,2,יבגניה דודינה,יבגניה_דודינה
המשוטט,המשוטט,2010,דרמה,"[{""name"": ""אבישי סיון"", ""slug"": null}]",list_table,0,עמרי פירר,
המשוטט,המשוטט,2010,דרמה,"[{""name"": ""אבישי סיון"", ""slug"": null}]",list_table,1,עלי נאסר,עלי_נאסר
המשוטט,המשוטט,2010,דרמה,"[{""name"": ""אבישי סיון"", ""slug"": null}]",list_table,2,רונית פלד,
המשוטט,המשוטט,2010,דרמה,"[{""name"": ""אבישי סיון"", ""slug"": null}]",list_table,3,שני בן חיים,
התפרצות_X,התפרצות X,2010,דרמה,"[{""name"": ""איתן צור"", ""slug"": ""איתן_צור""}]",list_table,0,יוסי פולק,יוסי_פולק
התפרצות_X,התפרצות X,2010,דרמה,"[{""name"": ""איתן צור"", ""slug"": ""איתן_צור""}]",list_table,1,מלאני פרס,מלאני_פרס
התפרצות_X,התפרצות X,2010,דרמה,"[{""name"": ""איתן צור"", ""slug"": ""איתן_צור""}]",list_table,2,רמי הויברגר,רמי_הויברגר
התפרצות_X,התפרצות X,2010,דרמה,"[{""name"": ""איתן צור"", ""slug"": ""איתן_צור""}]",list_table,3,אורנה פורת,אורנה_פורת
זוהי_סדום,זוהי סדום,2010,קומדיה,"[{""name"": ""אדם סנדרסון"", ""slug"": ""אדם_סנדרסון""}, {""name"": ""מולי שגב"", ""slug"": null}]",list_table,0,אלי פיניש,אלי_פיניש
זוהי_סדום,זוהי סדום,2010,קומדיה,"[{""name"": ""אדם סנדרסון"", ""slug"": ""אדם_סנדרסון""}, {""name"": ""מולי שגב"", ""slug"": null}]",list_table,1,אסי כהן,אסי_כהן
זוהי_סדום,זוהי סדום,2010,קומדיה,"[{""name"": ""אדם סנדרסון"", ""slug"": ""אדם_סנדרסון""}, {""name"": ""מולי שגב"", ""slug"": null}]",list_table,2,מריאנו אידלמן,מריאנו_אידלמן
זוהי_סדום,זוהי סדום,2010,קומדיה,"[{""name"": ""אדם סנדרסון"", ""slug"": ""אדם_סנדרסון""}, {""name"": ""מולי שגב"", ""slug"": null}]",list_table,3,דב נבון,דב_נבון
זוהי_סדום,זוהי סדום,2010,קומדיה,"[{""name"": ""אדם סנדרסון"", ""slug"": ""אדם_סנדרסון""}, {""name"": ""מולי שגב"", ""slug"": null}]",list_table,4,טל פרידמן,טל_פרידמן
זוהי_סדום,זוהי סדום,2010,קומדיה,"[{""name"": ""אדם סנדרסון"", ""slug"": ""אדם_סנדרסון""}, {""name"": ""מולי שגב"", ""slug"": null}]",list_table,5,עלמה זק,עלמה_זק
זוהי_סדום,זוהי סדום,2010,קומדיה,"[{""name"": ""אדם סנדרסון"", ""slug"": ""אדם_סנדרסון""}, {""name"": ""מולי שגב"", ""slug"": null}]",list_table,6,יובל סמו,יובל_סמו
זוהי_סדום,זוהי סדום,2010,קומדיה,"[{""name"": ""אדם סנדרסון"", ""slug"": ""אדם_סנדרסון""}, {""name"": ""מולי שגב"", ""slug"": null}]",list_table,7,מאור כהן,מאור_כהן
כבוד_(סרט),כבוד,2010,דרמה,"[{""name"": ""חיים בוזגלו"", ""slug"": null}]",list_table,0,זאב רווח,זאב_רווח
כבוד_(סרט),כבוד,2010,דרמה,"[{""name"": ""חיים בוזגלו"", ""slug"": null}]",list_table,1,שמיל בן-ארי,שמיל_בן-ארי
כבוד_(סרט),כבוד,2010,דרמה,"[{""name"": ""חיים בוזגלו"", ""slug"": null}]",list_table,2,עמוס לביא,עמוס_לביא
פובידיליה,פובידיליה,2010,דרמה,"[{""name"": ""יואב פז"", ""slug"": null}, {""name"": ""דורון פז"", ""slug"": null}]",list_table,0,עופר שכטר,עופר_שכטר
פובידיליה,פובידיליה,2010,דרמה,"[{""name"": ""יואב פז"", ""slug"": null}, {""name"": ""דורון פז"", ""slug"": null}]",list_table,1,אפרת בוימולד,אפרת_בוימולד
פובידיליה,פובידיליה,2010,דרמה,"[{""name"": ""יואב פז"", ""slug"": null}, {""name"": ""דורון פז"", ""slug"": null}]",list_table,2,שלמה בר-שביט,שלמה_בר-שביט
פובידיליה,פובידיליה,2010,דרמה,"[{""name"": ""יואב פז"", ""slug"": null}, {""name"": ""דורון פז"", ""slug"": null}]",list_table,3,אפרת דור,אפרת_דור
פעם_הייתי,פעם הייתי,2010,דרמה,"[{""name"": ""אבי נשר"", ""slug"": null}]",list_table,0,אדיר מילר,אדיר_מילר
פעם_הייתי,פעם הייתי,2010,דרמה,"[{""name"": ""אבי נשר"", ""slug"": null}]",list_table,1,מיה דגן,מיה_דגן
פעם_הייתי,פעם הייתי,2010,דרמה,"[{""name"": ""אבי נשר"", ""slug"": null}]",list_table,2,דרור קרן,דרור_קרן
פעם_הייתי,פעם הייתי,2010,דרמה,"[{""name"": ""אבי נשר"", ""slug"": null}]",list_table,3,דב נבון,דב_נבון
פעם_הייתי,פעם הייתי,2010,דרמה,"[{""name"": ""אבי נשר"", ""slug"": null}]",list_table,4,ירדן בר-כוכבא,ירדן_בר-כוכבא
שליחותו_של_הממונה_על_משאבי_אנוש_(סרט),שליחותו של הממונה על משאבי אנוש,2010,דרמה,"[{""name"": ""ערן ריקליס"", ""slug"": ""ערן_ריקליס""}]",list_table,0,מארק איווניר,מארק_איווניר
שליחותו_של_הממונה_על_משאבי_אנוש_(סרט),שליחותו של הממונה על משאבי אנוש,2010,דרמה,"[{""name"": ""ערן ריקליס"", ""slug"": ""ערן_ריקליס""}]",list_table,1,רוזינה קמבוס,רוזינה_קמבוס
שליחותו_של_הממונה_על_משאבי_אנוש_(סרט),שליחותו של הממונה על משאבי אנוש,2010,דרמה,"[{""name"": ""ערן ריקליס"", ""slug"": ""ערן_ריקליס""}]",list_table,2,גורי אלפי,גורי_אלפי
שליחותו_של_הממונה_על_משאבי_אנוש_(סרט),שליחותו של הממונה על משאבי אנוש,2010,דרמה,"[{""name"": ""ערן ריקליס"", ""slug"": ""ערן_ריקליס""}]",list_table,3,גילה אלמגור,גילה_אלמגור
שליחותו_של_הממונה_על_משאבי_אנוש_(סרט),שליחותו של הממונה על משאבי אנוש,2010,דרמה,"[{""name"": ""ערן ריקליס"", ""slug"": ""ערן_ריקליס""}]",list_table,4,ריימונד אמסלם,ריימונד_אמסלם
הדקדוק_הפנימי,הדקדוק הפנימי,2010,דרמה,"[{""name"": ""ניר ברגמן"", ""slug"": null}]",list_table,0,רואי אלסברג,
הדקדוק_הפנימי,הדקדוק הפנימי,2010,דרמה,"[{""name"": ""ניר ברגמן"", ""slug"": null}]",list_table,1,אורלי זילברשץ,אורלי_זילברשץ
הדקדוק_הפנימי,הדקדוק הפנימי,2010,דרמה,"[{""name"": ""ניר ברגמן"", ""slug"": null}]",list_table,2,יהודה אלמגור,
המדריך_למהפכה,המדריך למהפכה,2010,תיעודי,"[{""name"": ""דורון צברי"", ""slug"": null}, {""name"": ""אורי ענבר"", ""slug"": null}]",list_table,0,אסתי ירושלמי,אסתי_ירושלמי
המדריך_למהפכה,המדריך למהפכה,2010,תיעודי,"[{""name"": ""דורון צברי"", ""slug"": null}, {""name"": ""אורי ענבר"", ""slug"": null}]",list_table,1,שמוליק קראוס,שמוליק_קראוס
המדריך_למהפכה,המדריך למהפכה,2010,תיעודי,"[{""name"": ""דורון צברי"", ""slug"": null}, {""name"": ""אורי ענבר"", ""slug"": null}]",list_table,2,אייל רוזלס,אייל_רוזלס
המדריך_למהפכה,המדריך למהפכה,2010,תיעודי,"[{""name"": ""דורון צברי"", ""slug"": null}, {""name"": ""אורי ענבר"", ""slug"": null}]",list_table,3,אריק קנלר,אריק_קנלר
המדריך_למהפכה,המדריך למהפכה,2010,תיעודי,"[{""name"": ""דורון צברי"", ""slug"": null}, {""name"": ""אורי ענבר"", ""slug"": null}]",list_table,4,דורון צברי,
מקבל_ההחלטות,מקבל ההחלטות,2010,דרמה,"[{""name"": ""דני יגיל"", ""slug"": null}]",list_table,0,עודד תאומי,עודד_תאומי
מקבל_ההחלטות,מקבל ההחלטות,2010,דרמה,"[{""name"": ""דני יגיל"", ""slug"": null}]",list_table,1,גדי יגיל,גדי_יגיל
מקבל_ההחלטות,מקבל ההחלטות,2010,דרמה,"[{""name"": ""דני יגיל"", ""slug"": null}]",list_table,2,יוסי קאנץ,יוסי_קאנץ
מקבל_ההחלטות,מקבל ההחלטות,2010,דרמה,"[{""name"": ""דני יגיל"", ""slug"": null}]",list_table,3,אלון דהן,אלון_דהן
מקבל_ההחלטות,מקבל ההחלטות,2010,דרמה,"[{""name"": ""דני יגיל"", ""slug"": null}]",list_table,4,אתי גרוטס,אתי_גרוטס
מקבל_ההחלטות,מקבל ההחלטות,2010,דרמה,"[{""name"": ""דני יגיל"", ""slug"": null}]",list_table,5,יונתן בר-אור,יונתן_בר-אור_(1981)
מקבל_ההחלטות,מקבל ההחלטות,2010,דרמה,"[{""name"": ""דני יגיל"", ""slug"": null}]",list_table,6,רן יגיל,רן_יגיל
מקבל_ההחלטות,מקבל ההחלטות,2010,דרמה,"[{""name"": ""דני יגיל"", ""slug"": null}]",list_table,7,תמר קינן,תמר_קינן
מקבל_ההחלטות,מקבל ההחלטות,2010,דרמה,"[{""name"": ""דני יגיל"", ""slug"": null}]",list_table,8,אמיר דוליצקי,אמיר_דוליצקי
מקבל_ההחלטות,מקבל ההחלטות,2010,דרמה,"[{""name"": ""דני יגיל"", ""slug"": null}]",list_table,9,דן קיזלר,
מקבל_ההחלטות,מקבל ההחלטות,2010,דרמה,"[{""name"": ""דני יגיל"", ""slug"": null}]",list_table,10,אוהד הול,
מקבל_ההחלטות,מקבל ההחלטות,2010,דרמה,"[{""name"": ""דני יגיל"", ""slug"": null}]",list_table,11,דני יגיל,
מקבל_ההחלטות,מקבל ההחלטות,2010,דרמה,"[{""name"": ""דני יגיל"", ""slug"": null}]",list_table,12,אבי בירנבאום,
התגנבות_יחידים_(סרט_קולנוע),התגנבות יחידים,2010,דרמה,"[{""name"": ""דובר קוסשווילי"", ""slug"": null}]",list_table,0,עוז זהבי,עוז_זהבי
התגנבות_יחידים_(סרט_קולנוע),התגנבות יחידים,2010,דרמה,"[{""name"": ""דובר קוסשווילי"", ""slug"": null}]",list_table,1,גיא אדלר,גיא_אדלר_(שחקן)
התגנבות_יחידים_(סרט_קולנוע),התגנבות יחידים,2010,דרמה,"[{""name"": ""דובר קוסשווילי"", ""slug"": null}]",list_table,2,ליאל דניר,ליאל_דניר
התגנבות_יחידים_(סרט_קולנוע),התגנבות יחידים,2010,דרמה,"[{""name"": ""דובר קוסשווילי"", ""slug"": null}]",list_table,3,מיכאל אלוני,מיכאל_אלוני
מאיה_(סרט),מאיה,2010,דרמה,"[{""name"": ""מיכל בת-אדם"", ""slug"": null}]",list_table,0,גיל פרנק,גיל_פרנק
מאיה_(סרט),מאיה,2010,דרמה,"[{""name"": ""מיכל בת-אדם"", ""slug"": null}]",list_table,1,לירון בן-שלוש,לירון_בן-שלוש
מאיה_(סרט),מאיה,2010,דרמה,"[{""name"": ""מיכל בת-אדם"", ""slug"": null}]",list_table,2,אלכס אנסקי,אלכס_אנסקי
כלבת_(סרט),כלבת,2010,אימה,"[{""name"": ""אהרון קשלס"", ""slug"": null}, {""name"": ""נבות פפושדו"", ""slug"": null}]",list_table,0,אניה בוקשטיין,אניה_בוקשטיין
כלבת_(סרט),כלבת,2010,אימה,"[{""name"": ""אהרון קשלס"", ""slug"": null}, {""name"": ""נבות פפושדו"", ""slug"": null}]",list_table,1,יעל גרובגלס,יעל_גרובגלס
כלבת_(סרט),כלבת,2010,אימה,"[{""name"": ""אהרון קשלס"", ""slug"": null}, {""name"": ""נבות פפושדו"", ""slug"": null}]",list_table,2,עפר שכטר,עפר_שכטר
כלבת_(סרט),כלבת,2010,אימה,"[{""name"": ""אהרון קשלס"", ""slug"": null}, {""name"": ""נבות פפושדו"", ""slug"": null}]",list_table,3,רן דנקר,רן_דנקר
כלבת_(סרט),כלבת,2010,אימה,"[{""name"": ""אהרון קשלס"", ""slug"": null}, {""name"": ""נבות פפושדו"", ""slug"": null}]",list_table,4,ליאור אשכנזי,ליאור_אשכנזי
כלבת_(סרט),כלבת,2010,אימה,"[{""name"": ""אהרון קשלס"", ""slug"": null}, {""name"": ""נבות פפושדו"", ""slug"": null}]",list_table,5,דני גבע,דני_גבע
חבורת_ראש_כרוב,חבורת ראש כרוב,2010,ילדים,"[{""name"": ""אופיר לובל"", ""slug"": ""אופיר_לובל""}]",list_table,0,שחר ישי,שחר_ישי
חבורת_ראש_כרוב,חבורת ראש כרוב,2010,ילדים,"[{""name"": ""אופיר לובל"", ""slug"": ""אופיר_לובל""}]",list_table,1,שחר פרץ,
חבורת_ראש_כרוב,חבורת ראש כרוב,2010,ילדים,"[{""name"": ""אופיר לובל"", ""slug"": ""אופיר_לובל""}]",list_table,2,מיכל מוכתר,מיכל_מוכתר
ז'אטם_איי_לאב_יו_טרמינל,ז'אטם איי לאב יו טרמינל,2011,דרמה,"[{""name"": ""דני מנקין"", ""slug"": null}]",list_table,0,מוקי,מוקי
ז'אטם_איי_לאב_יו_טרמינל,ז'אטם איי לאב יו טרמינל,2011,דרמה,"[{""name"": ""דני מנקין"", ""slug"": null}]",list_table,1,נרונה דה מאסדו קפלן,
וביום_השלישי,וביום השלישי,2011,דרמה,"[{""name"": ""משה איבגי"", ""slug"": null}]",list_table,0,שרון אלכסנדר,שרון_אלכסנדר
וביום_השלישי,וביום השלישי,2011,דרמה,"[{""name"": ""משה איבגי"", ""slug"": null}]",list_table,1,הילה פלדמן,הילה_פלדמן
וביום_השלישי,וביום השלישי,2011,דרמה,"[{""name"": ""משה איבגי"", ""slug"": null}]",list_table,2,עלית קרייז,עלית_קרייז
וביום_השלישי,וביום השלישי,2011,דרמה,"[{""name"": ""משה איבגי"", ""slug"": null}]",list_table,3,אפרת בן צור,אפרת_בן_צור
וביום_השלישי,וביום השלישי,2011,דרמה,"[{""name"": ""משה איבגי"", ""slug"": null}]",list_table,4,גל סלמון,
בין_השמשות_(סרט),בין השמשות,2011,דרמה,"[{""name"": ""אלון זינגמן"", ""slug"": null}]",list_table,0,שמיל בן ארי,שמיל_בן_ארי
בין_השמשות_(סרט),בין השמשות,2011,דרמה,"[{""name"": ""אלון זינגמן"", ""slug"": null}]",list_table,1,גל זייד,גל_זייד
בין_השמשות_(סרט),בין השמשות,2011,דרמה,"[{""name"": ""אלון זינגמן"", ""slug"": null}]",list_table,2,נטליה פאוסט,
בין_השמשות_(סרט),בין השמשות,2011,דרמה,"[{""name"": ""אלון זינגמן"", ""slug"": null}]",list_table,3,ריימונד אמסלם,ריימונד_אמסלם
ג'ו_+_בל,ג'ו + בל,2011,דרמה,"[{""name"": ""רוני קדר"", ""slug"": null}]",list_table,0,סיון לוי,סיון_לוי
ג'ו_+_בל,ג'ו + בל,2011,דרמה,"[{""name"": ""רוני קדר"", ""slug"": null}]",list_table,1,רומי אבולעפיה,רומי_אבולעפיה
ג'ו_+_בל,ג'ו + בל,2011,דרמה,"[{""name"": ""רוני קדר"", ""slug"": null}]",list_table,2,רוני קדר,
השוטר,השוטר,2011,דרמה,"[{""name"": ""נדב לפיד"", ""slug"": null}]",list_table,0,יפתח קליין,יפתח_קליין
השוטר,השוטר,2011,דרמה,"[{""name"": ""נדב לפיד"", ""slug"": null}]",list_table,1,יערה פלציג,יערה_פלציג
השוטר,השוטר,2011,דרמה,"[{""name"": ""נדב לפיד"", ""slug"": null}]",list_table,2,מיכאל אלוני,מיכאל_אלוני
השוטר,השוטר,2011,דרמה,"[{""name"": ""נדב לפיד"", ""slug"": null}]",list_table,3,מיטל ברדה,
השוטר,השוטר,2011,דרמה,"[{""name"": ""נדב לפיד"", ""slug"": null}]",list_table,4,מנשה נוי,מנשה_נוי
השוטר,השוטר,2011,דרמה,"[{""name"": ""נדב לפיד"", ""slug"": null}]",list_table,5,מיכאל מושונוב,מיכאל_מושונוב
לא_רואים_עליך,לא רואים עליך,2011,דרמה,"[{""name"": ""מיכל אביעד"", ""slug"": null}]",list_table,0,יבגניה דודינה,יבגניה_דודינה
לא_רואים_עליך,לא רואים עליך,2011,דרמה,"[{""name"": ""מיכל אביעד"", ""slug"": null}]",list_table,1,רונית אלקבץ,רונית_אלקבץ
לא_רואים_עליך,לא רואים עליך,2011,דרמה,"[{""name"": ""מיכל אביעד"", ""slug"": null}]",list_table,2,סיון לוי,סיון_לוי
גיא_אוני_(סרט),גיא אוני,2011,דרמה,"[{""name"": ""דן וולמן"", ""slug"": null}]",list_table,0,ציון אשכנזי,ציון_אשכנזי
גיא_אוני_(סרט),גיא אוני,2011,דרמה,"[{""name"": ""דן וולמן"", ""slug"": null}]",list_table,1,תמר אלקן,תמר_אלקן
גיא_אוני_(סרט),גיא אוני,2011,דרמה,"[{""name"": ""דן וולמן"", ""slug"": null}]",list_table,2,יעקב בודו,יעקב_בודו
גיא_אוני_(סרט),גיא אוני,2011,דרמה,"[{""name"": ""דן וולמן"", ""slug"": null}]",list_table,3,עזרא דגן,עזרא_דגן
אחותי_היפה,אחותי היפה,2011,דרמה,"[{""name"": ""מרקו כרמל"", ""slug"": null}]",list_table,0,ריימונד אמסלם,ריימונד_אמסלם
אחותי_היפה,אחותי היפה,2011,דרמה,"[{""name"": ""מרקו כרמל"", ""slug"": null}]",list_table,1,אוולין הגואל,אוולין_הגואל
אחותי_היפה,אחותי היפה,2011,דרמה,"[{""name"": ""מרקו כרמל"", ""slug"": null}]",list_table,2,נורמן עיסא,נורמן_עיסא
סלסה_תל_אביב,סלסה תל אביב,2011,קומדיה,"[{""name"": ""יונתן וולר"", ""slug"": null}]",list_table,0,אנחל בונני,אנחל_בונני
סלסה_תל_אביב,סלסה תל אביב,2011,קומדיה,"[{""name"": ""יונתן וולר"", ""slug"": null}]",list_table,1,דן דויטש,
סלסה_תל_אביב,סלסה תל אביב,2011,קומדיה,"[{""name"": ""יונתן וולר"", ""slug"": null}]",list_table,2,גיא קפולניק,
__title__:אוסטרליה שלי__2011,אוסטרליה שלי,2011,דרמה,"[{""name"": ""עמי דרוזד"", ""slug"": null}]",list_table,0,גבריאל לוין,גבריאל_לוין
__title__:אוסטרליה שלי__2011,אוסטרליה שלי,2011,דרמה,"[{""name"": ""עמי דרוזד"", ""slug"": null}]",list_table,1,דוד מזרחי,
__title__:אוסטרליה שלי__2011,אוסטרליה שלי,2011,דרמה,"[{""name"": ""עמי דרוזד"", ""slug"": null}]",list_table,2,איגור אובלוזה,
הפנטזיה_הגדולה_של_סימיקו_הקטן,הפנטזיה הגדולה של סימיקו הקטן,2011,קומדיה,"[{""name"": ""אריק לובצקי"", ""slug"": null}]",list_table,0,ציון ברוך,ציון_ברוך
הפנטזיה_הגדולה_של_סימיקו_הקטן,הפנטזיה הגדולה של סימיקו הקטן,2011,קומדיה,"[{""name"": ""אריק לובצקי"", ""slug"": null}]",list_table,1,נטע גרטי,נטע_גרטי
הפנטזיה_הגדולה_של_סימיקו_הקטן,הפנטזיה הגדולה של סימיקו הקטן,2011,קומדיה,"[{""name"": ""אריק לובצקי"", ""slug"": null}]",list_table,2,שלומי קוריאט,שלומי_קוריאט
הפנטזיה_הגדולה_של_סימיקו_הקטן,הפנטזיה הגדולה של סימיקו הקטן,2011,קומדיה,"[{""name"": ""אריק לובצקי"", ""slug"": null}]",list_table,3,אורי גבריאל,אורי_גבריאל
__title__:התפרקות__2011,התפרקות,2011,דרמה,"[{""name"": ""נינה מרקס"", ""slug"": null}]",list_table,0,דידי פייר,
__title__:לאן נעלם משה איבגי?__2011,לאן נעלם משה איבגי?,2011,דרמה,"[{""name"": ""אבי מלכה"", ""slug"": ""אבי_מלכה""}]",list_table,0,אורן בלנגה,
__title__:לאן נעלם משה איבגי?__2011,לאן נעלם משה איבגי?,2011,דרמה,"[{""name"": ""אבי מלכה"", ""slug"": ""אבי_מלכה""}]",list_table,1,יפעת ברסי,
__title__:לאן נעלם משה איבגי?__2011,לאן נעלם משה איבגי?,2011,דרמה,"[{""name"": ""אבי מלכה"", ""slug"": ""אבי_מלכה""}]",list_table,2,אמיתי אשכנזי,
__title__:לאן נעלם משה איבגי?__2011,לאן נעלם משה איבגי?,2011,דרמה,"[{""name"": ""אבי מלכה"", ""slug"": ""אבי_מלכה""}]",list_table,3,אלון נוימן,אלון_נוימן
עמק_תפארת,עמק תפארת,2011,דרמה,"[{""name"": ""הדר פרידליך"", ""slug"": null}]",list_table,0,בתיה בר,
עמק_תפארת,עמק תפארת,2011,דרמה,"[{""name"": ""הדר פרידליך"", ""slug"": null}]",list_table,1,אלי בן רעי,
עמק_תפארת,עמק תפארת,2011,דרמה,"[{""name"": ""הדר פרידליך"", ""slug"": null}]",list_table,2,גילי בן אוזיליו,גילי_בן_אוזיליו
__title__:פלנטה אחרת__2011,פלנטה אחרת,2011,דרמה,"[{""name"": ""עידן זעירא"", ""slug"": null}]",list_table,0,מישקה זילברשטיין,
__title__:פלנטה אחרת__2011,פלנטה אחרת,2011,דרמה,"[{""name"": ""עידן זעירא"", ""slug"": null}]",list_table,1,מקסים צ'רניך,
__title__:פלנטה אחרת__2011,פלנטה אחרת,2011,דרמה,"[{""name"": ""עידן זעירא"", ""slug"": null}]",list_table,2,תמרה סמסונוב,
רסיסי_אהבה,רסיסי אהבה,2011,דרמה,"[{""name"": ""ניסים נוטריקה"", ""slug"": null}]",list_table,0,יחזקאל לזרוב,יחזקאל_לזרוב
רסיסי_אהבה,רסיסי אהבה,2011,דרמה,"[{""name"": ""ניסים נוטריקה"", ""slug"": null}]",list_table,1,ריימונד אמסלם,ריימונד_אמסלם
רסיסי_אהבה,רסיסי אהבה,2011,דרמה,"[{""name"": ""ניסים נוטריקה"", ""slug"": null}]",list_table,2,ערן בן זאב,ערן_בן_זאב
רסיסי_אהבה,רסיסי אהבה,2011,דרמה,"[{""name"": ""ניסים נוטריקה"", ""slug"": null}]",list_table,3,עדנה בליליוס,עדנה_בליליוס
בוקר_טוב_אדון_פידלמן,בוקר טוב אדון פידלמן,2011,דרמה,"[{""name"": ""יוסי מדמוני"", ""slug"": ""יוסי_מדמוני""}]",list_table,0,ששון גבאי,ששון_גבאי
בוקר_טוב_אדון_פידלמן,בוקר טוב אדון פידלמן,2011,דרמה,"[{""name"": ""יוסי מדמוני"", ""slug"": ""יוסי_מדמוני""}]",list_table,1,הנרי דוד,הנרי_דוד
בוקר_טוב_אדון_פידלמן,בוקר טוב אדון פידלמן,2011,דרמה,"[{""name"": ""יוסי מדמוני"", ""slug"": ""יוסי_מדמוני""}]",list_table,2,שרה אדלר,שרה_אדלר
הערת_שוליים_(סרט),הערת שוליים,2011,דרמה,"[{""name"": ""יוסף סידר"", ""slug"": null}]",list_table,0,ליאור אשכנזי,ליאור_אשכנזי
הערת_שוליים_(סרט),הערת שוליים,2011,דרמה,"[{""name"": ""יוסף סידר"", ""slug"": null}]",list_table,1,שלמה בראבא,שלמה_בראבא
הערת_שוליים_(סרט),הערת שוליים,2011,דרמה,"[{""name"": ""יוסף סידר"", ""slug"": null}]",list_table,2,יובל שרף,יובל_שרף
מבול_(סרט),מבול,2011,דרמה,"[{""name"": ""גיא נתיב"", ""slug"": null}]",list_table,0,שמיל בן ארי,שמיל_בן_ארי
מבול_(סרט),מבול,2011,דרמה,"[{""name"": ""גיא נתיב"", ""slug"": null}]",list_table,1,יעקב כהן,יעקב_כהן_(שחקן)
מבול_(סרט),מבול,2011,דרמה,"[{""name"": ""גיא נתיב"", ""slug"": null}]",list_table,2,רונית אלקבץ,רונית_אלקבץ
פלייאוף_(סרט),פלייאוף,2011,דרמה,"[{""name"": ""ערן ריקליס"", ""slug"": null}]",list_table,0,דני יוסטון,דני_יוסטון
סטנד_אפ_(סרט),סטנד אפ,2011,קומדיה,"[{""name"": ""אסי צובל"", ""slug"": null}]",list_table,0,אמיר דוליצקי,אמיר_דוליצקי
סטנד_אפ_(סרט),סטנד אפ,2011,קומדיה,"[{""name"": ""אסי צובל"", ""slug"": null}]",list_table,1,מוטי בן ישי,מוטי_בן_ישי
סטנד_אפ_(סרט),סטנד אפ,2011,קומדיה,"[{""name"": ""אסי צובל"", ""slug"": null}]",list_table,2,מעין וינשטוק,מעין_וינשטוק
סטנד_אפ_(סרט),סטנד אפ,2011,קומדיה,"[{""name"": ""אסי צובל"", ""slug"": null}]",list_table,3,יעל מפציר בוצר,
סטנד_אפ_(סרט),סטנד אפ,2011,קומדיה,"[{""name"": ""אסי צובל"", ""slug"": null}]",list_table,4,ערן בן-צבי,
סרק_סרק,סרק סרק,2012,דרמה,"[{""name"": ""חיים בוזגלו"", ""slug"": null}]",list_table,0,עמוס לביא,עמוס_לביא
סרק_סרק,סרק סרק,2012,דרמה,"[{""name"": ""חיים בוזגלו"", ""slug"": null}]",list_table,1,ריימונד אמסלם,ריימונד_אמסלם
אורחים_לרגע,אורחים לרגע,2012,דרמה,"[{""name"": ""מאיה קניג"", ""slug"": null}]",list_table,0,גור בנטביץ',גור_בנטביץ'
אורחים_לרגע,אורחים לרגע,2012,דרמה,"[{""name"": ""מאיה קניג"", ""slug"": null}]",list_table,1,אליה ענבר,
אורחים_לרגע,אורחים לרגע,2012,דרמה,"[{""name"": ""מאיה קניג"", ""slug"": null}]",list_table,2,צחי גראד,צחי_גראד
מלח_ים_(סרט),מלח ים,2012,דרמה,"[{""name"": ""איתי לב"", ""slug"": ""איתי_לב_(במאי)""}]",list_table,0,ליאת גליק,ליאת_גליק
מלח_ים_(סרט),מלח ים,2012,דרמה,"[{""name"": ""איתי לב"", ""slug"": ""איתי_לב_(במאי)""}]",list_table,1,יעל רייך,יעל_רייך
מלח_ים_(סרט),מלח ים,2012,דרמה,"[{""name"": ""איתי לב"", ""slug"": ""איתי_לב_(במאי)""}]",list_table,2,יפתח קליין,יפתח_קליין
מלח_ים_(סרט),מלח ים,2012,דרמה,"[{""name"": ""איתי לב"", ""slug"": ""איתי_לב_(במאי)""}]",list_table,3,חן יאני,חן_יאני
מלח_ים_(סרט),מלח ים,2012,דרמה,"[{""name"": ""איתי לב"", ""slug"": ""איתי_לב_(במאי)""}]",list_table,4,איתי לב,איתי_לב_(במאי)
ברקיע_החמישי,ברקיע החמישי,2012,דרמה,"[{""name"": ""דינה צבי-ריקליס"", ""slug"": null}]",list_table,0,יחזקאל לזרוב,יחזקאל_לזרוב
ברקיע_החמישי,ברקיע החמישי,2012,דרמה,"[{""name"": ""דינה צבי-ריקליס"", ""slug"": null}]",list_table,1,אלונה איב,אלונה_איב
ברקיע_החמישי,ברקיע החמישי,2012,דרמה,"[{""name"": ""דינה צבי-ריקליס"", ""slug"": null}]",list_table,2,עמית מושקוביץ,
ניקה_(סרט),ניקה,2012,דרמה,"[{""name"": ""ארנון צדוק"", ""slug"": ""ארנון_צדוק""}]",list_table,0,אולג לוין,אולג_לוין
ניקה_(סרט),ניקה,2012,דרמה,"[{""name"": ""ארנון צדוק"", ""slug"": ""ארנון_צדוק""}]",list_table,1,ז'ניה וסרמן,
ניקה_(סרט),ניקה,2012,דרמה,"[{""name"": ""ארנון צדוק"", ""slug"": ""ארנון_צדוק""}]",list_table,2,אלכסיי שטוקין,
אודם_(סרט),אודם,2012,דרמה,"[{""name"": ""יהונתן סגל"", ""slug"": null}]",list_table,0,קלרה ח'ורי,קלרה_ח'ורי
אודם_(סרט),אודם,2012,דרמה,"[{""name"": ""יהונתן סגל"", ""slug"": null}]",list_table,1,נטלי עטיה,נטלי_עטיה
אודם_(סרט),אודם,2012,דרמה,"[{""name"": ""יהונתן סגל"", ""slug"": null}]",list_table,2,דניאל קלטג'ירונה,
2_בלילה,2 בלילה,2012,קומדיה רומנטית,"[{""name"": ""רועי ורנר"", ""slug"": null}]",list_table,0,ירון ברובינסקי,ירון_ברובינסקי
2_בלילה,2 בלילה,2012,קומדיה רומנטית,"[{""name"": ""רועי ורנר"", ""slug"": null}]",list_table,1,קרן ברגר,קרן_ברגר
הדילרים,הדילרים,2012,קומדיה,"[{""name"": ""עודד דוידוף"", ""slug"": ""עודד_דוידוף""}]",list_table,0,אלון אבוטבול,אלון_אבוטבול
הדילרים,הדילרים,2012,קומדיה,"[{""name"": ""עודד דוידוף"", ""slug"": ""עודד_דוידוף""}]",list_table,1,משה אשכנזי,משה_אשכנזי_(שחקן)
הדילרים,הדילרים,2012,קומדיה,"[{""name"": ""עודד דוידוף"", ""slug"": ""עודד_דוידוף""}]",list_table,2,רמי דוידוף,
ההתחלפות,ההתחלפות,2012,דרמה,"[{""name"": ""ערן קולירין"", ""slug"": null}]",list_table,0,רותם קינן,רותם_קינן
ההתחלפות,ההתחלפות,2012,דרמה,"[{""name"": ""ערן קולירין"", ""slug"": null}]",list_table,1,שרון טל,שרון_טל
ההתחלפות,ההתחלפות,2012,דרמה,"[{""name"": ""ערן קולירין"", ""slug"": null}]",list_table,2,דב נבון,דב_נבון
הנותנת,הנותנת,2012,דרמה,"[{""name"": ""הגר בן-אשר"", ""slug"": null}]",list_table,0,ישי גולן,ישי_גולן
הנותנת,הנותנת,2012,דרמה,"[{""name"": ""הגר בן-אשר"", ""slug"": null}]",list_table,1,איצ'ו אביטל,איצ'ו_אביטל
הנותנת,הנותנת,2012,דרמה,"[{""name"": ""הגר בן-אשר"", ""slug"": null}]",list_table,2,הגר בן-אשר,
הסיפור_של_יוסי,הסיפור של יוסי,2012,דרמה,"[{""name"": ""איתן פוקס"", ""slug"": ""איתן_פוקס""}]",list_table,0,ליאור אשכנזי,ליאור_אשכנזי
הסיפור_של_יוסי,הסיפור של יוסי,2012,דרמה,"[{""name"": ""איתן פוקס"", ""slug"": ""איתן_פוקס""}]",list_table,1,אוהד קנולר,אוהד_קנולר
הסיפור_של_יוסי,הסיפור של יוסי,2012,דרמה,"[{""name"": ""איתן פוקס"", ""slug"": ""איתן_פוקס""}]",list_table,2,אורלי זילברשץ,אורלי_זילברשץ
__title__:המתקפה__2012,המתקפה,2012,,"[{""name"": ""זיאד דוארי"", ""slug"": null}]",list_table,0,עלי סלימאן,עלי_סלימאן
__title__:המתקפה__2012,המתקפה,2012,,"[{""name"": ""זיאד דוארי"", ""slug"": null}]",list_table,1,ריימונד אמסלם,ריימונד_אמסלם
__title__:המתקפה__2012,המתקפה,2012,,"[{""name"": ""זיאד דוארי"", ""slug"": null}]",list_table,2,יבגניה דודינה,יבגניה_דודינה
__title__:המתקפה__2012,המתקפה,2012,,"[{""name"": ""זיאד דוארי"", ""slug"": null}]",list_table,3,אורי גבריאל,אורי_גבריאל
__title__:המתקפה__2012,המתקפה,2012,,"[{""name"": ""זיאד דוארי"", ""slug"": null}]",list_table,4,דביר בנדק,דביר_בנדק
העולם_מצחיק,העולם מצחיק,2012,קומדיה,"[{""name"": ""שמי זרחין"", ""slug"": null}]",list_table,0,אלי פיניש,אלי_פיניש
העולם_מצחיק,העולם מצחיק,2012,קומדיה,"[{""name"": ""שמי זרחין"", ""slug"": null}]",list_table,1,אסי לוי,אסי_לוי
העולם_מצחיק,העולם מצחיק,2012,קומדיה,"[{""name"": ""שמי זרחין"", ""slug"": null}]",list_table,2,דני שטג,דני_שטג
העולם_מצחיק,העולם מצחיק,2012,קומדיה,"[{""name"": ""שמי זרחין"", ""slug"": null}]",list_table,3,זאב רווח,זאב_רווח
העולם_מצחיק,העולם מצחיק,2012,קומדיה,"[{""name"": ""שמי זרחין"", ""slug"": null}]",list_table,4,גל לב,גל_לב
העולם_מצחיק,העולם מצחיק,2012,קומדיה,"[{""name"": ""שמי זרחין"", ""slug"": null}]",list_table,5,יחזקאל לזרוב,יחזקאל_לזרוב
למלא_את_החלל,למלא את החלל,2012,דרמה,"[{""name"": ""רמה בורשטין"", ""slug"": null}]",list_table,0,הדס ירון,הדס_ירון
למלא_את_החלל,למלא את החלל,2012,דרמה,"[{""name"": ""רמה בורשטין"", ""slug"": null}]",list_table,1,עירית שלג,עירית_שלג
למלא_את_החלל,למלא את החלל,2012,דרמה,"[{""name"": ""רמה בורשטין"", ""slug"": null}]",list_table,2,יפתח קליין,יפתח_קליין
למלא_את_החלל,למלא את החלל,2012,דרמה,"[{""name"": ""רמה בורשטין"", ""slug"": null}]",list_table,3,חיים שריר,חיים_שריר
חדר_514,חדר 514,2012,דרמה,"[{""name"": ""שרון בר-זיו"", ""slug"": null}]",list_table,0,אורן פרג',
חדר_514,חדר 514,2012,דרמה,"[{""name"": ""שרון בר-זיו"", ""slug"": null}]",list_table,1,אוהד הול,
חדר_514,חדר 514,2012,דרמה,"[{""name"": ""שרון בר-זיו"", ""slug"": null}]",list_table,2,הילי ישראל,
חדר_514,חדר 514,2012,דרמה,"[{""name"": ""שרון בר-זיו"", ""slug"": null}]",list_table,3,אסיה נייפלד,אסיה_נייפלד
חתולים_על_סירת_פדלים,חתולים על סירת פדלים,2012,"קומדיה, אימה","[{""name"": ""נדב הולנדר"", ""slug"": ""נדב_הולנדר""}, {""name"": ""יובל מנדלסון"", ""slug"": null}]",list_table,0,דנה פרידר,דנה_פרידר
חתולים_על_סירת_פדלים,חתולים על סירת פדלים,2012,"קומדיה, אימה","[{""name"": ""נדב הולנדר"", ""slug"": ""נדב_הולנדר""}, {""name"": ""יובל מנדלסון"", ""slug"": null}]",list_table,1,מיכאל מושונוב,מיכאל_מושונוב
חתולים_על_סירת_פדלים,חתולים על סירת פדלים,2012,"קומדיה, אימה","[{""name"": ""נדב הולנדר"", ""slug"": ""נדב_הולנדר""}, {""name"": ""יובל מנדלסון"", ""slug"": null}]",list_table,2,שמואל וילוז'ני,שמואל_וילוז'ני
נמס_בגשם_(סרט),נמס בגשם,2012,דרמה,"[{""name"": ""דורון ערן"", ""slug"": ""דורון_ערן""}]",list_table,0,חן יאני,חן_יאני
נמס_בגשם_(סרט),נמס בגשם,2012,דרמה,"[{""name"": ""דורון ערן"", ""slug"": ""דורון_ערן""}]",list_table,1,לימור גולדשטיין,לימור_גולדשטיין
נמס_בגשם_(סרט),נמס בגשם,2012,דרמה,"[{""name"": ""דורון ערן"", ""slug"": ""דורון_ערן""}]",list_table,2,עמי ויינברג,עמי_ויינברג
נמס_בגשם_(סרט),נמס בגשם,2012,דרמה,"[{""name"": ""דורון ערן"", ""slug"": ""דורון_ערן""}]",list_table,3,עודד לאופולד,עודד_לאופולד
בשר_תותחים,בשר תותחים,2012,אימה,"[{""name"": ""איתן גפני"", ""slug"": null}]",list_table,0,לירון לבו,לירון_לבו
בשר_תותחים,בשר תותחים,2012,אימה,"[{""name"": ""איתן גפני"", ""slug"": null}]",list_table,1,רוי מילר,רוי_מילר
בשר_תותחים,בשר תותחים,2012,אימה,"[{""name"": ""איתן גפני"", ""slug"": null}]",list_table,2,יפית שלו,
__title__:עולם אחר__2012,עולם אחר,2012,אימה,"[{""name"": ""איתן ראובן"", ""slug"": null}]",list_table,0,צח כהן,
בקבוק_בים_של_עזה,בקבוק בים של עזה,2012,דרמה,"[{""name"": ""טיירי בנישתי"", ""slug"": null}]",list_table,0,מחמוד שלבי,
בקבוק_בים_של_עזה,בקבוק בים של עזה,2012,דרמה,"[{""name"": ""טיירי בנישתי"", ""slug"": null}]",list_table,1,ריף כהן,ריף_כהן
בקבוק_בים_של_עזה,בקבוק בים של עזה,2012,דרמה,"[{""name"": ""טיירי בנישתי"", ""slug"": null}]",list_table,2,מקס אולארצ'יק,מקס_אולארצ'יק
רווקה_פלוס,רווקה פלוס,2012,"דרמה, קומדיה","[{""name"": ""דובר קוסשווילי"", ""slug"": null}]",list_table,0,מתי אטלס,מתי_אטלס
רווקה_פלוס,רווקה פלוס,2012,"דרמה, קומדיה","[{""name"": ""דובר קוסשווילי"", ""slug"": null}]",list_table,1,מוטי גלעדי,מוטי_גלעדי
רווקה_פלוס,רווקה פלוס,2012,"דרמה, קומדיה","[{""name"": ""דובר קוסשווילי"", ""slug"": null}]",list_table,2,מיקי לאון,מיקי_לאון
רווקה_פלוס,רווקה פלוס,2012,"דרמה, קומדיה","[{""name"": ""דובר קוסשווילי"", ""slug"": null}]",list_table,3,יעל טוקר,יעל_טוקר
המשגיחים,המשגיחים,2012,דרמה,"[{""name"": ""מני יעיש"", ""slug"": ""מני_יעיש""}]",list_table,0,רועי אסף,רועי_אסף
המשגיחים,המשגיחים,2012,דרמה,"[{""name"": ""מני יעיש"", ""slug"": ""מני_יעיש""}]",list_table,1,רותם זיסמן-כהן,רותם_זיסמן-כהן
המשגיחים,המשגיחים,2012,דרמה,"[{""name"": ""מני יעיש"", ""slug"": ""מני_יעיש""}]",list_table,2,גל פרידמן,גל_פרידמן_(שחקן)
ריח_פועלים,ריח פועלים,2012,דרמה,"[{""name"": ""גודיס שניידר"", ""slug"": null}, {""name"": ""איילת ורשל"", ""slug"": null}]",list_table,0,ריקי בליך,ריקי_בליך
ריח_פועלים,ריח פועלים,2012,דרמה,"[{""name"": ""גודיס שניידר"", ""slug"": null}, {""name"": ""איילת ורשל"", ""slug"": null}]",list_table,1,שלומי שבן,שלומי_שבן
ריח_פועלים,ריח פועלים,2012,דרמה,"[{""name"": ""גודיס שניידר"", ""slug"": null}, {""name"": ""איילת ורשל"", ""slug"": null}]",list_table,2,אושרי סהר,אושרי_סהר
שומרי_הסף,שומרי הסף,2012,תיעודי,"[{""name"": ""דרור מורה"", ""slug"": null}]",list_table,0,אברהם שלום,אברהם_שלום
שומרי_הסף,שומרי הסף,2012,תיעודי,"[{""name"": ""דרור מורה"", ""slug"": null}]",list_table,1,יעקב פרי,יעקב_פרי
שומרי_הסף,שומרי הסף,2012,תיעודי,"[{""name"": ""דרור מורה"", ""slug"": null}]",list_table,2,כרמי גילון,כרמי_גילון
שומרי_הסף,שומרי הסף,2012,תיעודי,"[{""name"": ""דרור מורה"", ""slug"": null}]",list_table,3,עמי אילון,עמי_אילון
שומרי_הסף,שומרי הסף,2012,תיעודי,"[{""name"": ""דרור מורה"", ""slug"": null}]",list_table,4,אבי דיכטר,אבי_דיכטר
שומרי_הסף,שומרי הסף,2012,תיעודי,"[{""name"": ""דרור מורה"", ""slug"": null}]",list_table,5,יובל דיסקין,יובל_דיסקין
השקר_הגדול,השקר הגדול,2012,דרמה,"[{""name"": ""ימין מסיקה"", ""slug"": ""ימין_מסיקה""}]",list_table,0,אבי סויסה,
השקר_הגדול,השקר הגדול,2012,דרמה,"[{""name"": ""ימין מסיקה"", ""slug"": ""ימין_מסיקה""}]",list_table,1,בבר יוקו,בבר_יוקו
השקר_הגדול,השקר הגדול,2012,דרמה,"[{""name"": ""ימין מסיקה"", ""slug"": ""ימין_מסיקה""}]",list_table,2,דני חדד,
בלדה_לאביב_הבוכה,בלדה לאביב הבוכה,2012,דרמה,"[{""name"": ""בני תורתי"", ""slug"": null}]",list_table,0,דודו טסה,דודו_טסה
בלדה_לאביב_הבוכה,בלדה לאביב הבוכה,2012,דרמה,"[{""name"": ""בני תורתי"", ""slug"": null}]",list_table,1,אדר גולד,אדר_גולד
בלדה_לאביב_הבוכה,בלדה לאביב הבוכה,2012,דרמה,"[{""name"": ""בני תורתי"", ""slug"": null}]",list_table,2,מארק אליהו,מארק_אליהו
בלדה_לאביב_הבוכה,בלדה לאביב הבוכה,2012,דרמה,"[{""name"": ""בני תורתי"", ""slug"": null}]",list_table,3,ניר לוי,ניר_לוי
בלדה_לאביב_הבוכה,בלדה לאביב הבוכה,2012,דרמה,"[{""name"": ""בני תורתי"", ""slug"": null}]",list_table,4,אורי גבריאל,אורי_גבריאל
החיים_בינתיים,החיים בינתיים,2013,דרמה,"[{""name"": ""ענר פרמינגר"", ""slug"": ""ענר_פרמינגר""}]",list_table,0,חגית דסברג,חגית_דסברג
החיים_בינתיים,החיים בינתיים,2013,דרמה,"[{""name"": ""ענר פרמינגר"", ""slug"": ""ענר_פרמינגר""}]",list_table,1,אייל נחמיאס,אייל_נחמיאס
רימון_הזהב,רימון הזהב,2013,דרמה,"[{""name"": ""דן תורג'מן"", ""slug"": null}]",list_table,0,אופיר נהרי,אופיר_נהרי
רימון_הזהב,רימון הזהב,2013,דרמה,"[{""name"": ""דן תורג'מן"", ""slug"": null}]",list_table,1,גלית גיאת,גלית_גיאת
רימון_הזהב,רימון הזהב,2013,דרמה,"[{""name"": ""דן תורג'מן"", ""slug"": null}]",list_table,2,מתי סרי,מתי_סרי
בית_לחם_(סרט),בית לחם,2013,"פעולה, דרמה","[{""name"": ""יובל אדלר"", ""slug"": null}]",list_table,0,צחי הלוי,צחי_הלוי
"בננות_(סרט,_2013)",בננות,2013,קומדיה,"[{""name"": ""איתן פוקס"", ""slug"": null}]",list_table,0,עפר שכטר,עפר_שכטר
"בננות_(סרט,_2013)",בננות,2013,קומדיה,"[{""name"": ""איתן פוקס"", ""slug"": null}]",list_table,1,ענת וקסמן,ענת_וקסמן
"בננות_(סרט,_2013)",בננות,2013,קומדיה,"[{""name"": ""איתן פוקס"", ""slug"": null}]",list_table,2,דאנה איבגי,דאנה_איבגי
"בננות_(סרט,_2013)",בננות,2013,קומדיה,"[{""name"": ""איתן פוקס"", ""slug"": null}]",list_table,3,יעל בר זוהר,יעל_בר_זוהר
"בננות_(סרט,_2013)",בננות,2013,קומדיה,"[{""name"": ""איתן פוקס"", ""slug"": null}]",list_table,4,קרן ברגר,קרן_ברגר
"בננות_(סרט,_2013)",בננות,2013,קומדיה,"[{""name"": ""איתן פוקס"", ""slug"": null}]",list_table,5,אפרת דור,אפרת_דור
__title__:גולם__2013,גולם,2013,דרמה,"[{""name"": ""אדם דויטש"", ""slug"": null}]",list_table,0,אלינור קלוגר,
__title__:גולם__2013,גולם,2013,דרמה,"[{""name"": ""אדם דויטש"", ""slug"": null}]",list_table,1,יובל ינאי,יובל_ינאי
__title__:גולם__2013,גולם,2013,דרמה,"[{""name"": ""אדם דויטש"", ""slug"": null}]",list_table,2,שרון פרידמן,
המסע_לכוכב_המינימיקים,המסע לכוכב המינימיקים,2013,"מדע בדיוני, אנימציה","[{""name"": ""שי כרמלי"", ""slug"": null}]",list_table,0,לירון לב,לירון_לב
המסע_לכוכב_המינימיקים,המסע לכוכב המינימיקים,2013,"מדע בדיוני, אנימציה","[{""name"": ""שי כרמלי"", ""slug"": null}]",list_table,1,שירי גדני,שירי_גדני
המסע_לכוכב_המינימיקים,המסע לכוכב המינימיקים,2013,"מדע בדיוני, אנימציה","[{""name"": ""שי כרמלי"", ""slug"": null}]",list_table,2,עידו מוסרי,עידו_מוסרי
המסע_לכוכב_המינימיקים,המסע לכוכב המינימיקים,2013,"מדע בדיוני, אנימציה","[{""name"": ""שי כרמלי"", ""slug"": null}]",list_table,3,עמי סמולרצ'יק,עמי_סמולרצ'יק
המסע_לכוכב_המינימיקים,המסע לכוכב המינימיקים,2013,"מדע בדיוני, אנימציה","[{""name"": ""שי כרמלי"", ""slug"": null}]",list_table,4,אילן גנני,אילן_גנני
המסע_לכוכב_המינימיקים,המסע לכוכב המינימיקים,2013,"מדע בדיוני, אנימציה","[{""name"": ""שי כרמלי"", ""slug"": null}]",list_table,5,קובי פרג',קובי_פרג'
המסע_לכוכב_המינימיקים,המסע לכוכב המינימיקים,2013,"מדע בדיוני, אנימציה","[{""name"": ""שי כרמלי"", ""slug"": null}]",list_table,6,חנה לסלאו,חנה_לסלאו
הנוער,הנוער,2013,דרמה,"[{""name"": ""תום שובל"", ""slug"": null}]",list_table,0,דוד קוניו,דוד_קוניו
הנוער,הנוער,2013,דרמה,"[{""name"": ""תום שובל"", ""slug"": null}]",list_table,1,איתן קוניו,
הנוער,הנוער,2013,דרמה,"[{""name"": ""תום שובל"", ""slug"": null}]",list_table,2,משה איבגי,משה_איבגי
הנוער,הנוער,2013,דרמה,"[{""name"": ""תום שובל"", ""slug"": null}]",list_table,3,גיטה אמלי,
יללת_הזאבים,יללת הזאבים,2013,הרפתקאות,"[{""name"": ""משה אלפרט"", ""slug"": null}]",list_table,0,שמיל בן ארי,שמיל_בן_ארי
כידון_(סרט),כידון,2013,"קומדיה, פעולה","[{""name"": ""עמנואל נקש"", ""slug"": null}]",list_table,0,בר רפאלי,בר_רפאלי
כידון_(סרט),כידון,2013,"קומדיה, פעולה","[{""name"": ""עמנואל נקש"", ""slug"": null}]",list_table,1,שי אביבי,שי_אביבי
כידון_(סרט),כידון,2013,"קומדיה, פעולה","[{""name"": ""עמנואל נקש"", ""slug"": null}]",list_table,2,ריימונד אמסלם,ריימונד_אמסלם
כידון_(סרט),כידון,2013,"קומדיה, פעולה","[{""name"": ""עמנואל נקש"", ""slug"": null}]",list_table,3,ששון גבאי,ששון_גבאי
כידון_(סרט),כידון,2013,"קומדיה, פעולה","[{""name"": ""עמנואל נקש"", ""slug"": null}]",list_table,4,שרדי ג'בארין,שרדי_ג'בארין
__title__:להישאר בחיים (זייתון)__2013,להישאר בחיים (זייתון),2013,דרמת מלחמה,"[{""name"": ""ערן ריקליס"", ""slug"": ""ערן_ריקליס""}]",list_table,0,סטיבן דורף,סטיבן_דורף
__title__:להישאר בחיים (זייתון)__2013,להישאר בחיים (זייתון),2013,דרמת מלחמה,"[{""name"": ""ערן ריקליס"", ""slug"": ""ערן_ריקליס""}]",list_table,1,עבדאללה עקל,עבדאללה_עקל
__title__:להישאר בחיים (זייתון)__2013,להישאר בחיים (זייתון),2013,דרמת מלחמה,"[{""name"": ""ערן ריקליס"", ""slug"": ""ערן_ריקליס""}]",list_table,2,לואי נופי,לואי_נופי
לצוד_פילים,לצוד פילים,2013,קומדיית פשע,"[{""name"": ""רשף לוי"", ""slug"": null}]",list_table,0,פטריק סטיוארט,פטריק_סטיוארט
לצוד_פילים,לצוד פילים,2013,קומדיית פשע,"[{""name"": ""רשף לוי"", ""slug"": null}]",list_table,1,ששון גבאי,ששון_גבאי
לצוד_פילים,לצוד פילים,2013,קומדיית פשע,"[{""name"": ""רשף לוי"", ""slug"": null}]",list_table,2,מוני מושונוב,מוני_מושונוב
לצוד_פילים,לצוד פילים,2013,קומדיית פשע,"[{""name"": ""רשף לוי"", ""slug"": null}]",list_table,3,משה איבגי,משה_איבגי
לצוד_פילים,לצוד פילים,2013,קומדיית פשע,"[{""name"": ""רשף לוי"", ""slug"": null}]",list_table,4,יעל אבקסיס,יעל_אבקסיס
מי_מפחד_מהזאב_הרע_(סרט),מי מפחד מהזאב הרע,2013,אימה,"[{""name"": ""נבות פפושדו"", ""slug"": null}, {""name"": ""אהרון קשלס"", ""slug"": null}]",list_table,0,צחי גראד,צחי_גראד
מי_מפחד_מהזאב_הרע_(סרט),מי מפחד מהזאב הרע,2013,אימה,"[{""name"": ""נבות פפושדו"", ""slug"": null}, {""name"": ""אהרון קשלס"", ""slug"": null}]",list_table,1,ליאור אשכנזי,ליאור_אשכנזי
מי_מפחד_מהזאב_הרע_(סרט),מי מפחד מהזאב הרע,2013,אימה,"[{""name"": ""נבות פפושדו"", ""slug"": null}, {""name"": ""אהרון קשלס"", ""slug"": null}]",list_table,2,רותם קינן,רותם_קינן
מי_מפחד_מהזאב_הרע_(סרט),מי מפחד מהזאב הרע,2013,אימה,"[{""name"": ""נבות פפושדו"", ""slug"": null}, {""name"": ""אהרון קשלס"", ""slug"": null}]",list_table,3,דב גליקמן,דב_גליקמן
מי_מפחד_מהזאב_הרע_(סרט),מי מפחד מהזאב הרע,2013,אימה,"[{""name"": ""נבות פפושדו"", ""slug"": null}, {""name"": ""אהרון קשלס"", ""slug"": null}]",list_table,4,מנשה נוי,מנשה_נוי
פלאות,פלאות,2013,,"[{""name"": ""אבי נשר"", ""slug"": null}]",list_table,0,יובל שרף,יובל_שרף
פלאות,פלאות,2013,,"[{""name"": ""אבי נשר"", ""slug"": null}]",list_table,1,אורי חזקיה,אורי_חזקיה
פלאות,פלאות,2013,,"[{""name"": ""אבי נשר"", ""slug"": null}]",list_table,2,יהודה לוי,יהודה_לוי_(שחקן)
פלאות,פלאות,2013,,"[{""name"": ""אבי נשר"", ""slug"": null}]",list_table,3,אדיר מילר,אדיר_מילר
פלאות,פלאות,2013,,"[{""name"": ""אבי נשר"", ""slug"": null}]",list_table,4,אפרת גוש,אפרת_גוש
__title__:פנתר לבן__2013,פנתר לבן,2013,דרמת היאבקות,"[{""name"": ""דני רייספלד"", ""slug"": null}]",list_table,0,זאב רווח,זאב_רווח
__title__:פנתר לבן__2013,פנתר לבן,2013,דרמת היאבקות,"[{""name"": ""דני רייספלד"", ""slug"": null}]",list_table,1,מיטל גל סויסה,מיטל_גל_סויסה
__title__:פנתר לבן__2013,פנתר לבן,2013,דרמת היאבקות,"[{""name"": ""דני רייספלד"", ""slug"": null}]",list_table,2,יבגני אורלוב,
__title__:פנתר לבן__2013,פנתר לבן,2013,דרמת היאבקות,"[{""name"": ""דני רייספלד"", ""slug"": null}]",list_table,3,נטשה מנור,נטשה_מנור
פרדייס_קרוז,פרדייס קרוז,2013,,"[{""name"": ""מתן גוגנהיים"", ""slug"": null}]",list_table,0,עוז זהבי,עוז_זהבי
פרדייס_קרוז,פרדייס קרוז,2013,,"[{""name"": ""מתן גוגנהיים"", ""slug"": null}]",list_table,1,גיל דסיאנו ביטון,גיל_דסיאנו_ביטון
פרדייס_קרוז,פרדייס קרוז,2013,,"[{""name"": ""מתן גוגנהיים"", ""slug"": null}]",list_table,2,ג'וני ערביד,ג'וני_ערביד
פרדייס_קרוז,פרדייס קרוז,2013,,"[{""name"": ""מתן גוגנהיים"", ""slug"": null}]",list_table,3,אלי אלטוניו,אלי_אלטוניו
שבלולים_בגשם,שבלולים בגשם,2013,,"[{""name"": ""יריב מוזר"", ""slug"": null}]",list_table,0,מורן רוזנבלט,מורן_רוזנבלט
שבלולים_בגשם,שבלולים בגשם,2013,,"[{""name"": ""יריב מוזר"", ""slug"": null}]",list_table,1,אורי יניב,אורי_יניב
שבלולים_בגשם,שבלולים בגשם,2013,,"[{""name"": ""יריב מוזר"", ""slug"": null}]",list_table,2,יהודה נהרי,יהודה_נהרי
שש_פעמים,שש פעמים,2013,דרמת נעורים,"[{""name"": ""יונתן גורפינקל"", ""slug"": ""יונתן_גורפינקל""}]",list_table,0,סיון לוי,סיון_לוי
שש_פעמים,שש פעמים,2013,דרמת נעורים,"[{""name"": ""יונתן גורפינקל"", ""slug"": ""יונתן_גורפינקל""}]",list_table,1,רועי ניק,רועי_ניק
שש_פעמים,שש פעמים,2013,דרמת נעורים,"[{""name"": ""יונתן גורפינקל"", ""slug"": ""יונתן_גורפינקל""}]",list_table,2,אביתר מור,
שש_פעמים,שש פעמים,2013,דרמת נעורים,"[{""name"": ""יונתן גורפינקל"", ""slug"": ""יונתן_גורפינקל""}]",list_table,3,אסף הרץ,אסף_הרץ
לוויה_בצהריים,לוויה בצהריים,2013,,"[{""name"": ""אדם סנדרסון"", ""slug"": null}]",list_table,0,הילה וידור,הילה_וידור
לוויה_בצהריים,לוויה בצהריים,2013,,"[{""name"": ""אדם סנדרסון"", ""slug"": null}]",list_table,1,יובל ינאי,יובל_ינאי
לוויה_בצהריים,לוויה בצהריים,2013,,"[{""name"": ""אדם סנדרסון"", ""slug"": null}]",list_table,2,מירב גרובר,מירב_גרובר
ההיא_שחוזרת_הביתה,ההיא שחוזרת הביתה,2014,דרמה,"[{""name"": ""מיה דרייפוס"", ""slug"": null}]",list_table,0,טלי שרון,טלי_שרון
ההיא_שחוזרת_הביתה,ההיא שחוזרת הביתה,2014,דרמה,"[{""name"": ""מיה דרייפוס"", ""slug"": null}]",list_table,1,אלון אבוטבול,אלון_אבוטבול
ההיא_שחוזרת_הביתה,ההיא שחוזרת הביתה,2014,דרמה,"[{""name"": ""מיה דרייפוס"", ""slug"": null}]",list_table,2,לאורה ריבלין,לאורה_ריבלין
הבן_של_אלוהים,הבן של אלוהים,2014,דרמה,"[{""name"": ""ארז תדמור"", ""slug"": ""ארז_תדמור_(במאי_קולנוע)""}, {""name"": ""גיא נתיב"", ""slug"": null}]",list_table,0,מכרם ח'ורי,מכרם_ח'ורי
הבן_של_אלוהים,הבן של אלוהים,2014,דרמה,"[{""name"": ""ארז תדמור"", ""slug"": ""ארז_תדמור_(במאי_קולנוע)""}, {""name"": ""גיא נתיב"", ""slug"": null}]",list_table,1,זהר שטראוס,זהר_שטראוס
הבן_של_אלוהים,הבן של אלוהים,2014,דרמה,"[{""name"": ""ארז תדמור"", ""slug"": ""ארז_תדמור_(במאי_קולנוע)""}, {""name"": ""גיא נתיב"", ""slug"": null}]",list_table,2,הילה וידור,הילה_וידור
הבן_של_אלוהים,הבן של אלוהים,2014,דרמה,"[{""name"": ""ארז תדמור"", ""slug"": ""ארז_תדמור_(במאי_קולנוע)""}, {""name"": ""גיא נתיב"", ""slug"": null}]",list_table,3,אופירה רחמים,אופירה_רחמים
מפריח_היונים_(סרט),מפריח היונים,2014,דרמה,"[{""name"": ""ניסים דיין"", ""slug"": ""ניסים_דיין""}]",list_table,0,דניאל גד,דניאל_גד
מפריח_היונים_(סרט),מפריח היונים,2014,דרמה,"[{""name"": ""ניסים דיין"", ""slug"": ""ניסים_דיין""}]",list_table,1,יסמין עיון,יסמין_עיון
מפריח_היונים_(סרט),מפריח היונים,2014,דרמה,"[{""name"": ""ניסים דיין"", ""slug"": ""ניסים_דיין""}]",list_table,2,תאופיק ברהום,תאופיק_ברהום
מפריח_היונים_(סרט),מפריח היונים,2014,דרמה,"[{""name"": ""ניסים דיין"", ""slug"": ""ניסים_דיין""}]",list_table,3,יגאל נאור,יגאל_נאור
מפריח_היונים_(סרט),מפריח היונים,2014,דרמה,"[{""name"": ""ניסים דיין"", ""slug"": ""ניסים_דיין""}]",list_table,4,אורי גבריאל,אורי_גבריאל
מפריח_היונים_(סרט),מפריח היונים,2014,דרמה,"[{""name"": ""ניסים דיין"", ""slug"": ""ניסים_דיין""}]",list_table,5,קובי פרג',קובי_פרג'
הורה_79,הורה 79,2014,"דרמה, מוזיקלי","[{""name"": ""אלי כהן"", ""slug"": ""אלי_כהן_(במאי)""}]",list_table,0,גילה אלמגור,גילה_אלמגור
הורה_79,הורה 79,2014,"דרמה, מוזיקלי","[{""name"": ""אלי כהן"", ""slug"": ""אלי_כהן_(במאי)""}]",list_table,1,נתן דטנר,נתן_דטנר
הורה_79,הורה 79,2014,"דרמה, מוזיקלי","[{""name"": ""אלי כהן"", ""slug"": ""אלי_כהן_(במאי)""}]",list_table,2,יוסי גרבר,יוסי_גרבר
מעל_הגבעה,מעל הגבעה,2014,,"[{""name"": ""רפאל נג'ארי"", ""slug"": null}]",list_table,0,אורי פפר,אורי_פפר
מעל_הגבעה,מעל הגבעה,2014,,"[{""name"": ""רפאל נג'ארי"", ""slug"": null}]",list_table,1,מוני מושונוב,מוני_מושונוב
מעל_הגבעה,מעל הגבעה,2014,,"[{""name"": ""רפאל נג'ארי"", ""slug"": null}]",list_table,2,מיה דגן,מיה_דגן
מעל_הגבעה,מעל הגבעה,2014,,"[{""name"": ""רפאל נג'ארי"", ""slug"": null}]",list_table,3,מיכאלה עשת,מיכאלה_עשת
מקום_בגן_עדן,מקום בגן עדן,2014,,"[{""name"": ""יוסי מדמוני"", ""slug"": null}]",list_table,0,מיכאל אלוני,מיכאל_אלוני
מקום_בגן_עדן,מקום בגן עדן,2014,,"[{""name"": ""יוסי מדמוני"", ""slug"": null}]",list_table,1,רותם זיסמן-כהן,רותם_זיסמן-כהן
מקום_בגן_עדן,מקום בגן עדן,2014,,"[{""name"": ""יוסי מדמוני"", ""slug"": null}]",list_table,2,אלון אבוטבול,אלון_אבוטבול
אנשים_כתומים,אנשים כתומים,2014,קומדיה,"[{""name"": ""חנה אזולאי-הספרי"", ""slug"": null}]",list_table,0,חנה אזולאי-הספרי,חנה_אזולאי-הספרי
אנשים_כתומים,אנשים כתומים,2014,קומדיה,"[{""name"": ""חנה אזולאי-הספרי"", ""slug"": null}]",list_table,1,אסתי ירושלמי,אסתי_ירושלמי
אנשים_כתומים,אנשים כתומים,2014,קומדיה,"[{""name"": ""חנה אזולאי-הספרי"", ""slug"": null}]",list_table,2,מיטל גל סויסה,מיטל_גל_סויסה
אנשים_כתומים,אנשים כתומים,2014,קומדיה,"[{""name"": ""חנה אזולאי-הספרי"", ""slug"": null}]",list_table,3,ריטה שוקרון,ריטה_שוקרון
אפס_ביחסי_אנוש,אפס ביחסי אנוש,2014,קומדיה,"[{""name"": ""טליה לביא"", ""slug"": null}]",list_table,0,דאנה איבגי,דאנה_איבגי
אפס_ביחסי_אנוש,אפס ביחסי אנוש,2014,קומדיה,"[{""name"": ""טליה לביא"", ""slug"": null}]",list_table,1,נלי תגר,נלי_תגר
אפס_ביחסי_אנוש,אפס ביחסי אנוש,2014,קומדיה,"[{""name"": ""טליה לביא"", ""slug"": null}]",list_table,2,שני קליין,שני_קליין
אפס_ביחסי_אנוש,אפס ביחסי אנוש,2014,קומדיה,"[{""name"": ""טליה לביא"", ""slug"": null}]",list_table,3,יובל סגל,יובל_סגל_(1971)
מבצע_חמניה,מבצע חמניה,2014,דרמה,"[{""name"": ""אברהם קושניר"", ""slug"": null}]",list_table,0,יהורם גאון,יהורם_גאון
מבצע_חמניה,מבצע חמניה,2014,דרמה,"[{""name"": ""אברהם קושניר"", ""slug"": null}]",list_table,1,צופית גרנט,צופית_גרנט
מבצע_חמניה,מבצע חמניה,2014,דרמה,"[{""name"": ""אברהם קושניר"", ""slug"": null}]",list_table,2,ברוך ברנר,ברוך_ברנר
מבצע_חמניה,מבצע חמניה,2014,דרמה,"[{""name"": ""אברהם קושניר"", ""slug"": null}]",list_table,3,דניאלה קרטס,דניאלה_קרטס
מבצע_חמניה,מבצע חמניה,2014,דרמה,"[{""name"": ""אברהם קושניר"", ""slug"": null}]",list_table,4,יוסי מרשק,יוסי_מרשק
מבצע_חמניה,מבצע חמניה,2014,דרמה,"[{""name"": ""אברהם קושניר"", ""slug"": null}]",list_table,5,עמנואל הלפרין,עמנואל_הלפרין
גאליס_–_המסע_לאסטרה,גאליס – המסע לאסטרה,2014,הרפתקאות,"[{""name"": ""יובל שפרמן"", ""slug"": ""יובל_שפרמן""}]",list_table,0,תובל שפיר,תובל_שפיר
גאליס_–_המסע_לאסטרה,גאליס – המסע לאסטרה,2014,הרפתקאות,"[{""name"": ""יובל שפרמן"", ""slug"": ""יובל_שפרמן""}]",list_table,1,אליאנה תדהר,אליאנה_תדהר
גאליס_–_המסע_לאסטרה,גאליס – המסע לאסטרה,2014,הרפתקאות,"[{""name"": ""יובל שפרמן"", ""slug"": ""יובל_שפרמן""}]",list_table,2,שירן סנדל,שירן_סנדל
גאליס_–_המסע_לאסטרה,גאליס – המסע לאסטרה,2014,הרפתקאות,"[{""name"": ""יובל שפרמן"", ""slug"": ""יובל_שפרמן""}]",list_table,3,נוה צור,נוה_צור
גאליס_–_המסע_לאסטרה,גאליס – המסע לאסטרה,2014,הרפתקאות,"[{""name"": ""יובל שפרמן"", ""slug"": ""יובל_שפרמן""}]",list_table,4,דניאל מורשת,דניאל_מורשת
גט_-_המשפט_של_ויויאן_אמסלם,גט - המשפט של ויויאן אמסלם,2014,דרמה,"[{""name"": ""שלומי אלקבץ"", ""slug"": null}, {""name"": ""רונית אלקבץ"", ""slug"": null}]",list_table,0,סימון אבקריאן,סימון_אבקריאן
גט_-_המשפט_של_ויויאן_אמסלם,גט - המשפט של ויויאן אמסלם,2014,דרמה,"[{""name"": ""שלומי אלקבץ"", ""slug"": null}, {""name"": ""רונית אלקבץ"", ""slug"": null}]",list_table,1,אוולין הגואל,אוולין_הגואל
גט_-_המשפט_של_ויויאן_אמסלם,גט - המשפט של ויויאן אמסלם,2014,דרמה,"[{""name"": ""שלומי אלקבץ"", ""slug"": null}, {""name"": ""רונית אלקבץ"", ""slug"": null}]",list_table,2,אלברט אילוז,אלברט_אילוז
גט_-_המשפט_של_ויויאן_אמסלם,גט - המשפט של ויויאן אמסלם,2014,דרמה,"[{""name"": ""שלומי אלקבץ"", ""slug"": null}, {""name"": ""רונית אלקבץ"", ""slug"": null}]",list_table,3,מנשה נוי,מנשה_נוי
גט_-_המשפט_של_ויויאן_אמסלם,גט - המשפט של ויויאן אמסלם,2014,דרמה,"[{""name"": ""שלומי אלקבץ"", ""slug"": null}, {""name"": ""רונית אלקבץ"", ""slug"": null}]",list_table,4,ששון גבאי,ששון_גבאי
גט_-_המשפט_של_ויויאן_אמסלם,גט - המשפט של ויויאן אמסלם,2014,דרמה,"[{""name"": ""שלומי אלקבץ"", ""slug"": null}, {""name"": ""רונית אלקבץ"", ""slug"": null}]",list_table,5,רונית אלקבץ,
האם_זה_אתה?,האם זה אתה?,2014,,"[{""name"": ""דני מנקין"", ""slug"": null}]",list_table,0,אלון אבוטבול,אלון_אבוטבול
האם_זה_אתה?,האם זה אתה?,2014,,"[{""name"": ""דני מנקין"", ""slug"": null}]",list_table,1,רני בלייר,רני_בלייר
הרחק_מהיעדרו_(סרט),הרחק מהיעדרו,2014,,"[{""name"": ""קרן ידעיה"", ""slug"": null}]",list_table,0,צחי גראד,צחי_גראד
הרחק_מהיעדרו_(סרט),הרחק מהיעדרו,2014,,"[{""name"": ""קרן ידעיה"", ""slug"": null}]",list_table,1,מעיין תורג'מן,
הרחק_מהיעדרו_(סרט),הרחק מהיעדרו,2014,,"[{""name"": ""קרן ידעיה"", ""slug"": null}]",list_table,2,יעל אבקסיס,יעל_אבקסיס
זינוק_בעלייה,זינוק בעלייה,2014,קומדיה רומנטית,"[{""name"": ""אורן שטרן"", ""slug"": null}]",list_table,0,שלמה בראבא,שלמה_בראבא
זינוק_בעלייה,זינוק בעלייה,2014,קומדיה רומנטית,"[{""name"": ""אורן שטרן"", ""slug"": null}]",list_table,1,איתי טיראן,איתי_טיראן
זינוק_בעלייה,זינוק בעלייה,2014,קומדיה רומנטית,"[{""name"": ""אורן שטרן"", ""slug"": null}]",list_table,2,רומי אבולעפיה,רומי_אבולעפיה
זינוק_בעלייה,זינוק בעלייה,2014,קומדיה רומנטית,"[{""name"": ""אורן שטרן"", ""slug"": null}]",list_table,3,מלי לוי גרשון,מלי_לוי_גרשון
זינוק_בעלייה,זינוק בעלייה,2014,קומדיה רומנטית,"[{""name"": ""אורן שטרן"", ""slug"": null}]",list_table,4,רותם זיסמן כהן,רותם_זיסמן_כהן
זינוק_בעלייה,זינוק בעלייה,2014,קומדיה רומנטית,"[{""name"": ""אורן שטרן"", ""slug"": null}]",list_table,5,עידית טפרסון,עידית_טפרסון
זינוק_בעלייה,זינוק בעלייה,2014,קומדיה רומנטית,"[{""name"": ""אורן שטרן"", ""slug"": null}]",list_table,6,יוסף סוויד,יוסף_סוויד
זינוק_בעלייה,זינוק בעלייה,2014,קומדיה רומנטית,"[{""name"": ""אורן שטרן"", ""slug"": null}]",list_table,7,יוסי מרשק,יוסי_מרשק
אילוף_הגוררת,אילוף הגוררת,2014,תיעודי,"[{""name"": ""ריקי שלח"", ""slug"": ""ריקי_שלח""}]",list_table,0,אילנית לוי,אילנית_לוי
אילוף_הגוררת,אילוף הגוררת,2014,תיעודי,"[{""name"": ""ריקי שלח"", ""slug"": ""ריקי_שלח""}]",list_table,1,אסתי זקהיים,אסתי_זקהיים
אילוף_הגוררת,אילוף הגוררת,2014,תיעודי,"[{""name"": ""ריקי שלח"", ""slug"": ""ריקי_שלח""}]",list_table,2,יאנה יוסף,יאנה_יוסף
אילוף_הגוררת,אילוף הגוררת,2014,תיעודי,"[{""name"": ""ריקי שלח"", ""slug"": ""ריקי_שלח""}]",list_table,3,אורית פוקס,אורית_פוקס
אילוף_הגוררת,אילוף הגוררת,2014,תיעודי,"[{""name"": ""ריקי שלח"", ""slug"": ""ריקי_שלח""}]",list_table,4,מיכל אמדורסקי,מיכל_אמדורסקי
אילוף_הגוררת,אילוף הגוררת,2014,תיעודי,"[{""name"": ""ריקי שלח"", ""slug"": ""ריקי_שלח""}]",list_table,5,פנינה רוזנבלום,פנינה_רוזנבלום
אילוף_הגוררת,אילוף הגוררת,2014,תיעודי,"[{""name"": ""ריקי שלח"", ""slug"": ""ריקי_שלח""}]",list_table,6,אמירה בוזגלו,אמירה_בוזגלו
אילוף_הגוררת,אילוף הגוררת,2014,תיעודי,"[{""name"": ""ריקי שלח"", ""slug"": ""ריקי_שלח""}]",list_table,7,הדר לוי,הדר_לוי
אילוף_הגוררת,אילוף הגוררת,2014,תיעודי,"[{""name"": ""ריקי שלח"", ""slug"": ""ריקי_שלח""}]",list_table,8,ריקי בליך,ריקי_בליך
אילוף_הגוררת,אילוף הגוררת,2014,תיעודי,"[{""name"": ""ריקי שלח"", ""slug"": ""ריקי_שלח""}]",list_table,9,אנה ארונוב,אנה_ארונוב
יונה_(סרט),יונה,2014,דרמה,"[{""name"": ""ניר ברגמן"", ""slug"": null}]",list_table,0,נעמי לבוב,נעמי_לבוב
יונה_(סרט),יונה,2014,דרמה,"[{""name"": ""ניר ברגמן"", ""slug"": null}]",list_table,1,מיכאל מושונוב,מיכאל_מושונוב
יונה_(סרט),יונה,2014,דרמה,"[{""name"": ""ניר ברגמן"", ""slug"": null}]",list_table,2,שלום מיכאלשווילי,שלום_מיכאלשווילי
מיתה_טובה_(סרט),מיתה טובה,2014,קומדיה,"[{""name"": ""שרון מימון"", ""slug"": null}, {""name"": ""טל גרניט"", ""slug"": null}]",list_table,0,זאב רווח,זאב_רווח
מיתה_טובה_(סרט),מיתה טובה,2014,קומדיה,"[{""name"": ""שרון מימון"", ""slug"": null}, {""name"": ""טל גרניט"", ""slug"": null}]",list_table,1,עליזה רוזן,עליזה_רוזן
מיתה_טובה_(סרט),מיתה טובה,2014,קומדיה,"[{""name"": ""שרון מימון"", ""slug"": null}, {""name"": ""טל גרניט"", ""slug"": null}]",list_table,2,לבנה פינקלשטיין,לבנה_פינקלשטיין
מיתה_טובה_(סרט),מיתה טובה,2014,קומדיה,"[{""name"": ""שרון מימון"", ""slug"": null}, {""name"": ""טל גרניט"", ""slug"": null}]",list_table,3,אילן דר,אילן_דר
מיתה_טובה_(סרט),מיתה טובה,2014,קומדיה,"[{""name"": ""שרון מימון"", ""slug"": null}, {""name"": ""טל גרניט"", ""slug"": null}]",list_table,4,רפי תבור,רפי_תבור
מנפאואר_(סרט),מנפאואר,2014,דרמה,"[{""name"": ""נועם קפלן"", ""slug"": null}]",list_table,0,יוסי מרשק,יוסי_מרשק
מנפאואר_(סרט),מנפאואר,2014,דרמה,"[{""name"": ""נועם קפלן"", ""slug"": null}]",list_table,1,שמואל קלדרון,שמואל_קלדרון
מנפאואר_(סרט),מנפאואר,2014,דרמה,"[{""name"": ""נועם קפלן"", ""slug"": null}]",list_table,2,נטע שפיגלמן,נטע_שפיגלמן
מנפאואר_(סרט),מנפאואר,2014,דרמה,"[{""name"": ""נועם קפלן"", ""slug"": null}]",list_table,3,הילה סעדה,הילה_סעדה
ערבים_רוקדים,ערבים רוקדים,2014,דרמת נעורים,"[{""name"": ""ערן ריקליס"", ""slug"": ""ערן_ריקליס""}]",list_table,0,מיכאל מושונוב,מיכאל_מושונוב
ערבים_רוקדים,ערבים רוקדים,2014,דרמת נעורים,"[{""name"": ""ערן ריקליס"", ""slug"": ""ערן_ריקליס""}]",list_table,1,תאופיק ברהום,תאופיק_ברהום
ערבים_רוקדים,ערבים רוקדים,2014,דרמת נעורים,"[{""name"": ""ערן ריקליס"", ""slug"": ""ערן_ריקליס""}]",list_table,2,יעל אבקסיס,יעל_אבקסיס
ערבים_רוקדים,ערבים רוקדים,2014,דרמת נעורים,"[{""name"": ""ערן ריקליס"", ""slug"": ""ערן_ריקליס""}]",list_table,3,דניאל קיציס,
שושנה_חלוץ_מרכזי,שושנה חלוץ מרכזי,2014,קומדיה,"[{""name"": ""שי כנות"", ""slug"": ""שי_כנות""}]",list_table,0,אושרי כהן,אושרי_כהן
שושנה_חלוץ_מרכזי,שושנה חלוץ מרכזי,2014,קומדיה,"[{""name"": ""שי כנות"", ""slug"": ""שי_כנות""}]",list_table,1,גל גדות,גל_גדות
שושנה_חלוץ_מרכזי,שושנה חלוץ מרכזי,2014,קומדיה,"[{""name"": ""שי כנות"", ""slug"": ""שי_כנות""}]",list_table,2,אלי פיניש,אלי_פיניש
שושנה_חלוץ_מרכזי,שושנה חלוץ מרכזי,2014,קומדיה,"[{""name"": ""שי כנות"", ""slug"": ""שי_כנות""}]",list_table,3,מריאנו אידלמן,מריאנו_אידלמן
שושנה_חלוץ_מרכזי,שושנה חלוץ מרכזי,2014,קומדיה,"[{""name"": ""שי כנות"", ""slug"": ""שי_כנות""}]",list_table,4,יוסי מרשק,יוסי_מרשק
__title__:רדיקל__2014,רדיקל,2014,,"[{""name"": ""עומר רייס"", ""slug"": null}]",list_table,0,נופר אוחיון,
__title__:רדיקל__2014,רדיקל,2014,,"[{""name"": ""עומר רייס"", ""slug"": null}]",list_table,1,רפי רותם,רפי_רותם
__title__:רדיקל__2014,רדיקל,2014,,"[{""name"": ""עומר רייס"", ""slug"": null}]",list_table,2,מורן לולו,
__title__:רדיקל__2014,רדיקל,2014,,"[{""name"": ""עומר רייס"", ""slug"": null}]",list_table,3,דור בן אלישע,
"שגר_אותי_לחלל,_סשה","שגר אותי לחלל, סשה",2014,"קומדיה, אנימציה","[{""name"": ""גנית אורין"", ""slug"": null}]",list_table,0,עמירם עיני,
"שגר_אותי_לחלל,_סשה","שגר אותי לחלל, סשה",2014,"קומדיה, אנימציה","[{""name"": ""גנית אורין"", ""slug"": null}]",list_table,1,רומן גרשקוביץ',
"שגר_אותי_לחלל,_סשה","שגר אותי לחלל, סשה",2014,"קומדיה, אנימציה","[{""name"": ""גנית אורין"", ""slug"": null}]",list_table,2,אנה ווליקובסקי,
"שגר_אותי_לחלל,_סשה","שגר אותי לחלל, סשה",2014,"קומדיה, אנימציה","[{""name"": ""גנית אורין"", ""slug"": null}]",list_table,3,מיכאל לרנר,
טוביאנסקי_(סרט),טוביאנסקי,2015,,"[{""name"": ""ריקי שלח"", ""slug"": ""ריקי_שלח""}]",list_table,0,עוז זהבי,עוז_זהבי
טוביאנסקי_(סרט),טוביאנסקי,2015,,"[{""name"": ""ריקי שלח"", ""slug"": ""ריקי_שלח""}]",list_table,1,מיכה סלקטר,מיכה_סלקטר
טוביאנסקי_(סרט),טוביאנסקי,2015,,"[{""name"": ""ריקי שלח"", ""slug"": ""ריקי_שלח""}]",list_table,2,אורי פפר,אורי_פפר
טוביאנסקי_(סרט),טוביאנסקי,2015,,"[{""name"": ""ריקי שלח"", ""slug"": ""ריקי_שלח""}]",list_table,3,פולי רשף,פולי_רשף
טוביאנסקי_(סרט),טוביאנסקי,2015,,"[{""name"": ""ריקי שלח"", ""slug"": ""ריקי_שלח""}]",list_table,4,שירה קצנלנבוגן,שירה_קצנלנבוגן
בורג_(סרט),בורג,2015,,"[{""name"": ""שירה גפן"", ""slug"": null}]",list_table,0,שרה אדלר,שרה_אדלר
בורג_(סרט),בורג,2015,,"[{""name"": ""שירה גפן"", ""slug"": null}]",list_table,1,סמירה סארייה,
בורג_(סרט),בורג,2015,,"[{""name"": ""שירה גפן"", ""slug"": null}]",list_table,2,יעל הדר,יעל_הדר
בורג_(סרט),בורג,2015,,"[{""name"": ""שירה גפן"", ""slug"": null}]",list_table,3,הנרי דוד,הנרי_דוד
"הגננת_(סרט,_2014)",הגננת,2015,,"[{""name"": ""נדב לפיד"", ""slug"": null}]",list_table,0,שרית לארי,שרית_לארי
"הגננת_(סרט,_2014)",הגננת,2015,,"[{""name"": ""נדב לפיד"", ""slug"": null}]",list_table,1,אבי שניידמן,
"הגננת_(סרט,_2014)",הגננת,2015,,"[{""name"": ""נדב לפיד"", ""slug"": null}]",list_table,2,יחזקאל לזרוב,יחזקאל_לזרוב
"הגננת_(סרט,_2014)",הגננת,2015,,"[{""name"": ""נדב לפיד"", ""slug"": null}]",list_table,3,דן תורן,דן_תורן
"הגננת_(סרט,_2014)",הגננת,2015,,"[{""name"": ""נדב לפיד"", ""slug"": null}]",list_table,4,אסתר רדא,אסתר_רדא
את_לי_לילה_(סרט),את לי לילה,2015,,"[{""name"": ""אסף קורמן"", ""slug"": ""אסף_קורמן""}]",list_table,0,לירון בן-שלוש,לירון_בן-שלוש
את_לי_לילה_(סרט),את לי לילה,2015,,"[{""name"": ""אסף קורמן"", ""slug"": ""אסף_קורמן""}]",list_table,1,דאנה איבגי,דאנה_איבגי
את_לי_לילה_(סרט),את לי לילה,2015,,"[{""name"": ""אסף קורמן"", ""slug"": ""אסף_קורמן""}]",list_table,2,יעקב זדה-דניאל,יעקב_זדה-דניאל
10%_ילדה_שלי,10% ילדה שלי,2015,דרמה,"[{""name"": ""אורי בר-און"", ""slug"": ""אורי_בר-און_(במאי)""}]",list_table,0,אודי פרסי,אודי_פרסי
10%_ילדה_שלי,10% ילדה שלי,2015,דרמה,"[{""name"": ""אורי בר-און"", ""slug"": ""אורי_בר-און_(במאי)""}]",list_table,1,ורד פלדמן,ורד_פלדמן
10%_ילדה_שלי,10% ילדה שלי,2015,דרמה,"[{""name"": ""אורי בר-און"", ""slug"": ""אורי_בר-און_(במאי)""}]",list_table,2,יהלי פרידמן,
פנסיון_פראכט,פנסיון פראכט,2015,,"[{""name"": ""תמר ירום"", ""slug"": null}]",list_table,0,מיכאלה עשת,מיכאלה_עשת
פנסיון_פראכט,פנסיון פראכט,2015,,"[{""name"": ""תמר ירום"", ""slug"": null}]",list_table,1,צחי גראד,צחי_גראד
פנסיון_פראכט,פנסיון פראכט,2015,,"[{""name"": ""תמר ירום"", ""slug"": null}]",list_table,2,ולדימיר פרידמן,ולדימיר_פרידמן
פנסיון_פראכט,פנסיון פראכט,2015,,"[{""name"": ""תמר ירום"", ""slug"": null}]",list_table,3,משה פרסטר,משה_פרסטר
פנסיון_פראכט,פנסיון פראכט,2015,,"[{""name"": ""תמר ירום"", ""slug"": null}]",list_table,4,סיגלית פוקס,סיגלית_פוקס
פנסיון_פראכט,פנסיון פראכט,2015,,"[{""name"": ""תמר ירום"", ""slug"": null}]",list_table,5,יעל טוקר,יעל_טוקר
פרחים_של_מרציפן,פרחים של מרציפן,2015,,"[{""name"": ""אדם קלדרון"", ""slug"": null}]",list_table,0,נולי עומר,נולי_עומר
פרחים_של_מרציפן,פרחים של מרציפן,2015,,"[{""name"": ""אדם קלדרון"", ""slug"": null}]",list_table,1,טל קלאי,טל_קלאי
פרחים_של_מרציפן,פרחים של מרציפן,2015,,"[{""name"": ""אדם קלדרון"", ""slug"": null}]",list_table,2,אפרת אביב,אפרת_אביב
פרחים_של_מרציפן,פרחים של מרציפן,2015,,"[{""name"": ""אדם קלדרון"", ""slug"": null}]",list_table,3,דני גבע,דני_גבע
פרחים_של_מרציפן,פרחים של מרציפן,2015,,"[{""name"": ""אדם קלדרון"", ""slug"": null}]",list_table,4,שרון פרידמן,
פרינסס,פרינסס,2015,פנטזיה,"[{""name"": ""טלי שלום עזר"", ""slug"": null}]",list_table,0,אורי פפר,אורי_פפר
פרינסס,פרינסס,2015,פנטזיה,"[{""name"": ""טלי שלום עזר"", ""slug"": null}]",list_table,1,קרן מור,קרן_מור
פרינסס,פרינסס,2015,פנטזיה,"[{""name"": ""טלי שלום עזר"", ""slug"": null}]",list_table,2,שירה האס,שירה_האס
צילי,צילי,2015,דרמת מלחמה,"[{""name"": ""עמוס גיתאי"", ""slug"": null}]",list_table,0,שרה אדלר,שרה_אדלר
צילי,צילי,2015,דרמת מלחמה,"[{""name"": ""עמוס גיתאי"", ""slug"": null}]",list_table,1,משי אולינסקי,
צילי,צילי,2015,דרמת מלחמה,"[{""name"": ""עמוס גיתאי"", ""slug"": null}]",list_table,2,ליא קניג,ליא_קניג
צילי,צילי,2015,דרמת מלחמה,"[{""name"": ""עמוס גיתאי"", ""slug"": null}]",list_table,3,אדם צקמן,
תיקון_(סרט),תיקון,2015,דרמה,"[{""name"": ""אבישי סיון"", ""slug"": null}]",list_table,0,אהרן טרייטל,אהרן_טרייטל
תיקון_(סרט),תיקון,2015,דרמה,"[{""name"": ""אבישי סיון"", ""slug"": null}]",list_table,1,ח'ליפה נאטור,ח'ליפה_נאטור
תיקון_(סרט),תיקון,2015,דרמה,"[{""name"": ""אבישי סיון"", ""slug"": null}]",list_table,2,ריקי בליך,ריקי_בליך
תיקון_(סרט),תיקון,2015,דרמה,"[{""name"": ""אבישי סיון"", ""slug"": null}]",list_table,3,גור שטיינברג,
תיקון_(סרט),תיקון,2015,דרמה,"[{""name"": ""אבישי סיון"", ""slug"": null}]",list_table,4,שני בן חיים,
מסווג_חריג,מסווג חריג,2015,קומדיית אימה,"[{""name"": ""בועז ארמוני"", ""slug"": ""בועז_ארמוני""}]",list_table,0,איתי זבולון,איתי_זבולון_(שחקן)
מסווג_חריג,מסווג חריג,2015,קומדיית אימה,"[{""name"": ""בועז ארמוני"", ""slug"": ""בועז_ארמוני""}]",list_table,1,אסף בן שמעון,אסף_בן_שמעון
שקופים_(סרט),שקופים,2015,דרמה,"[{""name"": ""מושון סלמונה"", ""slug"": null}]",list_table,0,בת חן סבג,בת_חן_סבג
שקופים_(סרט),שקופים,2015,דרמה,"[{""name"": ""מושון סלמונה"", ""slug"": null}]",list_table,1,מחמוד שלבי,
שקופים_(סרט),שקופים,2015,דרמה,"[{""name"": ""מושון סלמונה"", ""slug"": null}]",list_table,2,מאיסה עבד אלהאדי,מאיסה_עבד_אלהאדי
שקופים_(סרט),שקופים,2015,דרמה,"[{""name"": ""מושון סלמונה"", ""slug"": null}]",list_table,3,ח'ליפה נאטור,ח'ליפה_נאטור
עלים_אדומים,עלים אדומים,2015,דרמה,"[{""name"": ""בזיו גטה"", ""slug"": null}]",list_table,0,רותי אסרסאי,רותי_אסרסאי
עלים_אדומים,עלים אדומים,2015,דרמה,"[{""name"": ""בזיו גטה"", ""slug"": null}]",list_table,1,דבבה אשטו,
עלים_אדומים,עלים אדומים,2015,דרמה,"[{""name"": ""בזיו גטה"", ""slug"": null}]",list_table,2,מאיר דסה,
איביזה_(סרט),איביזה,2015,קומדיה,"[{""name"": ""שי כנות"", ""slug"": ""שי_כנות""}]",list_table,0,מאור שוויצר,מאור_שוויצר
איביזה_(סרט),איביזה,2015,קומדיה,"[{""name"": ""שי כנות"", ""slug"": ""שי_כנות""}]",list_table,1,מעיין בלום,מעיין_בלום
איביזה_(סרט),איביזה,2015,קומדיה,"[{""name"": ""שי כנות"", ""slug"": ""שי_כנות""}]",list_table,2,דביר בנדק,דביר_בנדק
איביזה_(סרט),איביזה,2015,קומדיה,"[{""name"": ""שי כנות"", ""slug"": ""שי_כנות""}]",list_table,3,עופר חיון,עופר_חיון
תפוחים_מן_המדבר,תפוחים מן המדבר,2015,דרמה,"[{""name"": ""אריק לובצקי"", ""slug"": null}, {""name"": ""מתי הררי"", ""slug"": null}]",list_table,0,מורן רוזנבלט,מורן_רוזנבלט
תפוחים_מן_המדבר,תפוחים מן המדבר,2015,דרמה,"[{""name"": ""אריק לובצקי"", ""slug"": null}, {""name"": ""מתי הררי"", ""slug"": null}]",list_table,1,אלישע בנאי,אלישע_בנאי
תפוחים_מן_המדבר,תפוחים מן המדבר,2015,דרמה,"[{""name"": ""אריק לובצקי"", ""slug"": null}, {""name"": ""מתי הררי"", ""slug"": null}]",list_table,2,שלומי קוריאט,שלומי_קוריאט
תפוחים_מן_המדבר,תפוחים מן המדבר,2015,דרמה,"[{""name"": ""אריק לובצקי"", ""slug"": null}, {""name"": ""מתי הררי"", ""slug"": null}]",list_table,3,ריימונד אמסלם,ריימונד_אמסלם
דץ_הבלץ,דץ הבלץ,2015,"ילדים, קומדיה","[{""name"": ""עופר ויצמן"", ""slug"": ""עופר_ויצמן""}]",list_table,0,משה דץ,משה_דץ
דץ_הבלץ,דץ הבלץ,2015,"ילדים, קומדיה","[{""name"": ""עופר ויצמן"", ""slug"": ""עופר_ויצמן""}]",list_table,1,אביה ברוש,
דץ_הבלץ,דץ הבלץ,2015,"ילדים, קומדיה","[{""name"": ""עופר ויצמן"", ""slug"": ""עופר_ויצמן""}]",list_table,2,אור יעקב,
דץ_הבלץ,דץ הבלץ,2015,"ילדים, קומדיה","[{""name"": ""עופר ויצמן"", ""slug"": ""עופר_ויצמן""}]",list_table,3,מיכל ינאי,מיכל_ינאי
דץ_הבלץ,דץ הבלץ,2015,"ילדים, קומדיה","[{""name"": ""עופר ויצמן"", ""slug"": ""עופר_ויצמן""}]",list_table,4,יובל שם-טוב,יובל_שם-טוב
דץ_הבלץ,דץ הבלץ,2015,"ילדים, קומדיה","[{""name"": ""עופר ויצמן"", ""slug"": ""עופר_ויצמן""}]",list_table,5,חני נחמיאס,חני_נחמיאס
דץ_הבלץ,דץ הבלץ,2015,"ילדים, קומדיה","[{""name"": ""עופר ויצמן"", ""slug"": ""עופר_ויצמן""}]",list_table,6,אורי הוכמן,אורי_הוכמן
גויאבות,גויאבות,2015,"ילדים, קומדיה","[{""name"": ""קובי מחט"", ""slug"": ""קובי_מחט""}]",list_table,0,חנה לסלאו,חנה_לסלאו
גויאבות,גויאבות,2015,"ילדים, קומדיה","[{""name"": ""קובי מחט"", ""slug"": ""קובי_מחט""}]",list_table,1,יהורם גאון,יהורם_גאון
גויאבות,גויאבות,2015,"ילדים, קומדיה","[{""name"": ""קובי מחט"", ""slug"": ""קובי_מחט""}]",list_table,2,נאיה פדרמן,נאיה_פדרמן
גויאבות,גויאבות,2015,"ילדים, קומדיה","[{""name"": ""קובי מחט"", ""slug"": ""קובי_מחט""}]",list_table,3,יובל שם-טוב,יובל_שם-טוב
גויאבות,גויאבות,2015,"ילדים, קומדיה","[{""name"": ""קובי מחט"", ""slug"": ""קובי_מחט""}]",list_table,4,חיים אוסדון,חיים_אוסדון
גויאבות,גויאבות,2015,"ילדים, קומדיה","[{""name"": ""קובי מחט"", ""slug"": ""קובי_מחט""}]",list_table,5,מאיר סוויסה,מאיר_סוויסה
סבנה_(סרט),סבנה,2015,"דרמה, פעולה","[{""name"": ""רני סער"", ""slug"": ""רני_סער""}, {""name"": ""דני סירקין"", ""slug"": ""דני_סירקין""}]",list_table,0,בובי לקס,בובי_לקס
סבנה_(סרט),סבנה,2015,"דרמה, פעולה","[{""name"": ""רני סער"", ""slug"": ""רני_סער""}, {""name"": ""דני סירקין"", ""slug"": ""דני_סירקין""}]",list_table,1,ג'ורג' אסכנדר,
סבנה_(סרט),סבנה,2015,"דרמה, פעולה","[{""name"": ""רני סער"", ""slug"": ""רני_סער""}, {""name"": ""דני סירקין"", ""slug"": ""דני_סירקין""}]",list_table,2,ארז שפריר,ארז_שפריר
סבנה_(סרט),סבנה,2015,"דרמה, פעולה","[{""name"": ""רני סער"", ""slug"": ""רני_סער""}, {""name"": ""דני סירקין"", ""slug"": ""דני_סירקין""}]",list_table,3,אורי יניב,אורי_יניב
סבנה_(סרט),סבנה,2015,"דרמה, פעולה","[{""name"": ""רני סער"", ""slug"": ""רני_סער""}, {""name"": ""דני סירקין"", ""slug"": ""דני_סירקין""}]",list_table,4,אייל רוזלס,אייל_רוזלס
סבנה_(סרט),סבנה,2015,"דרמה, פעולה","[{""name"": ""רני סער"", ""slug"": ""רני_סער""}, {""name"": ""דני סירקין"", ""slug"": ""דני_סירקין""}]",list_table,5,אייל סלמה,
סרט_עם_קתרין_דנב,סרט עם קתרין דנב,2015,"קומדיה, פנטזיה","[{""name"": ""עמרי יבין"", ""slug"": null}]",list_table,0,דני שגב,דני_שגב
סרט_עם_קתרין_דנב,סרט עם קתרין דנב,2015,"קומדיה, פנטזיה","[{""name"": ""עמרי יבין"", ""slug"": null}]",list_table,1,רפי קלמר,
סרט_עם_קתרין_דנב,סרט עם קתרין דנב,2015,"קומדיה, פנטזיה","[{""name"": ""עמרי יבין"", ""slug"": null}]",list_table,2,אסיה נייפלד,אסיה_נייפלד
המילים_הטובות,המילים הטובות,2015,דרמה,"[{""name"": ""שמי זרחין"", ""slug"": null}]",list_table,0,רותם זיסמן-כהן,רותם_זיסמן-כהן
המילים_הטובות,המילים הטובות,2015,דרמה,"[{""name"": ""שמי זרחין"", ""slug"": null}]",list_table,1,רועי אסף,רועי_אסף
המילים_הטובות,המילים הטובות,2015,דרמה,"[{""name"": ""שמי זרחין"", ""slug"": null}]",list_table,2,אסף בן שמעון,אסף_בן_שמעון
המילים_הטובות,המילים הטובות,2015,דרמה,"[{""name"": ""שמי זרחין"", ""slug"": null}]",list_table,3,ששון גבאי,ששון_גבאי
המילים_הטובות,המילים הטובות,2015,דרמה,"[{""name"": ""שמי זרחין"", ""slug"": null}]",list_table,4,לבנה פינקלשטיין,לבנה_פינקלשטיין
המילים_הטובות,המילים הטובות,2015,דרמה,"[{""name"": ""שמי זרחין"", ""slug"": null}]",list_table,5,פלורנס בלוך,פלורנס_בלוך
"אני_לא_מאמין,_אני_רובוט?!","אני לא מאמין, אני רובוט?!",2015,"קומדיה, מדע בדיוני","[{""name"": ""טל גולדברג"", ""slug"": null}]",list_table,0,יותם ישי,יותם_ישי
"אני_לא_מאמין,_אני_רובוט?!","אני לא מאמין, אני רובוט?!",2015,"קומדיה, מדע בדיוני","[{""name"": ""טל גולדברג"", ""slug"": null}]",list_table,1,הילי ילון,הילי_ילון
"אני_לא_מאמין,_אני_רובוט?!","אני לא מאמין, אני רובוט?!",2015,"קומדיה, מדע בדיוני","[{""name"": ""טל גולדברג"", ""slug"": null}]",list_table,2,צחי גראד,צחי_גראד
"אני_לא_מאמין,_אני_רובוט?!","אני לא מאמין, אני רובוט?!",2015,"קומדיה, מדע בדיוני","[{""name"": ""טל גולדברג"", ""slug"": null}]",list_table,3,דרור קרן,דרור_קרן
"אני_לא_מאמין,_אני_רובוט?!","אני לא מאמין, אני רובוט?!",2015,"קומדיה, מדע בדיוני","[{""name"": ""טל גולדברג"", ""slug"": null}]",list_table,4,אינה בקלמן,אינה_בקלמן
חתונה_מנייר,חתונה מנייר,2015,דרמה,"[{""name"": ""ניצן גלעדי"", ""slug"": ""ניצן_גלעדי""}]",list_table,0,מורן רוזנבלט,מורן_רוזנבלט
חתונה_מנייר,חתונה מנייר,2015,דרמה,"[{""name"": ""ניצן גלעדי"", ""slug"": ""ניצן_גלעדי""}]",list_table,1,אסי לוי,אסי_לוי
חתונה_מנייר,חתונה מנייר,2015,דרמה,"[{""name"": ""ניצן גלעדי"", ""slug"": ""ניצן_גלעדי""}]",list_table,2,רועי אסף,רועי_אסף
פלאפל_אטומי,פלאפל אטומי,2015,קומדיה,"[{""name"": ""דרור שאול"", ""slug"": null}]",list_table,0,שי אביבי,שי_אביבי
פלאפל_אטומי,פלאפל אטומי,2015,קומדיה,"[{""name"": ""דרור שאול"", ""slug"": null}]",list_table,1,יוסי מרשק,יוסי_מרשק
פלאפל_אטומי,פלאפל אטומי,2015,קומדיה,"[{""name"": ""דרור שאול"", ""slug"": null}]",list_table,2,מלי לוי,מלי_לוי
פלאפל_אטומי,פלאפל אטומי,2015,קומדיה,"[{""name"": ""דרור שאול"", ""slug"": null}]",list_table,3,מיכל טרבס,
פלאפל_אטומי,פלאפל אטומי,2015,קומדיה,"[{""name"": ""דרור שאול"", ""slug"": null}]",list_table,4,אלכסנדר פילינג,
באבא_ג'ון,באבא ג'ון,2015,דרמה,"[{""name"": ""יובל דלשד"", ""slug"": ""יובל_דלשד""}]",list_table,0,אשר אברהמי,
באבא_ג'ון,באבא ג'ון,2015,דרמה,"[{""name"": ""יובל דלשד"", ""slug"": ""יובל_דלשד""}]",list_table,1,נוויד נגהבאן,נוויד_נגהבאן
"הקפות_(סרט,_2015)",הקפות,2015,דרמה,"[{""name"": ""לי גילת"", ""slug"": ""לי_גילת""}]",list_table,0,ליאור אשכנזי,ליאור_אשכנזי
"הקפות_(סרט,_2015)",הקפות,2015,דרמה,"[{""name"": ""לי גילת"", ""slug"": ""לי_גילת""}]",list_table,1,אסי לוי,אסי_לוי
"הקפות_(סרט,_2015)",הקפות,2015,דרמה,"[{""name"": ""לי גילת"", ""slug"": ""לי_גילת""}]",list_table,2,אגם אוזלבו,אגם_אוזלבו
"הקפות_(סרט,_2015)",הקפות,2015,דרמה,"[{""name"": ""לי גילת"", ""slug"": ""לי_גילת""}]",list_table,3,יעקב כהן,יעקב_כהן_(שחקן)
"הקפות_(סרט,_2015)",הקפות,2015,דרמה,"[{""name"": ""לי גילת"", ""slug"": ""לי_גילת""}]",list_table,4,אורי גבריאל,אורי_גבריאל
"הקפות_(סרט,_2015)",הקפות,2015,דרמה,"[{""name"": ""לי גילת"", ""slug"": ""לי_גילת""}]",list_table,5,פלורנס בלוך,פלורנס_בלוך
"הקפות_(סרט,_2015)",הקפות,2015,דרמה,"[{""name"": ""לי גילת"", ""slug"": ""לי_גילת""}]",list_table,6,אריה צ'רנר,אריה_צ'רנר
סוף_עידן_התמימות,סוף עידן התמימות,2015,דרמה תקופתית,"[{""name"": ""וידי בילו"", ""slug"": null}]",list_table,0,יחזקאל לזרוב,יחזקאל_לזרוב
סוף_עידן_התמימות,סוף עידן התמימות,2015,דרמה תקופתית,"[{""name"": ""וידי בילו"", ""slug"": null}]",list_table,1,ריימונד אמסלם,ריימונד_אמסלם
סוף_עידן_התמימות,סוף עידן התמימות,2015,דרמה תקופתית,"[{""name"": ""וידי בילו"", ""slug"": null}]",list_table,2,יעל בן דור,
סוף_עידן_התמימות,סוף עידן התמימות,2015,דרמה תקופתית,"[{""name"": ""וידי בילו"", ""slug"": null}]",list_table,3,חנה לסלאו,חנה_לסלאו
סוף_עידן_התמימות,סוף עידן התמימות,2015,דרמה תקופתית,"[{""name"": ""וידי בילו"", ""slug"": null}]",list_table,4,אנה דוברוביצקי,אנה_דוברוביצקי
סיפור_על_אהבה_וחושך_(סרט),סיפור על אהבה וחושך,2015,דרמה ביוגרפית,"[{""name"": ""נטלי פורטמן"", ""slug"": ""נטלי_פורטמן""}]",list_table,0,נטלי פורטמן,נטלי_פורטמן
סיפור_על_אהבה_וחושך_(סרט),סיפור על אהבה וחושך,2015,דרמה ביוגרפית,"[{""name"": ""נטלי פורטמן"", ""slug"": ""נטלי_פורטמן""}]",list_table,1,גלעד כהנא,גלעד_כהנא
סיפור_על_אהבה_וחושך_(סרט),סיפור על אהבה וחושך,2015,דרמה ביוגרפית,"[{""name"": ""נטלי פורטמן"", ""slug"": ""נטלי_פורטמן""}]",list_table,2,מכרם ח'ורי,מכרם_ח'ורי
סיפור_על_אהבה_וחושך_(סרט),סיפור על אהבה וחושך,2015,דרמה ביוגרפית,"[{""name"": ""נטלי פורטמן"", ""slug"": ""נטלי_פורטמן""}]",list_table,3,אמיר טסלר,אמיר_טסלר
מה_כבר_יכול_לקרות?!,מה כבר יכול לקרות?!,2015,קומדיה,"[{""name"": ""אופיר לובל"", ""slug"": ""אופיר_לובל""}]",list_table,0,אילן קובץ',אילן_קובץ'
מה_כבר_יכול_לקרות?!,מה כבר יכול לקרות?!,2015,קומדיה,"[{""name"": ""אופיר לובל"", ""slug"": ""אופיר_לובל""}]",list_table,1,ליאור דובדבני,ליאור_דובדבני
מה_כבר_יכול_לקרות?!,מה כבר יכול לקרות?!,2015,קומדיה,"[{""name"": ""אופיר לובל"", ""slug"": ""אופיר_לובל""}]",list_table,2,עופר שכטר,עופר_שכטר
מה_כבר_יכול_לקרות?!,מה כבר יכול לקרות?!,2015,קומדיה,"[{""name"": ""אופיר לובל"", ""slug"": ""אופיר_לובל""}]",list_table,3,גורי אלפי,גורי_אלפי
מה_כבר_יכול_לקרות?!,מה כבר יכול לקרות?!,2015,קומדיה,"[{""name"": ""אופיר לובל"", ""slug"": ""אופיר_לובל""}]",list_table,4,רמי הויברגר,רמי_הויברגר
"רבין,_היום_האחרון","רבין, היום האחרון",2015,דרמה פוליטית,"[{""name"": ""עמוס גיתאי"", ""slug"": null}]",list_table,0,מרדכי שפיגלר,מרדכי_שפיגלר
"רבין,_היום_האחרון","רבין, היום האחרון",2015,דרמה פוליטית,"[{""name"": ""עמוס גיתאי"", ""slug"": null}]",list_table,1,יוגב יפת,יוגב_יפת
"רבין,_היום_האחרון","רבין, היום האחרון",2015,דרמה פוליטית,"[{""name"": ""עמוס גיתאי"", ""slug"": null}]",list_table,2,אלדד פריבס,אלדד_פריבס
"רבין,_היום_האחרון","רבין, היום האחרון",2015,דרמה פוליטית,"[{""name"": ""עמוס גיתאי"", ""slug"": null}]",list_table,3,אורי גוטליב,אורי_גוטליב
"רבין,_היום_האחרון","רבין, היום האחרון",2015,דרמה פוליטית,"[{""name"": ""עמוס גיתאי"", ""slug"": null}]",list_table,4,עינת ויצמן,עינת_ויצמן
"רבין,_היום_האחרון","רבין, היום האחרון",2015,דרמה פוליטית,"[{""name"": ""עמוס גיתאי"", ""slug"": null}]",list_table,5,דליה שימקו,דליה_שימקו
"רבין,_היום_האחרון","רבין, היום האחרון",2015,דרמה פוליטית,"[{""name"": ""עמוס גיתאי"", ""slug"": null}]",list_table,6,גדליה בסר,גדליה_בסר
"רבין,_היום_האחרון","רבין, היום האחרון",2015,דרמה פוליטית,"[{""name"": ""עמוס גיתאי"", ""slug"": null}]",list_table,7,לירון לבו,לירון_לבו
"רבין,_היום_האחרון","רבין, היום האחרון",2015,דרמה פוליטית,"[{""name"": ""עמוס גיתאי"", ""slug"": null}]",list_table,8,נתן זהבי,נתן_זהבי
"רבין,_היום_האחרון","רבין, היום האחרון",2015,דרמה פוליטית,"[{""name"": ""עמוס גיתאי"", ""slug"": null}]",list_table,9,רותם קינן,רותם_קינן
"רבין,_היום_האחרון","רבין, היום האחרון",2015,דרמה פוליטית,"[{""name"": ""עמוס גיתאי"", ""slug"": null}]",list_table,10,יצחק חזקיה,יצחק_חזקיה
היורד_למעלה,היורד למעלה,2015,דרמה,"[{""name"": ""אלעד קידן"", ""slug"": ""אלעד_קידן""}]",list_table,0,איתי טיראן,איתי_טיראן
היורד_למעלה,היורד למעלה,2015,דרמה,"[{""name"": ""אלעד קידן"", ""slug"": ""אלעד_קידן""}]",list_table,1,אורי קלאוזנר,אורי_קלאוזנר
היורד_למעלה,היורד למעלה,2015,דרמה,"[{""name"": ""אלעד קידן"", ""slug"": ""אלעד_קידן""}]",list_table,2,מיכאלה עשת,מיכאלה_עשת
היורד_למעלה,היורד למעלה,2015,דרמה,"[{""name"": ""אלעד קידן"", ""slug"": ""אלעד_קידן""}]",list_table,3,אוהד שחר,אוהד_שחר
היורד_למעלה,היורד למעלה,2015,דרמה,"[{""name"": ""אלעד קידן"", ""slug"": ""אלעד_קידן""}]",list_table,4,שרון טל,שרון_טל
אבוללה,אבוללה,2015,"ילדים, פנטזיה","[{""name"": ""יוני גבע"", ""slug"": ""יוני_גבע""}]",list_table,0,יואב סעדיאן רוזנברג,
אבוללה,אבוללה,2015,"ילדים, פנטזיה","[{""name"": ""יוני גבע"", ""slug"": ""יוני_גבע""}]",list_table,1,עידן ברקאי,עידן_ברקאי
אבוללה,אבוללה,2015,"ילדים, פנטזיה","[{""name"": ""יוני גבע"", ""slug"": ""יוני_גבע""}]",list_table,2,בר מיניאלי,בר_מיניאלי
אבוללה,אבוללה,2015,"ילדים, פנטזיה","[{""name"": ""יוני גבע"", ""slug"": ""יוני_גבע""}]",list_table,3,נתי קלוגר,נתי_קלוגר
אבוללה,אבוללה,2015,"ילדים, פנטזיה","[{""name"": ""יוני גבע"", ""slug"": ""יוני_גבע""}]",list_table,4,מיכה סלקטר,מיכה_סלקטר
"עיר_מקלט_(סרט,_2013)",עיר מקלט,2016,דרמה,"[{""name"": ""עמיקם קובנר"", ""slug"": null}]",list_table,0,אושרי כהן,אושרי_כהן
"עיר_מקלט_(סרט,_2013)",עיר מקלט,2016,דרמה,"[{""name"": ""עמיקם קובנר"", ""slug"": null}]",list_table,1,רותם זיסמן-כהן,רותם_זיסמן-כהן
"עיר_מקלט_(סרט,_2013)",עיר מקלט,2016,דרמה,"[{""name"": ""עמיקם קובנר"", ""slug"": null}]",list_table,2,לנה אטינגר,לנה_אטינגר
"עיר_מקלט_(סרט,_2013)",עיר מקלט,2016,דרמה,"[{""name"": ""עמיקם קובנר"", ""slug"": null}]",list_table,3,נבו קמחי,נבו_קמחי
קמטי_צחוק,קמטי צחוק,2016,דרמה,"[{""name"": ""פיני עדן"", ""slug"": ""פיני_עדן""}]",list_table,0,דניאל עדן,
קמטי_צחוק,קמטי צחוק,2016,דרמה,"[{""name"": ""פיני עדן"", ""slug"": ""פיני_עדן""}]",list_table,1,ליא קניג,ליא_קניג
קמטי_צחוק,קמטי צחוק,2016,דרמה,"[{""name"": ""פיני עדן"", ""slug"": ""פיני_עדן""}]",list_table,2,יוסף כרמון,יוסף_כרמון
ארץ_פצועה,ארץ פצועה,2016,דרמה,"[{""name"": ""ארז תדמור"", ""slug"": ""ארז_תדמור_(במאי_קולנוע)""}]",list_table,0,רועי אסף,רועי_אסף
ארץ_פצועה,ארץ פצועה,2016,דרמה,"[{""name"": ""ארז תדמור"", ""slug"": ""ארז_תדמור_(במאי_קולנוע)""}]",list_table,1,דביר בנדק,דביר_בנדק
ארץ_פצועה,ארץ פצועה,2016,דרמה,"[{""name"": ""ארז תדמור"", ""slug"": ""ארז_תדמור_(במאי_קולנוע)""}]",list_table,2,קרן ברגר,קרן_ברגר
עמק_(סרט),עמק,2016,דרמת נעורים,"[{""name"": ""סופי ארטוס"", ""slug"": ""סופי_ארטוס""}]",list_table,0,נווה צור,נווה_צור
עמק_(סרט),עמק,2016,דרמת נעורים,"[{""name"": ""סופי ארטוס"", ""slug"": ""סופי_ארטוס""}]",list_table,1,רועי ניק,רועי_ניק
עמק_(סרט),עמק,2016,דרמת נעורים,"[{""name"": ""סופי ארטוס"", ""slug"": ""סופי_ארטוס""}]",list_table,2,מאור שוויצר,מאור_שוויצר
עמק_(סרט),עמק,2016,דרמת נעורים,"[{""name"": ""סופי ארטוס"", ""slug"": ""סופי_ארטוס""}]",list_table,3,ג'וי ריגר,ג'וי_ריגר
גאליס_-_קונקט,גאליס - קונקט,2016,"נוער, פנטזיה","[{""name"": ""אסף קורמן"", ""slug"": ""אסף_קורמן""}]",list_table,0,תובל שפיר,תובל_שפיר
גאליס_-_קונקט,גאליס - קונקט,2016,"נוער, פנטזיה","[{""name"": ""אסף קורמן"", ""slug"": ""אסף_קורמן""}]",list_table,1,אליאנה תדהר,אליאנה_תדהר
גאליס_-_קונקט,גאליס - קונקט,2016,"נוער, פנטזיה","[{""name"": ""אסף קורמן"", ""slug"": ""אסף_קורמן""}]",list_table,2,עפר שכטר,עפר_שכטר
גאליס_-_קונקט,גאליס - קונקט,2016,"נוער, פנטזיה","[{""name"": ""אסף קורמן"", ""slug"": ""אסף_קורמן""}]",list_table,3,רותם סלע,רותם_סלע
גאליס_-_קונקט,גאליס - קונקט,2016,"נוער, פנטזיה","[{""name"": ""אסף קורמן"", ""slug"": ""אסף_קורמן""}]",list_table,4,דניאל גד,דניאל_גד
גאליס_-_קונקט,גאליס - קונקט,2016,"נוער, פנטזיה","[{""name"": ""אסף קורמן"", ""slug"": ""אסף_קורמן""}]",list_table,5,דניאל מורשת,דניאל_מורשת
כיפה_אדומה_(סרט),כיפה אדומה,2016,פשע,"[{""name"": ""ארנון צדוק"", ""slug"": ""ארנון_צדוק""}]",list_table,0,אביב אלוש,אביב_אלוש
כיפה_אדומה_(סרט),כיפה אדומה,2016,פשע,"[{""name"": ""ארנון צדוק"", ""slug"": ""ארנון_צדוק""}]",list_table,1,דניאל גל,דניאל_גל
כיפה_אדומה_(סרט),כיפה אדומה,2016,פשע,"[{""name"": ""ארנון צדוק"", ""slug"": ""ארנון_צדוק""}]",list_table,2,יבגני אורלוב,
כיפה_אדומה_(סרט),כיפה אדומה,2016,פשע,"[{""name"": ""ארנון צדוק"", ""slug"": ""ארנון_צדוק""}]",list_table,3,אולג לוין,אולג_לוין
כיפה_אדומה_(סרט),כיפה אדומה,2016,פשע,"[{""name"": ""ארנון צדוק"", ""slug"": ""ארנון_צדוק""}]",list_table,4,משה אשכנזי,משה_אשכנזי_(שחקן)
קאפו_בירושלים,קאפו בירושלים,2016,תקופתי,"[{""name"": ""אורי ברבש"", ""slug"": ""אורי_ברבש""}]",list_table,0,גיל פרנק,גיל_פרנק
קאפו_בירושלים,קאפו בירושלים,2016,תקופתי,"[{""name"": ""אורי ברבש"", ""slug"": ""אורי_ברבש""}]",list_table,1,מיה דגן,מיה_דגן
קאפו_בירושלים,קאפו בירושלים,2016,תקופתי,"[{""name"": ""אורי ברבש"", ""slug"": ""אורי_ברבש""}]",list_table,2,נתן רביץ,נתן_רביץ
קאפו_בירושלים,קאפו בירושלים,2016,תקופתי,"[{""name"": ""אורי ברבש"", ""slug"": ""אורי_ברבש""}]",list_table,3,דרור קרן,דרור_קרן
לעבור_את_הקיר,לעבור את הקיר,2016,דרמה,"[{""name"": ""רמה בורשטין"", ""slug"": null}]",list_table,0,נועה קולר,נועה_קולר
לעבור_את_הקיר,לעבור את הקיר,2016,דרמה,"[{""name"": ""רמה בורשטין"", ""slug"": null}]",list_table,1,עמוס תמם,עמוס_תמם
לעבור_את_הקיר,לעבור את הקיר,2016,דרמה,"[{""name"": ""רמה בורשטין"", ""slug"": null}]",list_table,2,עוז זהבי,עוז_זהבי
לעבור_את_הקיר,לעבור את הקיר,2016,דרמה,"[{""name"": ""רמה בורשטין"", ""slug"": null}]",list_table,3,עירית שלג,עירית_שלג
ברש_(סרט),ברש,2016,דרמת נעורים,"[{""name"": ""מיכל ויניק"", ""slug"": ""מיכל_ויניק""}]",list_table,0,סיון נועם שמעון,סיון_נועם_שמעון
ברש_(סרט),ברש,2016,דרמת נעורים,"[{""name"": ""מיכל ויניק"", ""slug"": ""מיכל_ויניק""}]",list_table,1,הדס ג'ייד סאקורי,
ברש_(סרט),ברש,2016,דרמת נעורים,"[{""name"": ""מיכל ויניק"", ""slug"": ""מיכל_ויניק""}]",list_table,2,דביר בנדק,דביר_בנדק
סופת_חול_(סרט),סופת חול,2016,דרמה,"[{""name"": ""עילית זקצר"", ""slug"": null}]",list_table,0,למיס עמאר,למיס_עמאר
סופת_חול_(סרט),סופת חול,2016,דרמה,"[{""name"": ""עילית זקצר"", ""slug"": null}]",list_table,1,רובא בלאל-עספור,רובא_בלאל-עספור
סופת_חול_(סרט),סופת חול,2016,דרמה,"[{""name"": ""עילית זקצר"", ""slug"": null}]",list_table,2,הייתאם עומארי,
סופת_חול_(סרט),סופת חול,2016,דרמה,"[{""name"": ""עילית זקצר"", ""slug"": null}]",list_table,3,חדיג'ה אל עאכד,
סופת_חול_(סרט),סופת חול,2016,דרמה,"[{""name"": ""עילית זקצר"", ""slug"": null}]",list_table,4,ג'לאל מסרוה,
ילד_טוב_ירושלים,ילד טוב ירושלים,2016,קומדיה רומנטית,"[{""name"": ""רועי פלורנטין"", ""slug"": null}]",list_table,0,עמוס תמם,עמוס_תמם
ילד_טוב_ירושלים,ילד טוב ירושלים,2016,קומדיה רומנטית,"[{""name"": ""רועי פלורנטין"", ""slug"": null}]",list_table,1,מלי לוי,מלי_לוי
ילד_טוב_ירושלים,ילד טוב ירושלים,2016,קומדיה רומנטית,"[{""name"": ""רועי פלורנטין"", ""slug"": null}]",list_table,2,מיטל גל סויסה,מיטל_גל_סויסה
ילד_טוב_ירושלים,ילד טוב ירושלים,2016,קומדיה רומנטית,"[{""name"": ""רועי פלורנטין"", ""slug"": null}]",list_table,3,אוולין הגואל,אוולין_הגואל
האוצר_מעבר_לנהר,האוצר מעבר לנהר,2016,הרפתקאות,"[{""name"": ""קובי מחט"", ""slug"": ""קובי_מחט""}]",list_table,0,נאיה פדרמן,נאיה_פדרמן
האוצר_מעבר_לנהר,האוצר מעבר לנהר,2016,הרפתקאות,"[{""name"": ""קובי מחט"", ""slug"": ""קובי_מחט""}]",list_table,1,שון גיטלמן,
האוצר_מעבר_לנהר,האוצר מעבר לנהר,2016,הרפתקאות,"[{""name"": ""קובי מחט"", ""slug"": ""קובי_מחט""}]",list_table,2,רבקה מיכאלי,רבקה_מיכאלי
האוצר_מעבר_לנהר,האוצר מעבר לנהר,2016,הרפתקאות,"[{""name"": ""קובי מחט"", ""slug"": ""קובי_מחט""}]",list_table,3,יובל שם-טוב,יובל_שם-טוב
האוצר_מעבר_לנהר,האוצר מעבר לנהר,2016,הרפתקאות,"[{""name"": ""קובי מחט"", ""slug"": ""קובי_מחט""}]",list_table,4,יובל גל,
האוצר_מעבר_לנהר,האוצר מעבר לנהר,2016,הרפתקאות,"[{""name"": ""קובי מחט"", ""slug"": ""קובי_מחט""}]",list_table,5,אודי ואביעד,אודי_ואביעד
האוצר_מעבר_לנהר,האוצר מעבר לנהר,2016,הרפתקאות,"[{""name"": ""קובי מחט"", ""slug"": ""קובי_מחט""}]",list_table,6,שמוליק לוי,שמוליק_לוי
ציפורי_חול,ציפורי חול,2016,קומדיה,"[{""name"": ""אמיר וולף"", ""slug"": ""אמיר_וולף""}]",list_table,0,גילה אלמגור,גילה_אלמגור
ציפורי_חול,ציפורי חול,2016,קומדיה,"[{""name"": ""אמיר וולף"", ""slug"": ""אמיר_וולף""}]",list_table,1,דבורה קידר,דבורה_קידר
ציפורי_חול,ציפורי חול,2016,קומדיה,"[{""name"": ""אמיר וולף"", ""slug"": ""אמיר_וולף""}]",list_table,2,עודד תאומי,עודד_תאומי
ציפורי_חול,ציפורי חול,2016,קומדיה,"[{""name"": ""אמיר וולף"", ""slug"": ""אמיר_וולף""}]",list_table,3,מרים זוהר,מרים_זוהר
__title__:חרדת הבמאי__2016,חרדת הבמאי,2016,דרמה,"[{""name"": ""דן וולמן"", ""slug"": null}]",list_table,0,ליאור סורוקה,
__title__:חרדת הבמאי__2016,חרדת הבמאי,2016,דרמה,"[{""name"": ""דן וולמן"", ""slug"": null}]",list_table,1,תמר אלקן,תמר_אלקן
המועדון_לספרות_יפה_של_גברת_ינקלובה,המועדון לספרות יפה של גברת ינקלובה,2016,פנטזיה,"[{""name"": ""גלעד אמיליו שנקר"", ""slug"": ""גלעד_אמיליו_שנקר""}]",list_table,0,קרן מור,קרן_מור
המועדון_לספרות_יפה_של_גברת_ינקלובה,המועדון לספרות יפה של גברת ינקלובה,2016,פנטזיה,"[{""name"": ""גלעד אמיליו שנקר"", ""slug"": ""גלעד_אמיליו_שנקר""}]",list_table,1,אניה בוקשטיין,אניה_בוקשטיין
המועדון_לספרות_יפה_של_גברת_ינקלובה,המועדון לספרות יפה של גברת ינקלובה,2016,פנטזיה,"[{""name"": ""גלעד אמיליו שנקר"", ""slug"": ""גלעד_אמיליו_שנקר""}]",list_table,2,יפתח קליין,יפתח_קליין
המועדון_לספרות_יפה_של_גברת_ינקלובה,המועדון לספרות יפה של גברת ינקלובה,2016,פנטזיה,"[{""name"": ""גלעד אמיליו שנקר"", ""slug"": ""גלעד_אמיליו_שנקר""}]",list_table,3,ליא קניג,ליא_קניג
הכל_שבור_ורוקד,הכל שבור ורוקד,2016,דרמה,"[{""name"": ""נוני גפן"", ""slug"": ""נוני_גפן""}]",list_table,0,דודו טסה,דודו_טסה
הכל_שבור_ורוקד,הכל שבור ורוקד,2016,דרמה,"[{""name"": ""נוני גפן"", ""slug"": ""נוני_גפן""}]",list_table,1,נוני גפן,נוני_גפן
הכל_שבור_ורוקד,הכל שבור ורוקד,2016,דרמה,"[{""name"": ""נוני גפן"", ""slug"": ""נוני_גפן""}]",list_table,2,גאיה טראוב,גאיה_טראוב
הכל_שבור_ורוקד,הכל שבור ורוקד,2016,דרמה,"[{""name"": ""נוני גפן"", ""slug"": ""נוני_גפן""}]",list_table,3,דביר בנדק,דביר_בנדק
הכל_שבור_ורוקד,הכל שבור ורוקד,2016,דרמה,"[{""name"": ""נוני גפן"", ""slug"": ""נוני_גפן""}]",list_table,4,קובי פרג',קובי_פרג'
הכל_שבור_ורוקד,הכל שבור ורוקד,2016,דרמה,"[{""name"": ""נוני גפן"", ""slug"": ""נוני_גפן""}]",list_table,5,גילת אנקורי,גילת_אנקורי
הכל_שבור_ורוקד,הכל שבור ורוקד,2016,דרמה,"[{""name"": ""נוני גפן"", ""slug"": ""נוני_גפן""}]",list_table,6,אלה ארמוני,אלה_ארמוני
הלהקה_האחרונה_בלבנון,הלהקה האחרונה בלבנון,2016,קומדיה,"[{""name"": ""בן בכר"", ""slug"": ""בן_בכר""}]",list_table,0,עופר שכטר,עופר_שכטר
הלהקה_האחרונה_בלבנון,הלהקה האחרונה בלבנון,2016,קומדיה,"[{""name"": ""בן בכר"", ""slug"": ""בן_בכר""}]",list_table,1,עופר חיון,עופר_חיון
הלהקה_האחרונה_בלבנון,הלהקה האחרונה בלבנון,2016,קומדיה,"[{""name"": ""בן בכר"", ""slug"": ""בן_בכר""}]",list_table,2,אורי לייזרוביץ',אורי_לייזרוביץ'
הלהקה_האחרונה_בלבנון,הלהקה האחרונה בלבנון,2016,קומדיה,"[{""name"": ""בן בכר"", ""slug"": ""בן_בכר""}]",list_table,3,דנה פרידר,דנה_פרידר
הלהקה_האחרונה_בלבנון,הלהקה האחרונה בלבנון,2016,קומדיה,"[{""name"": ""בן בכר"", ""slug"": ""בן_בכר""}]",list_table,4,דניאל גל,דניאל_גל
מדינת_הגמדים_(סרט),מדינת הגמדים,2016,נוער,"[{""name"": ""יניב ברמן"", ""slug"": ""יניב_ברמן""}]",list_table,0,עופר חיון,עופר_חיון
מדינת_הגמדים_(סרט),מדינת הגמדים,2016,נוער,"[{""name"": ""יניב ברמן"", ""slug"": ""יניב_ברמן""}]",list_table,1,מאור שוויצר,מאור_שוויצר
מדינת_הגמדים_(סרט),מדינת הגמדים,2016,נוער,"[{""name"": ""יניב ברמן"", ""slug"": ""יניב_ברמן""}]",list_table,2,מיכאל גלנסקי,
ירח_בבית_12,ירח בבית 12,2016,דרמה,"[{""name"": ""דורית חכים"", ""slug"": ""דורית_חכים""}]",list_table,0,יובל שרף,יובל_שרף
ירח_בבית_12,ירח בבית 12,2016,דרמה,"[{""name"": ""דורית חכים"", ""slug"": ""דורית_חכים""}]",list_table,1,יערה פלציג,יערה_פלציג
ירח_בבית_12,ירח בבית 12,2016,דרמה,"[{""name"": ""דורית חכים"", ""slug"": ""דורית_חכים""}]",list_table,2,גפן ברקאי,גפן_ברקאי
ירח_בבית_12,ירח בבית 12,2016,דרמה,"[{""name"": ""דורית חכים"", ""slug"": ""דורית_חכים""}]",list_table,3,גל תורן,גל_תורן
ג'רוזלם_(סרט),ג'רוזלם,2016,אימה,"[{""name"": ""דורון פז"", ""slug"": null}, {""name"": ""יואב פז"", ""slug"": null}]",list_table,0,יון תומרקין,יון_תומרקין
ג'רוזלם_(סרט),ג'רוזלם,2016,אימה,"[{""name"": ""דורון פז"", ""slug"": null}, {""name"": ""יואב פז"", ""slug"": null}]",list_table,1,יעל גרובגלס,יעל_גרובגלס
ג'רוזלם_(סרט),ג'רוזלם,2016,אימה,"[{""name"": ""דורון פז"", ""slug"": null}, {""name"": ""יואב פז"", ""slug"": null}]",list_table,2,דניאל ג'יידלין,דניאל_ג'יידלין
האיש_שבקיר_(סרט),האיש שבקיר,2016,מתח,"[{""name"": ""יבגני רומן"", ""slug"": ""יבגני_רומן""}]",list_table,0,תמר אלקן,תמר_אלקן
האיש_שבקיר_(סרט),האיש שבקיר,2016,מתח,"[{""name"": ""יבגני רומן"", ""slug"": ""יבגני_רומן""}]",list_table,1,גלעד כהנא,גלעד_כהנא
האיש_שבקיר_(סרט),האיש שבקיר,2016,מתח,"[{""name"": ""יבגני רומן"", ""slug"": ""יבגני_רומן""}]",list_table,2,יואב דונט,יואב_דונט
נדיה_-_שם_זמני,נדיה - שם זמני,2016,דרמה,"[{""name"": ""טובה אשר"", ""slug"": ""טובה_אשר""}]",list_table,0,נטע שפיגלמן,נטע_שפיגלמן
נדיה_-_שם_זמני,נדיה - שם זמני,2016,דרמה,"[{""name"": ""טובה אשר"", ""slug"": ""טובה_אשר""}]",list_table,1,עודד לאופולד,עודד_לאופולד
נדיה_-_שם_זמני,נדיה - שם זמני,2016,דרמה,"[{""name"": ""טובה אשר"", ""slug"": ""טובה_אשר""}]",list_table,2,עלי סלימאן,עלי_סלימאן
נדיה_-_שם_זמני,נדיה - שם זמני,2016,דרמה,"[{""name"": ""טובה אשר"", ""slug"": ""טובה_אשר""}]",list_table,3,אלי קרן-אסף,אלי_קרן-אסף
ילדי_הסתיו,ילדי הסתיו,2016,אימה,"[{""name"": ""איתן גפני"", ""slug"": null}]",list_table,0,נועה מימן,נועה_מימן
ילדי_הסתיו,ילדי הסתיו,2016,אימה,"[{""name"": ""איתן גפני"", ""slug"": null}]",list_table,1,אקי אבני,אקי_אבני
ילדי_הסתיו,ילדי הסתיו,2016,אימה,"[{""name"": ""איתן גפני"", ""slug"": null}]",list_table,2,יפתח אופיר,יפתח_אופיר
שבוע_ויום,שבוע ויום,2016,דרמה,"[{""name"": ""אסף פולונסקי"", ""slug"": null}]",list_table,0,שי אביבי,שי_אביבי
שבוע_ויום,שבוע ויום,2016,דרמה,"[{""name"": ""אסף פולונסקי"", ""slug"": null}]",list_table,1,תומר קפון,תומר_קפון
שבוע_ויום,שבוע ויום,2016,דרמה,"[{""name"": ""אסף פולונסקי"", ""slug"": null}]",list_table,2,יבגניה דודינה,יבגניה_דודינה
שבוע_ויום,שבוע ויום,2016,דרמה,"[{""name"": ""אסף פולונסקי"", ""slug"": null}]",list_table,3,אורי גבריאל,אורי_גבריאל
ישמח_חתני_(סרט),ישמח חתני,2016,דרמה,"[{""name"": ""שלומית נחמה"", ""slug"": ""שלומית_נחמה""}, {""name"": ""אמיל בן שמעון"", ""slug"": ""אמיל_בן_שמעון""}]",list_table,0,אוולין הגואל,אוולין_הגואל
ישמח_חתני_(סרט),ישמח חתני,2016,דרמה,"[{""name"": ""שלומית נחמה"", ""slug"": ""שלומית_נחמה""}, {""name"": ""אמיל בן שמעון"", ""slug"": ""אמיל_בן_שמעון""}]",list_table,1,יגאל נאור,יגאל_נאור
ישמח_חתני_(סרט),ישמח חתני,2016,דרמה,"[{""name"": ""שלומית נחמה"", ""slug"": ""שלומית_נחמה""}, {""name"": ""אמיל בן שמעון"", ""slug"": ""אמיל_בן_שמעון""}]",list_table,2,אביב אלוש,אביב_אלוש
ישמח_חתני_(סרט),ישמח חתני,2016,דרמה,"[{""name"": ""שלומית נחמה"", ""slug"": ""שלומית_נחמה""}, {""name"": ""אמיל בן שמעון"", ""slug"": ""אמיל_בן_שמעון""}]",list_table,3,אורנה בנאי,אורנה_בנאי
ישמח_חתני_(סרט),ישמח חתני,2016,דרמה,"[{""name"": ""שלומית נחמה"", ""slug"": ""שלומית_נחמה""}, {""name"": ""אמיל בן שמעון"", ""slug"": ""אמיל_בן_שמעון""}]",list_table,4,עינת שרוף,עינת_שרוף
ישמח_חתני_(סרט),ישמח חתני,2016,דרמה,"[{""name"": ""שלומית נחמה"", ""slug"": ""שלומית_נחמה""}, {""name"": ""אמיל בן שמעון"", ""slug"": ""אמיל_בן_שמעון""}]",list_table,5,איציק כהן,איציק_כהן_(שחקן)
ישמח_חתני_(סרט),ישמח חתני,2016,דרמה,"[{""name"": ""שלומית נחמה"", ""slug"": ""שלומית_נחמה""}, {""name"": ""אמיל בן שמעון"", ""slug"": ""אמיל_בן_שמעון""}]",list_table,6,חיים זנאתי,חיים_זנאתי
ישמח_חתני_(סרט),ישמח חתני,2016,דרמה,"[{""name"": ""שלומית נחמה"", ""slug"": ""שלומית_נחמה""}, {""name"": ""אמיל בן שמעון"", ""slug"": ""אמיל_בן_שמעון""}]",list_table,7,הרצל טובי,הרצל_טובי
ישמח_חתני_(סרט),ישמח חתני,2016,דרמה,"[{""name"": ""שלומית נחמה"", ""slug"": ""שלומית_נחמה""}, {""name"": ""אמיל בן שמעון"", ""slug"": ""אמיל_בן_שמעון""}]",list_table,8,אברהם סלקטר,אברהם_סלקטר
ישמח_חתני_(סרט),ישמח חתני,2016,דרמה,"[{""name"": ""שלומית נחמה"", ""slug"": ""שלומית_נחמה""}, {""name"": ""אמיל בן שמעון"", ""slug"": ""אמיל_בן_שמעון""}]",list_table,9,יפית אסולין,יפית_אסולין
ישמח_חתני_(סרט),ישמח חתני,2016,דרמה,"[{""name"": ""שלומית נחמה"", ""slug"": ""שלומית_נחמה""}, {""name"": ""אמיל בן שמעון"", ""slug"": ""אמיל_בן_שמעון""}]",list_table,10,שרון אלימלך,שרון_אלימלך
נמל_בית,נמל בית,2016,דרמה,"[{""name"": ""ארז תדמור"", ""slug"": ""ארז_תדמור_(במאי_קולנוע)""}]",list_table,0,יורם חטב,יורם_חטב
נמל_בית,נמל בית,2016,דרמה,"[{""name"": ""ארז תדמור"", ""slug"": ""ארז_תדמור_(במאי_קולנוע)""}]",list_table,1,דליה בגר,
נמל_בית,נמל בית,2016,דרמה,"[{""name"": ""ארז תדמור"", ""slug"": ""ארז_תדמור_(במאי_קולנוע)""}]",list_table,2,לירון בן-שלוש,לירון_בן-שלוש
נמל_בית,נמל בית,2016,דרמה,"[{""name"": ""ארז תדמור"", ""slug"": ""ארז_תדמור_(במאי_קולנוע)""}]",list_table,3,שמיל בן ארי,שמיל_בן_ארי
נמל_בית,נמל בית,2016,דרמה,"[{""name"": ""ארז תדמור"", ""slug"": ""ארז_תדמור_(במאי_קולנוע)""}]",list_table,4,אנה דוברוביצקי,אנה_דוברוביצקי
נמל_בית,נמל בית,2016,דרמה,"[{""name"": ""ארז תדמור"", ""slug"": ""ארז_תדמור_(במאי_קולנוע)""}]",list_table,5,אודי פרסי,אודי_פרסי
נמל_בית,נמל בית,2016,דרמה,"[{""name"": ""ארז תדמור"", ""slug"": ""ארז_תדמור_(במאי_קולנוע)""}]",list_table,6,שרון אלכסנדר,שרון_אלכסנדר
אבינו_(סרט),אבינו,2016,דרמה,"[{""name"": ""מני יעיש"", ""slug"": ""מני_יעיש""}]",list_table,0,מוריס כהן,מוריס_כהן_(שחקן)
אבינו_(סרט),אבינו,2016,דרמה,"[{""name"": ""מני יעיש"", ""slug"": ""מני_יעיש""}]",list_table,1,רותם זיסמן-כהן,רותם_זיסמן-כהן
אבינו_(סרט),אבינו,2016,דרמה,"[{""name"": ""מני יעיש"", ""slug"": ""מני_יעיש""}]",list_table,2,אלון דהן,אלון_דהן_(שחקן)
אבינו_(סרט),אבינו,2016,דרמה,"[{""name"": ""מני יעיש"", ""slug"": ""מני_יעיש""}]",list_table,3,הרצל טובי,הרצל_טובי
אבינו_(סרט),אבינו,2016,דרמה,"[{""name"": ""מני יעיש"", ""slug"": ""מני_יעיש""}]",list_table,4,חיים זנאתי,חיים_זנאתי
ג'נקשן_48,ג'נקשן 48,2016,דרמה,"[{""name"": ""אודי אלוני"", ""slug"": ""אודי_אלוני""}]",list_table,0,תאמר נפאר,תאמר_נפאר
ג'נקשן_48,ג'נקשן 48,2016,דרמה,"[{""name"": ""אודי אלוני"", ""slug"": ""אודי_אלוני""}]",list_table,1,סאמר קופטי,
ג'נקשן_48,ג'נקשן 48,2016,דרמה,"[{""name"": ""אודי אלוני"", ""slug"": ""אודי_אלוני""}]",list_table,2,סלווה נקארה,סלווה_נקארה
ג'נקשן_48,ג'נקשן 48,2016,דרמה,"[{""name"": ""אודי אלוני"", ""slug"": ""אודי_אלוני""}]",list_table,3,סעיד דסוקי,
ג'נקשן_48,ג'נקשן 48,2016,דרמה,"[{""name"": ""אודי אלוני"", ""slug"": ""אודי_אלוני""}]",list_table,4,אדיב ספדי,
ג'נקשן_48,ג'נקשן 48,2016,דרמה,"[{""name"": ""אודי אלוני"", ""slug"": ""אודי_אלוני""}]",list_table,5,טארק קופטי,
ג'נקשן_48,ג'נקשן 48,2016,דרמה,"[{""name"": ""אודי אלוני"", ""slug"": ""אודי_אלוני""}]",list_table,6,מאיסה עבד אלהאדי,מאיסה_עבד_אלהאדי
אינרציה_(סרט),אינרציה,2016,דרמה,"[{""name"": ""עידן חגואל"", ""slug"": null}]",list_table,0,אילנית בן-יעקב,אילנית_בן-יעקב
אינרציה_(סרט),אינרציה,2016,דרמה,"[{""name"": ""עידן חגואל"", ""slug"": null}]",list_table,1,גליה ישי,גליה_ישי
אינרציה_(סרט),אינרציה,2016,דרמה,"[{""name"": ""עידן חגואל"", ""slug"": null}]",list_table,2,מוחמד בכרי,מוחמד_בכרי
אינרציה_(סרט),אינרציה,2016,דרמה,"[{""name"": ""עידן חגואל"", ""slug"": null}]",list_table,3,פלורנס בלוך,פלורנס_בלוך
מלחמת_90_הדקות,מלחמת 90 הדקות,2016,דרמה פוליטית,"[{""name"": ""אייל חלפון"", ""slug"": null}]",list_table,0,משה איבגי,משה_איבגי
מלחמת_90_הדקות,מלחמת 90 הדקות,2016,דרמה פוליטית,"[{""name"": ""אייל חלפון"", ""slug"": null}]",list_table,1,נורמן עיסא,נורמן_עיסא
אנטנה_(סרט),אנטנה,2016,דרמה,"[{""name"": ""אריק רוטשטיין"", ""slug"": ""אריק_רוטשטיין""}]",list_table,0,אלכס פלג,אלכס_פלג
אנטנה_(סרט),אנטנה,2016,דרמה,"[{""name"": ""אריק רוטשטיין"", ""slug"": ""אריק_רוטשטיין""}]",list_table,1,אלי גורנשטיין,אלי_גורנשטיין
אנטנה_(סרט),אנטנה,2016,דרמה,"[{""name"": ""אריק רוטשטיין"", ""slug"": ""אריק_רוטשטיין""}]",list_table,2,גילה אלמגור,גילה_אלמגור
אנטנה_(סרט),אנטנה,2016,דרמה,"[{""name"": ""אריק רוטשטיין"", ""slug"": ""אריק_רוטשטיין""}]",list_table,3,הילה פלדמן,הילה_פלדמן
אנטנה_(סרט),אנטנה,2016,דרמה,"[{""name"": ""אריק רוטשטיין"", ""slug"": ""אריק_רוטשטיין""}]",list_table,4,ישי גולן,ישי_גולן
אנטנה_(סרט),אנטנה,2016,דרמה,"[{""name"": ""אריק רוטשטיין"", ""slug"": ""אריק_רוטשטיין""}]",list_table,5,מיכאל אלוני,מיכאל_אלוני
אנטנה_(סרט),אנטנה,2016,דרמה,"[{""name"": ""אריק רוטשטיין"", ""slug"": ""אריק_רוטשטיין""}]",list_table,6,מיקי לאון,מיקי_לאון
__title__:הרמוניה__2016,הרמוניה,2016,דרמה,"[{""name"": ""אורי סיון"", ""slug"": null}]",list_table,0,אלון אבוטבול,אלון_אבוטבול
__title__:הרמוניה__2016,הרמוניה,2016,דרמה,"[{""name"": ""אורי סיון"", ""slug"": null}]",list_table,1,טלי שרון,טלי_שרון
__title__:הרמוניה__2016,הרמוניה,2016,דרמה,"[{""name"": ""אורי סיון"", ""slug"": null}]",list_table,2,יאנה יוסף,יאנה_יוסף
__title__:הרמוניה__2016,הרמוניה,2016,דרמה,"[{""name"": ""אורי סיון"", ""slug"": null}]",list_table,3,עלי סלימאן,עלי_סלימאן
ארבע_על_ארבע,ארבע על ארבע,2016,קומדיה,"[{""name"": ""שי כנות"", ""slug"": ""שי_כנות""}]",list_table,0,אושרי כהן,אושרי_כהן
ארבע_על_ארבע,ארבע על ארבע,2016,קומדיה,"[{""name"": ""שי כנות"", ""slug"": ""שי_כנות""}]",list_table,1,עוז זהבי,עוז_זהבי
ארבע_על_ארבע,ארבע על ארבע,2016,קומדיה,"[{""name"": ""שי כנות"", ""slug"": ""שי_כנות""}]",list_table,2,שלומי קוריאט,שלומי_קוריאט
ארבע_על_ארבע,ארבע על ארבע,2016,קומדיה,"[{""name"": ""שי כנות"", ""slug"": ""שי_כנות""}]",list_table,3,אבי דנגור,אבי_דנגור
ארבע_על_ארבע,ארבע על ארבע,2016,קומדיה,"[{""name"": ""שי כנות"", ""slug"": ""שי_כנות""}]",list_table,4,אליאנה תדהר,אליאנה_תדהר
ארבע_על_ארבע,ארבע על ארבע,2016,קומדיה,"[{""name"": ""שי כנות"", ""slug"": ""שי_כנות""}]",list_table,5,רוני דלומי,רוני_דלומי
ארבע_על_ארבע,ארבע על ארבע,2016,קומדיה,"[{""name"": ""שי כנות"", ""slug"": ""שי_כנות""}]",list_table,6,נעמי לבוב,נעמי_לבוב
הפורצת,הפורצת,2016,דרמה,"[{""name"": ""הגר בן-אשר"", ""slug"": null}]",list_table,0,ליהי קורנובסקי,ליהי_קורנובסקי
הפורצת,הפורצת,2016,דרמה,"[{""name"": ""הגר בן-אשר"", ""slug"": null}]",list_table,1,סנדי בר,סנדי_בר
הפורצת,הפורצת,2016,דרמה,"[{""name"": ""הגר בן-אשר"", ""slug"": null}]",list_table,2,רונלד זרפלד,רונלד_זרפלד
הפורצת,הפורצת,2016,דרמה,"[{""name"": ""הגר בן-אשר"", ""slug"": null}]",list_table,3,אסף קורמן,אסף_קורמן
הפורצת,הפורצת,2016,דרמה,"[{""name"": ""הגר בן-אשר"", ""slug"": null}]",list_table,4,לירון בן-שלוש,לירון_בן-שלוש
ההר,ההר,2016,דרמה,"[{""name"": ""יעל קיים"", ""slug"": ""יעל_קיים""}]",list_table,0,שני קליין,שני_קליין
ההר,ההר,2016,דרמה,"[{""name"": ""יעל קיים"", ""slug"": ""יעל_קיים""}]",list_table,1,אבשלום פולק,אבשלום_פולק
ההר,ההר,2016,דרמה,"[{""name"": ""יעל קיים"", ""slug"": ""יעל_קיים""}]",list_table,2,אורלי פרל,אורלי_פרל
אמור_(סרט),אמור,2017,דרמה,"[{""name"": ""רפאל רביבו"", ""slug"": ""רפאל_רביבו""}]",list_table,0,אור אילן,אור_אילן
אמור_(סרט),אמור,2017,דרמה,"[{""name"": ""רפאל רביבו"", ""slug"": ""רפאל_רביבו""}]",list_table,1,דן תורג'מן,דן_תורג'מן
אמור_(סרט),אמור,2017,דרמה,"[{""name"": ""רפאל רביבו"", ""slug"": ""רפאל_רביבו""}]",list_table,2,לירון לבו,לירון_לבו
אמור_(סרט),אמור,2017,דרמה,"[{""name"": ""רפאל רביבו"", ""slug"": ""רפאל_רביבו""}]",list_table,3,נטלי עטיה,נטלי_עטיה
אמור_(סרט),אמור,2017,דרמה,"[{""name"": ""רפאל רביבו"", ""slug"": ""רפאל_רביבו""}]",list_table,4,ענת עצמון,ענת_עצמון
אמור_(סרט),אמור,2017,דרמה,"[{""name"": ""רפאל רביבו"", ""slug"": ""רפאל_רביבו""}]",list_table,5,משה איבגי,משה_איבגי
"__title__:אני אוהב אותך, הסרט__2017","אני אוהב אותך, הסרט",2017,דרמה,"[{""name"": ""דני ססלר"", ""slug"": null}]",list_table,0,משה איבגי,משה_איבגי
"__title__:אני אוהב אותך, הסרט__2017","אני אוהב אותך, הסרט",2017,דרמה,"[{""name"": ""דני ססלר"", ""slug"": null}]",list_table,1,נטלי עטיה,נטלי_עטיה
"__title__:אני אוהב אותך, הסרט__2017","אני אוהב אותך, הסרט",2017,דרמה,"[{""name"": ""דני ססלר"", ""slug"": null}]",list_table,2,אורי הוכמן,אורי_הוכמן
"__title__:אני אוהב אותך, הסרט__2017","אני אוהב אותך, הסרט",2017,דרמה,"[{""name"": ""דני ססלר"", ""slug"": null}]",list_table,3,דאנה איבגי,דאנה_איבגי
"__title__:אני אוהב אותך, הסרט__2017","אני אוהב אותך, הסרט",2017,דרמה,"[{""name"": ""דני ססלר"", ""slug"": null}]",list_table,4,שרון אלכסנדר,שרון_אלכסנדר
"__title__:אני אוהב אותך, הסרט__2017","אני אוהב אותך, הסרט",2017,דרמה,"[{""name"": ""דני ססלר"", ""slug"": null}]",list_table,5,יעל אבקסיס,יעל_אבקסיס
"__title__:אני אוהב אותך, הסרט__2017","אני אוהב אותך, הסרט",2017,דרמה,"[{""name"": ""דני ססלר"", ""slug"": null}]",list_table,6,שמעון מימרן,שמעון_מימרן
"אנתרקס_(סרט,_2017)",אנתרקס,2017,דרמה,"[{""name"": ""שי שרף"", ""slug"": null}]",list_table,0,נועם קפלן,
"אנתרקס_(סרט,_2017)",אנתרקס,2017,דרמה,"[{""name"": ""שי שרף"", ""slug"": null}]",list_table,1,דני קליין,דני_קליין
"אנתרקס_(סרט,_2017)",אנתרקס,2017,דרמה,"[{""name"": ""שי שרף"", ""slug"": null}]",list_table,2,יותם אביבי,
בית_בגליל_(2017),בית בגליל,2017,,"[{""name"": ""נועה קולר"", ""slug"": ""נועה_קולר""}, {""name"": ""אודי רצין"", ""slug"": null}]",list_table,0,דרמה,
הבן-דוד,הבן-דוד,2017,דרמה,"[{""name"": ""צחי גראד"", ""slug"": null}]",list_table,0,צחי גראד,צחי_גראד
הבן-דוד,הבן-דוד,2017,דרמה,"[{""name"": ""צחי גראד"", ""slug"": null}]",list_table,1,אסנת פישמן,אסנת_פישמן
הבן-דוד,הבן-דוד,2017,דרמה,"[{""name"": ""צחי גראד"", ""slug"": null}]",list_table,2,ירון מוטולה,ירון_מוטולה
הבן-דוד,הבן-דוד,2017,דרמה,"[{""name"": ""צחי גראד"", ""slug"": null}]",list_table,3,אורי הוכמן,אורי_הוכמן
הבן-דוד,הבן-דוד,2017,דרמה,"[{""name"": ""צחי גראד"", ""slug"": null}]",list_table,4,יואב הייט,יואב_הייט
הבן-דוד,הבן-דוד,2017,דרמה,"[{""name"": ""צחי גראד"", ""slug"": null}]",list_table,5,עופר חיון,עופר_חיון
__title__:חבורת הטבעת__2017,חבורת הטבעת,2017,קומדיה,"[{""name"": ""מתי הררי"", ""slug"": ""מתי_הררי""}, {""name"": ""אריק לובצקי"", ""slug"": ""אריק_לובצקי""}]",list_table,0,תומר שחורי,תומר_שחורי
__title__:חבורת הטבעת__2017,חבורת הטבעת,2017,קומדיה,"[{""name"": ""מתי הררי"", ""slug"": ""מתי_הררי""}, {""name"": ""אריק לובצקי"", ""slug"": ""אריק_לובצקי""}]",list_table,1,ישראל אטיאס,ישראל_אטיאס
__title__:חבורת הטבעת__2017,חבורת הטבעת,2017,קומדיה,"[{""name"": ""מתי הררי"", ""slug"": ""מתי_הררי""}, {""name"": ""אריק לובצקי"", ""slug"": ""אריק_לובצקי""}]",list_table,2,עמית פרקש,עמית_פרקש
__title__:חבורת הטבעת__2017,חבורת הטבעת,2017,קומדיה,"[{""name"": ""מתי הררי"", ""slug"": ""מתי_הררי""}, {""name"": ""אריק לובצקי"", ""slug"": ""אריק_לובצקי""}]",list_table,3,דב גליקמן,דב_גליקמן
__title__:חבורת הטבעת__2017,חבורת הטבעת,2017,קומדיה,"[{""name"": ""מתי הררי"", ""slug"": ""מתי_הררי""}, {""name"": ""אריק לובצקי"", ""slug"": ""אריק_לובצקי""}]",list_table,4,תמיר ביידר,
חדרי_הבית,חדרי הבית,2017,דרמה,"[{""name"": ""איתן גרין"", ""slug"": ""איתן_גרין""}]",list_table,0,יובל סגל,יובל_סגל_(1971)
חדרי_הבית,חדרי הבית,2017,דרמה,"[{""name"": ""איתן גרין"", ""slug"": ""איתן_גרין""}]",list_table,1,גל זייד,גל_זייד
חדרי_הבית,חדרי הבית,2017,דרמה,"[{""name"": ""איתן גרין"", ""slug"": ""איתן_גרין""}]",list_table,2,אסנת פישמן,אסנת_פישמן
חדרי_הבית,חדרי הבית,2017,דרמה,"[{""name"": ""איתן גרין"", ""slug"": ""איתן_גרין""}]",list_table,3,אריה צ'רנר,אריה_צ'רנר
חדרי_הבית,חדרי הבית,2017,דרמה,"[{""name"": ""איתן גרין"", ""slug"": ""איתן_גרין""}]",list_table,4,דן תורג'מן,דן_תורג'מן
כמעט_מפורסמת,כמעט מפורסמת,2017,דרמת נעורים,"[{""name"": ""מרקו כרמל"", ""slug"": ""מרקו_כרמל""}]",list_table,0,עומר דרור,עומר_דרור
כמעט_מפורסמת,כמעט מפורסמת,2017,דרמת נעורים,"[{""name"": ""מרקו כרמל"", ""slug"": ""מרקו_כרמל""}]",list_table,1,ניב סולטן,ניב_סולטן
כמעט_מפורסמת,כמעט מפורסמת,2017,דרמת נעורים,"[{""name"": ""מרקו כרמל"", ""slug"": ""מרקו_כרמל""}]",list_table,2,עמית פרקש,עמית_פרקש
כמעט_מפורסמת,כמעט מפורסמת,2017,דרמת נעורים,"[{""name"": ""מרקו כרמל"", ""slug"": ""מרקו_כרמל""}]",list_table,3,נועה קירל,נועה_קירל
כמעט_מפורסמת,כמעט מפורסמת,2017,דרמת נעורים,"[{""name"": ""מרקו כרמל"", ""slug"": ""מרקו_כרמל""}]",list_table,4,מור פולנוהר,מור_פולנוהר
כמעט_מפורסמת,כמעט מפורסמת,2017,דרמת נעורים,"[{""name"": ""מרקו כרמל"", ""slug"": ""מרקו_כרמל""}]",list_table,5,נואל ברקוביץ',נואל_ברקוביץ'
כמעט_מפורסמת,כמעט מפורסמת,2017,דרמת נעורים,"[{""name"": ""מרקו כרמל"", ""slug"": ""מרקו_כרמל""}]",list_table,6,עמית יגור,עמית_יגור
להציל_את_נטע,להציל את נטע,2017,דרמה,"[{""name"": ""ניר ברגמן"", ""slug"": null}]",list_table,0,רותם אבוהב,רותם_אבוהב
להציל_את_נטע,להציל את נטע,2017,דרמה,"[{""name"": ""ניר ברגמן"", ""slug"": null}]",list_table,1,בני אבני,בני_אבני
להציל_את_נטע,להציל את נטע,2017,דרמה,"[{""name"": ""ניר ברגמן"", ""slug"": null}]",list_table,2,עירית קפלן,עירית_קפלן
להציל_את_נטע,להציל את נטע,2017,דרמה,"[{""name"": ""ניר ברגמן"", ""slug"": null}]",list_table,3,נטע ריסקין,נטע_ריסקין
ג'סטה,ג'סטה,2017,קומדיה,"[{""name"": ""קובי מחט"", ""slug"": null}]",list_table,0,און רפאלי,און_רפאלי
ג'סטה,ג'סטה,2017,קומדיה,"[{""name"": ""קובי מחט"", ""slug"": null}]",list_table,1,נאיה פדרמן,נאיה_פדרמן
ג'סטה,ג'סטה,2017,קומדיה,"[{""name"": ""קובי מחט"", ""slug"": null}]",list_table,2,מתן לקס,מתן_לקס
ג'סטה,ג'סטה,2017,קומדיה,"[{""name"": ""קובי מחט"", ""slug"": null}]",list_table,3,דודו ארז,דודו_ארז
ג'סטה,ג'סטה,2017,קומדיה,"[{""name"": ""קובי מחט"", ""slug"": null}]",list_table,4,מולי שולמן,מולי_שולמן
ג'סטה,ג'סטה,2017,קומדיה,"[{""name"": ""קובי מחט"", ""slug"": null}]",list_table,5,הילה ערן,הילה_ערן
ג'סטה,ג'סטה,2017,קומדיה,"[{""name"": ""קובי מחט"", ""slug"": null}]",list_table,6,אלינה לוי,אלינה_לוי
ג'סטה,ג'סטה,2017,קומדיה,"[{""name"": ""קובי מחט"", ""slug"": null}]",list_table,7,עמי אנידג'ר,עמי_אנידג'ר
ג'סטה,ג'סטה,2017,קומדיה,"[{""name"": ""קובי מחט"", ""slug"": null}]",list_table,8,רודי סעדה,רודי_סעדה
ג'סטה,ג'סטה,2017,קומדיה,"[{""name"": ""קובי מחט"", ""slug"": null}]",list_table,9,יאיר ניצני,יאיר_ניצני
ג'סטה,ג'סטה,2017,קומדיה,"[{""name"": ""קובי מחט"", ""slug"": null}]",list_table,10,שראל פיטרמן,שראל_פיטרמן
פוקסטרוט_(סרט),פוקסטרוט,2017,דרמה,"[{""name"": ""שמוליק מעוז"", ""slug"": null}]",list_table,0,ליאור אשכנזי,ליאור_אשכנזי
פוקסטרוט_(סרט),פוקסטרוט,2017,דרמה,"[{""name"": ""שמוליק מעוז"", ""slug"": null}]",list_table,1,שרה אדלר,שרה_אדלר
פוקסטרוט_(סרט),פוקסטרוט,2017,דרמה,"[{""name"": ""שמוליק מעוז"", ""slug"": null}]",list_table,2,יונתן שיראי,
פוקסטרוט_(סרט),פוקסטרוט,2017,דרמה,"[{""name"": ""שמוליק מעוז"", ""slug"": null}]",list_table,3,שירה האס,שירה_האס
__title__:לפני הזיכרון__2017,לפני הזיכרון,2017,דרמה,"[{""name"": ""יהונתן אינדורסקי"", ""slug"": ""יהונתן_אינדורסקי""}]",list_table,0,רבקה מיכאלי,רבקה_מיכאלי
__title__:לפני הזיכרון__2017,לפני הזיכרון,2017,דרמה,"[{""name"": ""יהונתן אינדורסקי"", ""slug"": ""יהונתן_אינדורסקי""}]",list_table,1,דובלה גליקמן,דובלה_גליקמן
__title__:לפני הזיכרון__2017,לפני הזיכרון,2017,דרמה,"[{""name"": ""יהונתן אינדורסקי"", ""slug"": ""יהונתן_אינדורסקי""}]",list_table,2,דב נבון,דב_נבון
__title__:לפני הזיכרון__2017,לפני הזיכרון,2017,דרמה,"[{""name"": ""יהונתן אינדורסקי"", ""slug"": ""יהונתן_אינדורסקי""}]",list_table,3,יעל אבקסיס,יעל_אבקסיס
__title__:לפני הזיכרון__2017,לפני הזיכרון,2017,דרמה,"[{""name"": ""יהונתן אינדורסקי"", ""slug"": ""יהונתן_אינדורסקי""}]",list_table,4,יחזקאל לזרוב,יחזקאל_לזרוב
מבצע_ביצה,מבצע ביצה,2017,"ילדים, קומדיה","[{""name"": ""אלון גור אריה"", ""slug"": null}]",list_table,0,חיים אוסדון,חיים_אוסדון
מבצע_ביצה,מבצע ביצה,2017,"ילדים, קומדיה","[{""name"": ""אלון גור אריה"", ""slug"": null}]",list_table,1,ירון ברלד,ירון_ברלד
מבצע_ביצה,מבצע ביצה,2017,"ילדים, קומדיה","[{""name"": ""אלון גור אריה"", ""slug"": null}]",list_table,2,שלומי קוריאט,שלומי_קוריאט
מבצע_ביצה,מבצע ביצה,2017,"ילדים, קומדיה","[{""name"": ""אלון גור אריה"", ""slug"": null}]",list_table,3,יהורם גאון,יהורם_גאון
מבצע_ביצה,מבצע ביצה,2017,"ילדים, קומדיה","[{""name"": ""אלון גור אריה"", ""slug"": null}]",list_table,4,טל מוסרי,טל_מוסרי
מבצע_ביצה,מבצע ביצה,2017,"ילדים, קומדיה","[{""name"": ""אלון גור אריה"", ""slug"": null}]",list_table,5,תומר שרון,תומר_שרון
מבצע_ביצה,מבצע ביצה,2017,"ילדים, קומדיה","[{""name"": ""אלון גור אריה"", ""slug"": null}]",list_table,6,דנה אברהם-סמו,דנה_אברהם-סמו
מכתוב_(סרט),מכתוב,2017,פשע,"[{""name"": ""עודד רז"", ""slug"": ""עודד_רז""}]",list_table,0,חנן סביון,חנן_סביון
מכתוב_(סרט),מכתוב,2017,פשע,"[{""name"": ""עודד רז"", ""slug"": ""עודד_רז""}]",list_table,1,גיא עמיר,גיא_עמיר
מכתוב_(סרט),מכתוב,2017,פשע,"[{""name"": ""עודד רז"", ""slug"": ""עודד_רז""}]",list_table,2,גל אמיתי,גל_אמיתי
מכתוב_(סרט),מכתוב,2017,פשע,"[{""name"": ""עודד רז"", ""slug"": ""עודד_רז""}]",list_table,3,עדנה בליליוס,עדנה_בליליוס
מכתוב_(סרט),מכתוב,2017,פשע,"[{""name"": ""עודד רז"", ""slug"": ""עודד_רז""}]",list_table,4,יגאל נאור,יגאל_נאור
דרייבר_(סרט),דרייבר,2018,דרמה,"[{""name"": ""יהונתן אינדורסקי"", ""slug"": ""יהונתן_אינדורסקי""}]",list_table,0,משה פולקנפליק,משה_פולקנפליק
דרייבר_(סרט),דרייבר,2018,דרמה,"[{""name"": ""יהונתן אינדורסקי"", ""slug"": ""יהונתן_אינדורסקי""}]",list_table,1,מנואל אלקסלסי ורדי,מנואל_אלקסלסי_ורדי
דרייבר_(סרט),דרייבר,2018,דרמה,"[{""name"": ""יהונתן אינדורסקי"", ""slug"": ""יהונתן_אינדורסקי""}]",list_table,2,מאור שוויצר,מאור_שוויצר
עד_הקצה_-_ג'סטה_2,עד הקצה - ג'סטה 2,2018,קומדיה,"[{""name"": ""קובי מחט"", ""slug"": ""קובי_מחט""}]",list_table,0,און רפאלי,און_רפאלי
עד_הקצה_-_ג'סטה_2,עד הקצה - ג'סטה 2,2018,קומדיה,"[{""name"": ""קובי מחט"", ""slug"": ""קובי_מחט""}]",list_table,1,נאיה פדרמן,נאיה_פדרמן
עד_הקצה_-_ג'סטה_2,עד הקצה - ג'סטה 2,2018,קומדיה,"[{""name"": ""קובי מחט"", ""slug"": ""קובי_מחט""}]",list_table,2,מתן לקס,מתן_לקס
גיבור_בעננים,גיבור בעננים,2018,קומדיה,"[{""name"": ""יובל שם-טוב"", ""slug"": ""יובל_שם-טוב""}, {""name"": ""אביעד קידר"", ""slug"": null}]",list_table,0,יובל שם-טוב,יובל_שם-טוב
גיבור_בעננים,גיבור בעננים,2018,קומדיה,"[{""name"": ""יובל שם-טוב"", ""slug"": ""יובל_שם-טוב""}, {""name"": ""אביעד קידר"", ""slug"": null}]",list_table,1,שי ורועי,שי_ורועי
גיבור_בעננים,גיבור בעננים,2018,קומדיה,"[{""name"": ""יובל שם-טוב"", ""slug"": ""יובל_שם-טוב""}, {""name"": ""אביעד קידר"", ""slug"": null}]",list_table,2,עודד פז,עודד_פז
גיבור_בעננים,גיבור בעננים,2018,קומדיה,"[{""name"": ""יובל שם-טוב"", ""slug"": ""יובל_שם-טוב""}, {""name"": ""אביעד קידר"", ""slug"": null}]",list_table,3,לירית בלבן,לירית_בלבן
מקוללים,מקוללים,2018,מתח,"[{""name"": ""יבגני רומן"", ""slug"": ""יבגני_רומן""}]",list_table,0,נמרוד הוכנברג,נמרוד_הוכנברג
מקוללים,מקוללים,2018,מתח,"[{""name"": ""יבגני רומן"", ""slug"": ""יבגני_רומן""}]",list_table,1,דניאל גד,דניאל_גד
מקוללים,מקוללים,2018,מתח,"[{""name"": ""יבגני רומן"", ""slug"": ""יבגני_רומן""}]",list_table,2,עמית רהב,עמית_רהב
סיפור_אחר,סיפור אחר,2018,דרמה,"[{""name"": ""אבי נשר"", ""slug"": null}]",list_table,0,ג'וי ריגר,ג'וי_ריגר
סיפור_אחר,סיפור אחר,2018,דרמה,"[{""name"": ""אבי נשר"", ""slug"": null}]",list_table,1,נתן גושן,נתן_גושן
סיפור_אחר,סיפור אחר,2018,דרמה,"[{""name"": ""אבי נשר"", ""slug"": null}]",list_table,2,מיה דגן,מיה_דגן
סיפור_אחר,סיפור אחר,2018,דרמה,"[{""name"": ""אבי נשר"", ""slug"": null}]",list_table,3,יובל סגל,יובל_סגל_(1971)
סיפור_אחר,סיפור אחר,2018,דרמה,"[{""name"": ""אבי נשר"", ""slug"": null}]",list_table,4,אביגיל הררי,אביגיל_הררי
סיפור_אחר,סיפור אחר,2018,דרמה,"[{""name"": ""אבי נשר"", ""slug"": null}]",list_table,5,ששון גבאי,ששון_גבאי
לוחם_בנשמה,לוחם בנשמה,2019,דרמה,"[{""name"": ""יואב רונן"", ""slug"": null}]",list_table,0,יואב רונן,
לוחם_בנשמה,לוחם בנשמה,2019,דרמה,"[{""name"": ""יואב רונן"", ""slug"": null}]",list_table,1,רועי אלה,
לוחם_בנשמה,לוחם בנשמה,2019,דרמה,"[{""name"": ""יואב רונן"", ""slug"": null}]",list_table,2,דין מירושניקוב,דין_מירושניקוב
לוחם_בנשמה,לוחם בנשמה,2019,דרמה,"[{""name"": ""יואב רונן"", ""slug"": null}]",list_table,3,הדס קלדרון,הדס_קלדרון
לוחם_בנשמה,לוחם בנשמה,2019,דרמה,"[{""name"": ""יואב רונן"", ""slug"": null}]",list_table,4,ערן איוניר,ערן_איוניר
לוחם_בנשמה,לוחם בנשמה,2019,דרמה,"[{""name"": ""יואב רונן"", ""slug"": null}]",list_table,5,נואית אב,
הרפתקה_בשחקים,הרפתקה בשחקים,2019,דרמה,"[{""name"": ""ליאור חפץ"", ""slug"": null}]",list_table,0,אמיר טסלר,אמיר_טסלר
הרפתקה_בשחקים,הרפתקה בשחקים,2019,דרמה,"[{""name"": ""ליאור חפץ"", ""slug"": null}]",list_table,1,אריה צ'רנר,אריה_צ'רנר
הרפתקה_בשחקים,הרפתקה בשחקים,2019,דרמה,"[{""name"": ""ליאור חפץ"", ""slug"": null}]",list_table,2,ריקי בליך,ריקי_בליך
הרפתקה_בשחקים,הרפתקה בשחקים,2019,דרמה,"[{""name"": ""ליאור חפץ"", ""slug"": null}]",list_table,3,נתן רביץ,נתן_רביץ
הרפתקה_בשחקים,הרפתקה בשחקים,2019,דרמה,"[{""name"": ""ליאור חפץ"", ""slug"": null}]",list_table,4,דור הררי,דור_הררי
הרפתקה_בשחקים,הרפתקה בשחקים,2019,דרמה,"[{""name"": ""ליאור חפץ"", ""slug"": null}]",list_table,5,אורי בלופרב,אורי_בלופרב
קצפת_ודובדבנים,קצפת ודובדבנים,2019,"דרמה, קומדיה","[{""name"": ""גור בנטוביץ'"", ""slug"": null}]",list_table,0,אלון אבוטבול,
קצפת_ודובדבנים,קצפת ודובדבנים,2019,"דרמה, קומדיה","[{""name"": ""גור בנטוביץ'"", ""slug"": null}]",list_table,1,צחי גראד,
קצפת_ודובדבנים,קצפת ודובדבנים,2019,"דרמה, קומדיה","[{""name"": ""גור בנטוביץ'"", ""slug"": null}]",list_table,2,יובל שרף,
קצפת_ודובדבנים,קצפת ודובדבנים,2019,"דרמה, קומדיה","[{""name"": ""גור בנטוביץ'"", ""slug"": null}]",list_table,3,טינקרבל,
פול_גז_(סרט),פול גז,2019,דרמה,"[{""name"": ""קובי מחט"", ""slug"": null}]",list_table,0,תובל שפיר,תובל_שפיר
פול_גז_(סרט),פול גז,2019,דרמה,"[{""name"": ""קובי מחט"", ""slug"": null}]",list_table,1,נאיה בינשטוק,נאיה_בינשטוק
פול_גז_(סרט),פול גז,2019,דרמה,"[{""name"": ""קובי מחט"", ""slug"": null}]",list_table,2,קווין רובין,קווין_רובין
פול_גז_(סרט),פול גז,2019,דרמה,"[{""name"": ""קובי מחט"", ""slug"": null}]",list_table,3,זהר ליבה,זהר_ליבה
פול_גז_(סרט),פול גז,2019,דרמה,"[{""name"": ""קובי מחט"", ""slug"": null}]",list_table,4,אורי פפר,אורי_פפר
פול_גז_(סרט),פול גז,2019,דרמה,"[{""name"": ""קובי מחט"", ""slug"": null}]",list_table,5,עדן סבן,עדן_סבן
פול_גז_(סרט),פול גז,2019,דרמה,"[{""name"": ""קובי מחט"", ""slug"": null}]",list_table,6,נדב גדג',נדב_גדג'
פול_גז_(סרט),פול גז,2019,דרמה,"[{""name"": ""קובי מחט"", ""slug"": null}]",list_table,7,אביגיל אריאלי,אביגיל_אריאלי
פול_גז_(סרט),פול גז,2019,דרמה,"[{""name"": ""קובי מחט"", ""slug"": null}]",list_table,8,אלי אילדיס,אלי_אילדיס
אסיה_(סרט),אסיה,2020,דרמה,"[{""name"": ""רותי פרי-בר"", ""slug"": null}]",list_table,0,שירה האס,שירה_האס
אסיה_(סרט),אסיה,2020,דרמה,"[{""name"": ""רותי פרי-בר"", ""slug"": null}]",list_table,1,אלונה איב,אלונה_איב
אסיה_(סרט),אסיה,2020,דרמה,"[{""name"": ""רותי פרי-בר"", ""slug"": null}]",list_table,2,תמיר מולא,
אסיה_(סרט),אסיה,2020,דרמה,"[{""name"": ""רותי פרי-בר"", ""slug"": null}]",list_table,3,גרא סנדלר,גרא_סנדלר
אסיה_(סרט),אסיה,2020,דרמה,"[{""name"": ""רותי פרי-בר"", ""slug"": null}]",list_table,4,עדן חלילי,
אסיה_(סרט),אסיה,2020,דרמה,"[{""name"": ""רותי פרי-בר"", ""slug"": null}]",list_table,5,אור ברק,
אסיה_(סרט),אסיה,2020,דרמה,"[{""name"": ""רותי פרי-בר"", ""slug"": null}]",list_table,6,נדיה טיכונובה,
סאבלט_(סרט),סאבלט,2020,"דרמה, רומנטיקה","[{""name"": ""איתן פוקס"", ""slug"": null}]",list_table,0,ג'ון בנג'מין היקי,
סאבלט_(סרט),סאבלט,2020,"דרמה, רומנטיקה","[{""name"": ""איתן פוקס"", ""slug"": null}]",list_table,1,ניב ניסים,
סאבלט_(סרט),סאבלט,2020,"דרמה, רומנטיקה","[{""name"": ""איתן פוקס"", ""slug"": null}]",list_table,2,ליהי קורנובסקי,ליהי_קורנובסקי
סאבלט_(סרט),סאבלט,2020,"דרמה, רומנטיקה","[{""name"": ""איתן פוקס"", ""slug"": null}]",list_table,3,מיקי קם,מיקי_קם
סאבלט_(סרט),סאבלט,2020,"דרמה, רומנטיקה","[{""name"": ""איתן פוקס"", ""slug"": null}]",list_table,4,עומרי לוקאס,גבריאל_עמרי_לוקאס
סאבלט_(סרט),סאבלט,2020,"דרמה, רומנטיקה","[{""name"": ""איתן פוקס"", ""slug"": null}]",list_table,5,תמיר גינזבורג,תמיר_גינזבורג
הנה_אנחנו,הנה אנחנו,2020,"דרמה, קומדיה","[{""name"": ""ניר ברגמן"", ""slug"": ""ניר_ברגמן""}]",list_table,0,שי אביבי,שי_אביבי
הנה_אנחנו,הנה אנחנו,2020,"דרמה, קומדיה","[{""name"": ""ניר ברגמן"", ""slug"": ""ניר_ברגמן""}]",list_table,1,נועם אימבר,נועם_אימבר
הנה_אנחנו,הנה אנחנו,2020,"דרמה, קומדיה","[{""name"": ""ניר ברגמן"", ""slug"": ""ניר_ברגמן""}]",list_table,2,סמדי וולפמן,
הנה_אנחנו,הנה אנחנו,2020,"דרמה, קומדיה","[{""name"": ""ניר ברגמן"", ""slug"": ""ניר_ברגמן""}]",list_table,3,אפרת בן צור,אפרת_בן_צור
הנה_אנחנו,הנה אנחנו,2020,"דרמה, קומדיה","[{""name"": ""ניר ברגמן"", ""slug"": ""ניר_ברגמן""}]",list_table,4,אמיר פלדמן,
הנה_אנחנו,הנה אנחנו,2020,"דרמה, קומדיה","[{""name"": ""ניר ברגמן"", ""slug"": ""ניר_ברגמן""}]",list_table,5,שרון זליקובסקי,שרון_זליקובסקי
סנולנד,סנולנד,2020,דרמה,"[{""name"": ""יוני זיכהולץ"", ""slug"": null}]",list_table,0,שלומי קוריאט,שלומי_קוריאט
סנולנד,סנולנד,2020,דרמה,"[{""name"": ""יוני זיכהולץ"", ""slug"": null}]",list_table,1,אורי פפר,אורי_פפר
סנולנד,סנולנד,2020,דרמה,"[{""name"": ""יוני זיכהולץ"", ""slug"": null}]",list_table,2,טלי שרון,טלי_שרון
סנולנד,סנולנד,2020,דרמה,"[{""name"": ""יוני זיכהולץ"", ""slug"": null}]",list_table,3,נתי קלוגר,נתי_קלוגר
סנולנד,סנולנד,2020,דרמה,"[{""name"": ""יוני זיכהולץ"", ""slug"": null}]",list_table,4,שמיל בן ארי,שמיל_בן_ארי
שאיפה_לחיים,שאיפה לחיים,2020,"קומדיה, פשע","[{""name"": ""מתן גוגנהיים"", ""slug"": null}, {""name"": ""אסף אבירי"", ""slug"": null}]",list_table,0,שלמה בראבא,שלמה_בראבא
שאיפה_לחיים,שאיפה לחיים,2020,"קומדיה, פשע","[{""name"": ""מתן גוגנהיים"", ""slug"": null}, {""name"": ""אסף אבירי"", ""slug"": null}]",list_table,1,ג'וי ריגר,ג'וי_ריגר
שאיפה_לחיים,שאיפה לחיים,2020,"קומדיה, פשע","[{""name"": ""מתן גוגנהיים"", ""slug"": null}, {""name"": ""אסף אבירי"", ""slug"": null}]",list_table,2,דב גליקמן,דב_גליקמן
שאיפה_לחיים,שאיפה לחיים,2020,"קומדיה, פשע","[{""name"": ""מתן גוגנהיים"", ""slug"": null}, {""name"": ""אסף אבירי"", ""slug"": null}]",list_table,3,גדי יגיל,גדי_יגיל
שאיפה_לחיים,שאיפה לחיים,2020,"קומדיה, פשע","[{""name"": ""מתן גוגנהיים"", ""slug"": null}, {""name"": ""אסף אבירי"", ""slug"": null}]",list_table,4,אבי קושניר,אבי_קושניר
הרפסודה_(סרט),הרפסודה,2020,"דרמה, הרפתקה","[{""name"": ""עודד רז"", ""slug"": ""עודד_רז""}]",list_table,0,אנה זק,אנה_זק
הרפסודה_(סרט),הרפסודה,2020,"דרמה, הרפתקה","[{""name"": ""עודד רז"", ""slug"": ""עודד_רז""}]",list_table,1,עומר דהן,
הרפסודה_(סרט),הרפסודה,2020,"דרמה, הרפתקה","[{""name"": ""עודד רז"", ""slug"": ""עודד_רז""}]",list_table,2,שחר כרמל,
הרפסודה_(סרט),הרפסודה,2020,"דרמה, הרפתקה","[{""name"": ""עודד רז"", ""slug"": ""עודד_רז""}]",list_table,3,עידן שרוקה,
הרפסודה_(סרט),הרפסודה,2020,"דרמה, הרפתקה","[{""name"": ""עודד רז"", ""slug"": ""עודד_רז""}]",list_table,4,ברק שמיר,ברק_שמיר
הרפסודה_(סרט),הרפסודה,2020,"דרמה, הרפתקה","[{""name"": ""עודד רז"", ""slug"": ""עודד_רז""}]",list_table,5,קובי מאור,קובי_מאור
הרפסודה_(סרט),הרפסודה,2020,"דרמה, הרפתקה","[{""name"": ""עודד רז"", ""slug"": ""עודד_רז""}]",list_table,6,אולה שור-סלקטר,אולה_שור-סלקטר
הרפסודה_(סרט),הרפסודה,2020,"דרמה, הרפתקה","[{""name"": ""עודד רז"", ""slug"": ""עודד_רז""}]",list_table,7,אריה צ'רנר,אריה_צ'רנר
לילה_בחיפה,לילה בחיפה,2020,"דרמה,קומדיה","[{""name"": ""עמוס גיתאי"", ""slug"": null}]",list_table,0,מריה זריק,
לילה_בחיפה,לילה בחיפה,2020,"דרמה,קומדיה","[{""name"": ""עמוס גיתאי"", ""slug"": null}]",list_table,1,ח'אולה איברהם,
לילה_בחיפה,לילה בחיפה,2020,"דרמה,קומדיה","[{""name"": ""עמוס גיתאי"", ""slug"": null}]",list_table,2,בהירה בלאסי,
לילה_בחיפה,לילה בחיפה,2020,"דרמה,קומדיה","[{""name"": ""עמוס גיתאי"", ""slug"": null}]",list_table,3,נעמה פרייס,
לילה_בחיפה,לילה בחיפה,2020,"דרמה,קומדיה","[{""name"": ""עמוס גיתאי"", ""slug"": null}]",list_table,4,קלרה ח'ורי,קלרה_ח'ורי
לילה_בחיפה,לילה בחיפה,2020,"דרמה,קומדיה","[{""name"": ""עמוס גיתאי"", ""slug"": null}]",list_table,5,צחי הלוי,צחי_הלוי
אחד_בלב,אחד בלב,2021,"קומדיה,רומנטיקה","[{""name"": ""טליה לביא"", ""slug"": null}]",list_table,0,אביגיל הררי,אביגיל_הררי
אחד_בלב,אחד בלב,2021,"קומדיה,רומנטיקה","[{""name"": ""טליה לביא"", ""slug"": null}]",list_table,1,רן דנקר,רן_דנקר
אחד_בלב,אחד בלב,2021,"קומדיה,רומנטיקה","[{""name"": ""טליה לביא"", ""slug"": null}]",list_table,2,אלישע בנאי,אלישע_בנאי
אחד_בלב,אחד בלב,2021,"קומדיה,רומנטיקה","[{""name"": ""טליה לביא"", ""slug"": null}]",list_table,3,אורלי זילברשץ,אורלי_זילברשץ
אחד_בלב,אחד בלב,2021,"קומדיה,רומנטיקה","[{""name"": ""טליה לביא"", ""slug"": null}]",list_table,4,מאיר סויסה,מאיר_סויסה
אחד_בלב,אחד בלב,2021,"קומדיה,רומנטיקה","[{""name"": ""טליה לביא"", ""slug"": null}]",list_table,5,יעל פולמן,יעל_פולמן
תמונת_הניצחון,תמונת ניצחון,2021,"דרמה,מלחמה","[{""name"": ""אבי נשר"", ""slug"": null}]",list_table,0,ג'וי ריגר,ג'וי_ריגר
תמונת_הניצחון,תמונת ניצחון,2021,"דרמה,מלחמה","[{""name"": ""אבי נשר"", ""slug"": null}]",list_table,1,אמיר ח'ורי,אמיר_ח'ורי
תמונת_הניצחון,תמונת ניצחון,2021,"דרמה,מלחמה","[{""name"": ""אבי נשר"", ""slug"": null}]",list_table,2,אליאנה תדהר,אליאנה_תדהר
תמונת_הניצחון,תמונת ניצחון,2021,"דרמה,מלחמה","[{""name"": ""אבי נשר"", ""slug"": null}]",list_table,3,תום אבני,תום_אבני
תמונת_הניצחון,תמונת ניצחון,2021,"דרמה,מלחמה","[{""name"": ""אבי נשר"", ""slug"": null}]",list_table,4,אלישע בנאי,אלישע_בנאי
תמונת_הניצחון,תמונת ניצחון,2021,"דרמה,מלחמה","[{""name"": ""אבי נשר"", ""slug"": null}]",list_table,5,משי קלינשטיין,משי_קלינשטיין
תמונת_הניצחון,תמונת ניצחון,2021,"דרמה,מלחמה","[{""name"": ""אבי נשר"", ""slug"": null}]",list_table,6,עלא דקה,עלא_דקה
תמונת_הניצחון,תמונת ניצחון,2021,"דרמה,מלחמה","[{""name"": ""אבי נשר"", ""slug"": null}]",list_table,7,נטע רוט,נטע_רוט
תמונת_הניצחון,תמונת ניצחון,2021,"דרמה,מלחמה","[{""name"": ""אבי נשר"", ""slug"": null}]",list_table,8,אדם גבאי,אדם_גבאי
לשחרר_את_שולי,לשחרר את שולי,2021,קומדיה,"[{""name"": ""בן בכר"", ""slug"": ""בן_בכר""}]",list_table,0,ציון ברוך,ציון_ברוך
לשחרר_את_שולי,לשחרר את שולי,2021,קומדיה,"[{""name"": ""בן בכר"", ""slug"": ""בן_בכר""}]",list_table,1,שלום מיכאלשווילי,שלום_מיכאלשווילי
לשחרר_את_שולי,לשחרר את שולי,2021,קומדיה,"[{""name"": ""בן בכר"", ""slug"": ""בן_בכר""}]",list_table,2,אסי ישראלוף,אסי_ישראלוף
לשחרר_את_שולי,לשחרר את שולי,2021,קומדיה,"[{""name"": ""בן בכר"", ""slug"": ""בן_בכר""}]",list_table,3,לירון וייסמן,לירון_וייסמן
לשחרר_את_שולי,לשחרר את שולי,2021,קומדיה,"[{""name"": ""בן בכר"", ""slug"": ""בן_בכר""}]",list_table,4,דוד שאול,דוד_שאול
לשחרר_את_שולי,לשחרר את שולי,2021,קומדיה,"[{""name"": ""בן בכר"", ""slug"": ""בן_בכר""}]",list_table,5,אביה מלכה,אביה_מלכה
לשחרר_את_שולי,לשחרר את שולי,2021,קומדיה,"[{""name"": ""בן בכר"", ""slug"": ""בן_בכר""}]",list_table,6,קרולניה רודריגז נרנג'ו,
פול_ספיד,פול ספיד,2021,"דרמה,הרפתקה","[{""name"": ""קובי מחט"", ""slug"": null}]",list_table,0,קווין רובין,קווין_רובין
פול_ספיד,פול ספיד,2021,"דרמה,הרפתקה","[{""name"": ""קובי מחט"", ""slug"": null}]",list_table,1,שירה לוי,שירה_לוי
פול_ספיד,פול ספיד,2021,"דרמה,הרפתקה","[{""name"": ""קובי מחט"", ""slug"": null}]",list_table,2,אברהם ארנסון,אברהם_ארנסון
פול_ספיד,פול ספיד,2021,"דרמה,הרפתקה","[{""name"": ""קובי מחט"", ""slug"": null}]",list_table,3,נועם אימבר,נועם_אימבר
פול_ספיד,פול ספיד,2021,"דרמה,הרפתקה","[{""name"": ""קובי מחט"", ""slug"": null}]",list_table,4,חן אמסלם-זגורי,חן_אמסלם-זגורי
פול_ספיד,פול ספיד,2021,"דרמה,הרפתקה","[{""name"": ""קובי מחט"", ""slug"": null}]",list_table,5,גל אמיתי,גל_אמיתי
פול_ספיד,פול ספיד,2021,"דרמה,הרפתקה","[{""name"": ""קובי מחט"", ""slug"": null}]",list_table,6,אקי אבני,אקי_אבני
פול_ספיד,פול ספיד,2021,"דרמה,הרפתקה","[{""name"": ""קובי מחט"", ""slug"": null}]",list_table,7,בר כהן מוראד,בר_כהן_מוראד
מישהו_יאהב_מישהו,מישהו יאהב מישהו,2021,דרמה,"[{""name"": ""הדס בן אוריה"", ""slug"": null}]",list_table,0,אלישבע וייל,אלישבע_וייל
מישהו_יאהב_מישהו,מישהו יאהב מישהו,2021,דרמה,"[{""name"": ""הדס בן אוריה"", ""slug"": null}]",list_table,1,לייב לב לוין,לייב_לב_לוין
מישהו_יאהב_מישהו,מישהו יאהב מישהו,2021,דרמה,"[{""name"": ""הדס בן אוריה"", ""slug"": null}]",list_table,2,יואב הייט,יואב_הייט
מישהו_יאהב_מישהו,מישהו יאהב מישהו,2021,דרמה,"[{""name"": ""הדס בן אוריה"", ""slug"": null}]",list_table,3,הדר כץ,
אל_תחכי_לי,אל תחכי לי,2021,"דרמה,פשע","[{""name"": ""רועי גלוסקא"", ""slug"": null}, {""name"": ""דני רייספלד"", ""slug"": null}]",list_table,0,עומר חזן,עומר_חזן
אל_תחכי_לי,אל תחכי לי,2021,"דרמה,פשע","[{""name"": ""רועי גלוסקא"", ""slug"": null}, {""name"": ""דני רייספלד"", ""slug"": null}]",list_table,1,ישראל אוגלבו,ישראל_אוגלבו
אל_תחכי_לי,אל תחכי לי,2021,"דרמה,פשע","[{""name"": ""רועי גלוסקא"", ""slug"": null}, {""name"": ""דני רייספלד"", ""slug"": null}]",list_table,2,אורי גבריאל,אורי_גבריאל
אל_תחכי_לי,אל תחכי לי,2021,"דרמה,פשע","[{""name"": ""רועי גלוסקא"", ""slug"": null}, {""name"": ""דני רייספלד"", ""slug"": null}]",list_table,3,טיילור מלכוב,טיילור_מלכוב
אל_תחכי_לי,אל תחכי לי,2021,"דרמה,פשע","[{""name"": ""רועי גלוסקא"", ""slug"": null}, {""name"": ""דני רייספלד"", ""slug"": null}]",list_table,4,עינת שרוף,עינת_שרוף
אל_תחכי_לי,אל תחכי לי,2021,"דרמה,פשע","[{""name"": ""רועי גלוסקא"", ""slug"": null}, {""name"": ""דני רייספלד"", ""slug"": null}]",list_table,5,רני בלייר,רני_בלייר
אל_תחכי_לי,אל תחכי לי,2021,"דרמה,פשע","[{""name"": ""רועי גלוסקא"", ""slug"": null}, {""name"": ""דני רייספלד"", ""slug"": null}]",list_table,6,רז מזרחי,
אל_תחכי_לי,אל תחכי לי,2021,"דרמה,פשע","[{""name"": ""רועי גלוסקא"", ""slug"": null}, {""name"": ""דני רייספלד"", ""slug"": null}]",list_table,7,נאור ואטורי,
ויהי_בוקר,ויהי בוקר,2021,דרמה,"[{""name"": ""ערן קולירן"", ""slug"": null}]",list_table,0,אלכס בכרי,
ויהי_בוקר,ויהי בוקר,2021,דרמה,"[{""name"": ""ערן קולירן"", ""slug"": null}]",list_table,1,ג'ונה סולימאן,
מתחתנת,מתחתנת,2021,"קומדיה, רומנטיקה","[{""name"": ""ערן בן יעקב"", ""slug"": null}]",list_table,0,הילה סעדה,הילה_סעדה
מתחתנת,מתחתנת,2021,"קומדיה, רומנטיקה","[{""name"": ""ערן בן יעקב"", ""slug"": null}]",list_table,1,דין מירושניקוב,דין_מירושניקוב
מתחתנת,מתחתנת,2021,"קומדיה, רומנטיקה","[{""name"": ""ערן בן יעקב"", ""slug"": null}]",list_table,2,ליז רביאן,ליז_רביאן
מתחתנת,מתחתנת,2021,"קומדיה, רומנטיקה","[{""name"": ""ערן בן יעקב"", ""slug"": null}]",list_table,3,הילה ערן,הילה_ערן
מתחתנת,מתחתנת,2021,"קומדיה, רומנטיקה","[{""name"": ""ערן בן יעקב"", ""slug"": null}]",list_table,4,חיים זנאתי,חיים_זנאתי
מתחתנת,מתחתנת,2021,"קומדיה, רומנטיקה","[{""name"": ""ערן בן יעקב"", ""slug"": null}]",list_table,5,מייקל לואיס,מייקל_לואיס_(דוגמן)
מתחתנת,מתחתנת,2021,"קומדיה, רומנטיקה","[{""name"": ""ערן בן יעקב"", ""slug"": null}]",list_table,6,ענת וקסמן,ענת_וקסמן
מתחתנת,מתחתנת,2021,"קומדיה, רומנטיקה","[{""name"": ""ערן בן יעקב"", ""slug"": null}]",list_table,7,לאה שנירר,
מתחתנת,מתחתנת,2021,"קומדיה, רומנטיקה","[{""name"": ""ערן בן יעקב"", ""slug"": null}]",list_table,8,יוגב קינן,
זרים_מושלמים_(סרט_ישראלי),זרים מושלמים,2021,דרמה,"[{""name"": ""ליאור אשכנזי"", ""slug"": ""ליאור_אשכנזי""}]",list_table,0,מורן אטיאס,מורן_אטיאס
זרים_מושלמים_(סרט_ישראלי),זרים מושלמים,2021,דרמה,"[{""name"": ""ליאור אשכנזי"", ""slug"": ""ליאור_אשכנזי""}]",list_table,1,חנן סביון,חנן_סביון
זרים_מושלמים_(סרט_ישראלי),זרים מושלמים,2021,דרמה,"[{""name"": ""ליאור אשכנזי"", ""slug"": ""ליאור_אשכנזי""}]",list_table,2,גיא עמיר,גיא_עמיר
זרים_מושלמים_(סרט_ישראלי),זרים מושלמים,2021,דרמה,"[{""name"": ""ליאור אשכנזי"", ""slug"": ""ליאור_אשכנזי""}]",list_table,3,רותם אבוהב,רותם_אבוהב
זרים_מושלמים_(סרט_ישראלי),זרים מושלמים,2021,דרמה,"[{""name"": ""ליאור אשכנזי"", ""slug"": ""ליאור_אשכנזי""}]",list_table,4,יוסי מרשק,יוסי_מרשק
זרים_מושלמים_(סרט_ישראלי),זרים מושלמים,2021,דרמה,"[{""name"": ""ליאור אשכנזי"", ""slug"": ""ליאור_אשכנזי""}]",list_table,5,שירה נאור,שירה_נאור
זרים_מושלמים_(סרט_ישראלי),זרים מושלמים,2021,דרמה,"[{""name"": ""ליאור אשכנזי"", ""slug"": ""ליאור_אשכנזי""}]",list_table,6,אבי גרייניק,אבי_גרייניק
זרים_מושלמים_(סרט_ישראלי),זרים מושלמים,2021,דרמה,"[{""name"": ""ליאור אשכנזי"", ""slug"": ""ליאור_אשכנזי""}]",list_table,7,בן איתין,
אגדת_חורבן,אגדת חורבן,2021,"דרמה,אנימציה","[{""name"": ""גידי דר"", ""slug"": null}]",list_table,0,שולי רנד,שולי_רנד
אגדת_חורבן,אגדת חורבן,2021,"דרמה,אנימציה","[{""name"": ""גידי דר"", ""slug"": null}]",list_table,1,זאב רווח,זאב_רווח
אגדת_חורבן,אגדת חורבן,2021,"דרמה,אנימציה","[{""name"": ""גידי דר"", ""slug"": null}]",list_table,2,עמוס תמם,עמוס_תמם
אגדת_חורבן,אגדת חורבן,2021,"דרמה,אנימציה","[{""name"": ""גידי דר"", ""slug"": null}]",list_table,3,מוני מושונוב,מוני_מושונוב
אגדת_חורבן,אגדת חורבן,2021,"דרמה,אנימציה","[{""name"": ""גידי דר"", ""slug"": null}]",list_table,4,יעל אבקסיס,יעל_אבקסיס
אגדת_חורבן,אגדת חורבן,2021,"דרמה,אנימציה","[{""name"": ""גידי דר"", ""slug"": null}]",list_table,5,יגאל נאור,יגאל_נאור
עוד_סיפור_אחד,עוד סיפור אחד,2021,"קומדיה,רומנטיקה","[{""name"": ""גורי אלפי"", ""slug"": null}]",list_table,0,דינה סנדרסון,דינה_סנדרסון
עוד_סיפור_אחד,עוד סיפור אחד,2021,"קומדיה,רומנטיקה","[{""name"": ""גורי אלפי"", ""slug"": null}]",list_table,1,גורי אלפי,גורי_אלפי
עוד_סיפור_אחד,עוד סיפור אחד,2021,"קומדיה,רומנטיקה","[{""name"": ""גורי אלפי"", ""slug"": null}]",list_table,2,מעיין בלום,מעיין_בלום
עוד_סיפור_אחד,עוד סיפור אחד,2021,"קומדיה,רומנטיקה","[{""name"": ""גורי אלפי"", ""slug"": null}]",list_table,3,דניאל גל,דניאל_גל
עוד_סיפור_אחד,עוד סיפור אחד,2021,"קומדיה,רומנטיקה","[{""name"": ""גורי אלפי"", ""slug"": null}]",list_table,4,ליאור אשכנזי,ליאור_אשכנזי
עוד_סיפור_אחד,עוד סיפור אחד,2021,"קומדיה,רומנטיקה","[{""name"": ""גורי אלפי"", ""slug"": null}]",list_table,5,עדי חבשוש,עדי_חבשוש
עוד_סיפור_אחד,עוד סיפור אחד,2021,"קומדיה,רומנטיקה","[{""name"": ""גורי אלפי"", ""slug"": null}]",list_table,6,גיה באר גורביץ',גיה_באר_גורביץ'
עוד_סיפור_אחד,עוד סיפור אחד,2021,"קומדיה,רומנטיקה","[{""name"": ""גורי אלפי"", ""slug"": null}]",list_table,7,שני קליין,שני_קליין
עוד_סיפור_אחד,עוד סיפור אחד,2021,"קומדיה,רומנטיקה","[{""name"": ""גורי אלפי"", ""slug"": null}]",list_table,8,אביב אלוש,אביב_אלוש
עוד_סיפור_אחד,עוד סיפור אחד,2021,"קומדיה,רומנטיקה","[{""name"": ""גורי אלפי"", ""slug"": null}]",list_table,9,קובי פרג',קובי_פרג'
תוכנית_א'_(סרט),תוכנית א',2021,"דרמה,מתח","[{""name"": ""דורון פז"", ""slug"": null}, {""name"": ""יואב פז"", ""slug"": null}]",list_table,0,אוגוסט דיל,אוגוסט_דיל
תוכנית_א'_(סרט),תוכנית א',2021,"דרמה,מתח","[{""name"": ""דורון פז"", ""slug"": null}, {""name"": ""יואב פז"", ""slug"": null}]",list_table,1,מיכאל אלוני,מיכאל_אלוני
תוכנית_א'_(סרט),תוכנית א',2021,"דרמה,מתח","[{""name"": ""דורון פז"", ""slug"": null}, {""name"": ""יואב פז"", ""slug"": null}]",list_table,2,עוז זהבי,עוז_זהבי
תוכנית_א'_(סרט),תוכנית א',2021,"דרמה,מתח","[{""name"": ""דורון פז"", ""slug"": null}, {""name"": ""יואב פז"", ""slug"": null}]",list_table,3,ישי גולן,ישי_גולן
תוכנית_א'_(סרט),תוכנית א',2021,"דרמה,מתח","[{""name"": ""דורון פז"", ""slug"": null}, {""name"": ""יואב פז"", ""slug"": null}]",list_table,4,סילביה הוקס,
סינמה_סבאיא,סינמה סבאיא,2021,דרמה,"[{""name"": ""אורית פוקס רותם"", ""slug"": null}]",list_table,0,דנה איבגי,דאנה_איבגי
סינמה_סבאיא,סינמה סבאיא,2021,דרמה,"[{""name"": ""אורית פוקס רותם"", ""slug"": null}]",list_table,1,אמל מורקוס,אמל_מורקוס
סינמה_סבאיא,סינמה סבאיא,2021,דרמה,"[{""name"": ""אורית פוקס רותם"", ""slug"": null}]",list_table,2,מרלן בג'אלי,מרלן_בג'אלי
סינמה_סבאיא,סינמה סבאיא,2021,דרמה,"[{""name"": ""אורית פוקס רותם"", ""slug"": null}]",list_table,3,ח'אולה חאג'-דיבסי,ח'אולה_חאג'-דיבסי
סינמה_סבאיא,סינמה סבאיא,2021,דרמה,"[{""name"": ""אורית פוקס רותם"", ""slug"": null}]",list_table,4,ג'ואנה סעיד,ג'ואנה_סעיד
סינמה_סבאיא,סינמה סבאיא,2021,דרמה,"[{""name"": ""אורית פוקס רותם"", ""slug"": null}]",list_table,5,יולי הרגיל-שדה,יולי_הרגיל-שדה
סינמה_סבאיא,סינמה סבאיא,2021,דרמה,"[{""name"": ""אורית פוקס רותם"", ""slug"": null}]",list_table,6,אסיל פרחאת,אסיל_פרחאת
סינמה_סבאיא,סינמה סבאיא,2021,דרמה,"[{""name"": ""אורית פוקס רותם"", ""slug"": null}]",list_table,7,רותי לנדאו,
סינמה_סבאיא,סינמה סבאיא,2021,דרמה,"[{""name"": ""אורית פוקס רותם"", ""slug"": null}]",list_table,8,אורית סמואל,
סינמה_סבאיא,סינמה סבאיא,2021,דרמה,"[{""name"": ""אורית פוקס רותם"", ""slug"": null}]",list_table,9,ליאורה לוי,
בוטיק_פריז,בוטיק פריז,2022,קומדיה,"[{""name"": ""מרקו כרמל"", ""slug"": ""מרקו_כרמל""}]",list_table,0,נלי תגר,נלי_תגר
בוטיק_פריז,בוטיק פריז,2022,קומדיה,"[{""name"": ""מרקו כרמל"", ""slug"": ""מרקו_כרמל""}]",list_table,1,ז'וזפין דראי,
בוטיק_פריז,בוטיק פריז,2022,קומדיה,"[{""name"": ""מרקו כרמל"", ""slug"": ""מרקו_כרמל""}]",list_table,2,אנחל בונני,אנחל_בונני
בוטיק_פריז,בוטיק פריז,2022,קומדיה,"[{""name"": ""מרקו כרמל"", ""slug"": ""מרקו_כרמל""}]",list_table,3,מוריס כהן,מוריס_כהן_(שחקן)
בוטיק_פריז,בוטיק פריז,2022,קומדיה,"[{""name"": ""מרקו כרמל"", ""slug"": ""מרקו_כרמל""}]",list_table,4,בת אל מוסרי,בת_אל_מוסרי
בוטיק_פריז,בוטיק פריז,2022,קומדיה,"[{""name"": ""מרקו כרמל"", ""slug"": ""מרקו_כרמל""}]",list_table,5,אריה צ'רנר,אריה_צ'רנר
עד_שתחזור_(סרט),עד שתחזור,2022,דרמה,"[{""name"": ""שרי תורג'מן"", ""slug"": null}]",list_table,0,הלל ינאי שני,
עד_שתחזור_(סרט),עד שתחזור,2022,דרמה,"[{""name"": ""שרי תורג'מן"", ""slug"": null}]",list_table,1,דניאל ליטמן,דניאל_ליטמן
עד_שתחזור_(סרט),עד שתחזור,2022,דרמה,"[{""name"": ""שרי תורג'מן"", ""slug"": null}]",list_table,2,עדי גילת,עדי_גילת
עד_שתחזור_(סרט),עד שתחזור,2022,דרמה,"[{""name"": ""שרי תורג'מן"", ""slug"": null}]",list_table,3,אופק פסח,אופק_פסח
עד_שתחזור_(סרט),עד שתחזור,2022,דרמה,"[{""name"": ""שרי תורג'מן"", ""slug"": null}]",list_table,4,מוריס כהן,מוריס_כהן_(שחקן)
עד_שתחזור_(סרט),עד שתחזור,2022,דרמה,"[{""name"": ""שרי תורג'מן"", ""slug"": null}]",list_table,5,בני שיף,
בתולים_(סרט),בתולים,2022,דרמה,"[{""name"": ""מאור זגורי"", ""slug"": null}]",list_table,0,מאור לוי,מאור_לוי_(שחקן)
בתולים_(סרט),בתולים,2022,דרמה,"[{""name"": ""מאור זגורי"", ""slug"": null}]",list_table,1,חן אמסלם-זגורי,חן_אמסלם-זגורי
בתולים_(סרט),בתולים,2022,דרמה,"[{""name"": ""מאור זגורי"", ""slug"": null}]",list_table,2,עמוס תמם,עמוס_תמם
בתולים_(סרט),בתולים,2022,דרמה,"[{""name"": ""מאור זגורי"", ""slug"": null}]",list_table,3,ליאנה עיון,ליאנה_עיון
בתולים_(סרט),בתולים,2022,דרמה,"[{""name"": ""מאור זגורי"", ""slug"": null}]",list_table,4,אור עדי,
בתולים_(סרט),בתולים,2022,דרמה,"[{""name"": ""מאור זגורי"", ""slug"": null}]",list_table,5,איתמר קליגר,
__title__:שיטת אלטמן__2022,שיטת אלטמן,2022,"דרמה, מתח, קומדה","[{""name"": ""נדב אהרונוביץ'"", ""slug"": null}]",list_table,0,מעין וינשטוק,מעין_וינשטוק
__title__:שיטת אלטמן__2022,שיטת אלטמן,2022,"דרמה, מתח, קומדה","[{""name"": ""נדב אהרונוביץ'"", ""slug"": null}]",list_table,1,דנה לרר,דנה_לרר
__title__:שיטת אלטמן__2022,שיטת אלטמן,2022,"דרמה, מתח, קומדה","[{""name"": ""נדב אהרונוביץ'"", ""slug"": null}]",list_table,2,מעיין לאוב,מעיין_לאוב
__title__:שיטת אלטמן__2022,שיטת אלטמן,2022,"דרמה, מתח, קומדה","[{""name"": ""נדב אהרונוביץ'"", ""slug"": null}]",list_table,3,ניר ברק,
__title__:שיטת אלטמן__2022,שיטת אלטמן,2022,"דרמה, מתח, קומדה","[{""name"": ""נדב אהרונוביץ'"", ""slug"": null}]",list_table,4,מוראד חסן,
__title__:שיטת אלטמן__2022,שיטת אלטמן,2022,"דרמה, מתח, קומדה","[{""name"": ""נדב אהרונוביץ'"", ""slug"": null}]",list_table,5,פיני גואטה,
__title__:שיטת אלטמן__2022,שיטת אלטמן,2022,"דרמה, מתח, קומדה","[{""name"": ""נדב אהרונוביץ'"", ""slug"": null}]",list_table,6,נופר אלדיס,
__title__:ילדים של אף אחד__2022,ילדים של אף אחד,2022,דרמה,"[{""name"": ""ארז תדמור"", ""slug"": null}]",list_table,0,תיקי דיין,תיקי_דיין
__title__:ילדים של אף אחד__2022,ילדים של אף אחד,2022,דרמה,"[{""name"": ""ארז תדמור"", ""slug"": null}]",list_table,1,יעקב כהן,יעקב_כהן_(שחקן)
__title__:ילדים של אף אחד__2022,ילדים של אף אחד,2022,דרמה,"[{""name"": ""ארז תדמור"", ""slug"": null}]",list_table,2,גיא לואל,גיא_לואל
__title__:ילדים של אף אחד__2022,ילדים של אף אחד,2022,דרמה,"[{""name"": ""ארז תדמור"", ""slug"": null}]",list_table,3,שלומי ארבע,שלומי_ארבע
__title__:ילדים של אף אחד__2022,ילדים של אף אחד,2022,דרמה,"[{""name"": ""ארז תדמור"", ""slug"": null}]",list_table,4,רועי אסף,
__title__:ילדים של אף אחד__2022,ילדים של אף אחד,2022,דרמה,"[{""name"": ""ארז תדמור"", ""slug"": null}]",list_table,5,אורנלה בס,
__title__:ילדים של אף אחד__2022,ילדים של אף אחד,2022,דרמה,"[{""name"": ""ארז תדמור"", ""slug"": null}]",list_table,6,מיכל זיס,
__title__:ילדים של אף אחד__2022,ילדים של אף אחד,2022,דרמה,"[{""name"": ""ארז תדמור"", ""slug"": null}]",list_table,7,ג'רמי פינטו,
בחורים_טובים_(סרט_ישראלי),בחורים טובים,2022,דרמה קומית,"[{""name"": ""ארז תדמור"", ""slug"": null}]",list_table,0,עמית רהב,עמית_רהב
בחורים_טובים_(סרט_ישראלי),בחורים טובים,2022,דרמה קומית,"[{""name"": ""ארז תדמור"", ""slug"": null}]",list_table,1,ליאנה עיון,ליאנה_עיון
בחורים_טובים_(סרט_ישראלי),בחורים טובים,2022,דרמה קומית,"[{""name"": ""ארז תדמור"", ""slug"": null}]",list_table,2,מאור שוויצר,מאור_שוויצר
בחורים_טובים_(סרט_ישראלי),בחורים טובים,2022,דרמה קומית,"[{""name"": ""ארז תדמור"", ""slug"": null}]",list_table,3,עירית קפלן,עירית_קפלן
בחורים_טובים_(סרט_ישראלי),בחורים טובים,2022,דרמה קומית,"[{""name"": ""ארז תדמור"", ""slug"": null}]",list_table,4,יקי רייסנר,יקי_רייסנר
בחורים_טובים_(סרט_ישראלי),בחורים טובים,2022,דרמה קומית,"[{""name"": ""ארז תדמור"", ""slug"": null}]",list_table,5,עמית מורשת,עמית_מורשת
בחורים_טובים_(סרט_ישראלי),בחורים טובים,2022,דרמה קומית,"[{""name"": ""ארז תדמור"", ""slug"": null}]",list_table,6,גיא לואל,גיא_לואל
בחורים_טובים_(סרט_ישראלי),בחורים טובים,2022,דרמה קומית,"[{""name"": ""ארז תדמור"", ""slug"": null}]",list_table,7,נטע שפיגלמן,נטע_שפיגלמן
בחורים_טובים_(סרט_ישראלי),בחורים טובים,2022,דרמה קומית,"[{""name"": ""ארז תדמור"", ""slug"": null}]",list_table,8,רועי אסף,רועי_אסף
בחורים_טובים_(סרט_ישראלי),בחורים טובים,2022,דרמה קומית,"[{""name"": ""ארז תדמור"", ""slug"": null}]",list_table,9,ריימונד אמסלם,ריימונד_אמסלם
בחורים_טובים_(סרט_ישראלי),בחורים טובים,2022,דרמה קומית,"[{""name"": ""ארז תדמור"", ""slug"": null}]",list_table,10,שראל פיטרמן,שראל_פיטרמן
גרגירי_חול,גרגירי חול,2022,,"[{""name"": ""גיתית כבירי"", ""slug"": null}, {""name"": ""יהל גבירי"", ""slug"": null}]",list_table,0,שני כהן,שני_כהן
גרגירי_חול,גרגירי חול,2022,,"[{""name"": ""גיתית כבירי"", ""slug"": null}, {""name"": ""יהל גבירי"", ""slug"": null}]",list_table,1,יוסי מרשק,יוסי_מרשק
גרגירי_חול,גרגירי חול,2022,,"[{""name"": ""גיתית כבירי"", ""slug"": null}, {""name"": ""יהל גבירי"", ""slug"": null}]",list_table,2,אורי פפר,אורי_פפר
גרגירי_חול,גרגירי חול,2022,,"[{""name"": ""גיתית כבירי"", ""slug"": null}, {""name"": ""יהל גבירי"", ""slug"": null}]",list_table,3,לוסי אהריש,לוסי_אהריש
גרגירי_חול,גרגירי חול,2022,,"[{""name"": ""גיתית כבירי"", ""slug"": null}, {""name"": ""יהל גבירי"", ""slug"": null}]",list_table,4,יונתן להב ויסברג,
גרגירי_חול,גרגירי חול,2022,,"[{""name"": ""גיתית כבירי"", ""slug"": null}, {""name"": ""יהל גבירי"", ""slug"": null}]",list_table,5,שירז אדרי,
גרגירי_חול,גרגירי חול,2022,,"[{""name"": ""גיתית כבירי"", ""slug"": null}, {""name"": ""יהל גבירי"", ""slug"": null}]",list_table,6,עלאי אלמודי,
"קריוקי_(סרט,_2022)",קריוקי,2022,דרמה,"[{""name"": ""משה רוזנטל"", ""slug"": null}]",list_table,0,ששון גבאי,ששון_גבאי
"קריוקי_(סרט,_2022)",קריוקי,2022,דרמה,"[{""name"": ""משה רוזנטל"", ""slug"": null}]",list_table,1,ליאור אשכנזי,ליאור_אשכנזי
"קריוקי_(סרט,_2022)",קריוקי,2022,דרמה,"[{""name"": ""משה רוזנטל"", ""slug"": null}]",list_table,2,ריטה שוקרון,ריטה_שוקרון
החבר_השמן_שלי,החבר השמן שלי,2022,"דרמה, קומדיה","[{""name"": ""גודיס שניידר"", ""slug"": null}]",list_table,0,מי-רן מנקס,מי-רן_מנקס
החבר_השמן_שלי,החבר השמן שלי,2022,"דרמה, קומדיה","[{""name"": ""גודיס שניידר"", ""slug"": null}]",list_table,1,אסף פרי,אסף_פרי
החבר_השמן_שלי,החבר השמן שלי,2022,"דרמה, קומדיה","[{""name"": ""גודיס שניידר"", ""slug"": null}]",list_table,2,צחי סדן,
החבר_השמן_שלי,החבר השמן שלי,2022,"דרמה, קומדיה","[{""name"": ""גודיס שניידר"", ""slug"": null}]",list_table,3,אפרת וינטראוב,
__title__:הבשורה על פי יהודה__2022,הבשורה על פי יהודה,2022,"דרמה,תקופתי","[{""name"": ""דן וולמן"", ""slug"": ""דן_וולמן""}]",list_table,0,דורון תבורי,דורון_תבורי
__title__:הבשורה על פי יהודה__2022,הבשורה על פי יהודה,2022,"דרמה,תקופתי","[{""name"": ""דן וולמן"", ""slug"": ""דן_וולמן""}]",list_table,1,יובלי ליבני,
__title__:הבשורה על פי יהודה__2022,הבשורה על פי יהודה,2022,"דרמה,תקופתי","[{""name"": ""דן וולמן"", ""slug"": ""דן_וולמן""}]",list_table,2,עינב מרקל,
הדרך_לאילת,הדרך לאילת,2022,"דרמה,קומדיה","[{""name"": ""יונתן רוזנקיאר"", ""slug"": null}]",list_table,0,שמואל וילוז'ני,שמואל_וילוז'ני
הדרך_לאילת,הדרך לאילת,2022,"דרמה,קומדיה","[{""name"": ""יונתן רוזנקיאר"", ""slug"": null}]",list_table,1,יואל רוזנקיאר,יואל_רוזנקיאר
הדרך_לאילת,הדרך לאילת,2022,"דרמה,קומדיה","[{""name"": ""יונתן רוזנקיאר"", ""slug"": null}]",list_table,2,אביבה נגוסה,אביבה_נגוסה
הדרך_לאילת,הדרך לאילת,2022,"דרמה,קומדיה","[{""name"": ""יונתן רוזנקיאר"", ""slug"": null}]",list_table,3,דובר קוסאשווילי,דובר_קוסאשווילי
הדרך_לאילת,הדרך לאילת,2022,"דרמה,קומדיה","[{""name"": ""יונתן רוזנקיאר"", ""slug"": null}]",list_table,4,אברהם סלקטר,אברהם_סלקטר
הדרך_לאילת,הדרך לאילת,2022,"דרמה,קומדיה","[{""name"": ""יונתן רוזנקיאר"", ""slug"": null}]",list_table,5,דניאל סבג,דניאל_סבג
הדרך_לאילת,הדרך לאילת,2022,"דרמה,קומדיה","[{""name"": ""יונתן רוזנקיאר"", ""slug"": null}]",list_table,6,מיכה רוזנקיאר,
הדרך_לאילת,הדרך לאילת,2022,"דרמה,קומדיה","[{""name"": ""יונתן רוזנקיאר"", ""slug"": null}]",list_table,7,רוי קרניאל,
שער_הפרחים_(סרט),שער הפרחים,2022,"דרמה,קומדיה","[{""name"": ""חיים בוזגלו"", ""slug"": null}]",list_table,0,אריק משעלי,אריק_משעלי
שער_הפרחים_(סרט),שער הפרחים,2022,"דרמה,קומדיה","[{""name"": ""חיים בוזגלו"", ""slug"": null}]",list_table,1,חיים זנאתי,חיים_זנאתי
שער_הפרחים_(סרט),שער הפרחים,2022,"דרמה,קומדיה","[{""name"": ""חיים בוזגלו"", ""slug"": null}]",list_table,2,ריימונד אמסלם,ריימונד_אמסלם
שער_הפרחים_(סרט),שער הפרחים,2022,"דרמה,קומדיה","[{""name"": ""חיים בוזגלו"", ""slug"": null}]",list_table,3,הילה סעדה,הילה_סעדה
שער_הפרחים_(סרט),שער הפרחים,2022,"דרמה,קומדיה","[{""name"": ""חיים בוזגלו"", ""slug"": null}]",list_table,4,אלברט אילוז,אלברט_אילוז
שער_הפרחים_(סרט),שער הפרחים,2022,"דרמה,קומדיה","[{""name"": ""חיים בוזגלו"", ""slug"": null}]",list_table,5,ישראל דמידוב,ישראל_דמידוב
שער_הפרחים_(סרט),שער הפרחים,2022,"דרמה,קומדיה","[{""name"": ""חיים בוזגלו"", ""slug"": null}]",list_table,6,זאב רווח,זאב_רווח
שער_הפרחים_(סרט),שער הפרחים,2022,"דרמה,קומדיה","[{""name"": ""חיים בוזגלו"", ""slug"": null}]",list_table,7,אנט כהן,
שער_הפרחים_(סרט),שער הפרחים,2022,"דרמה,קומדיה","[{""name"": ""חיים בוזגלו"", ""slug"": null}]",list_table,8,איציק זוהר,
שער_הפרחים_(סרט),שער הפרחים,2022,"דרמה,קומדיה","[{""name"": ""חיים בוזגלו"", ""slug"": null}]",list_table,9,מיטל פארן,
שער_הפרחים_(סרט),שער הפרחים,2022,"דרמה,קומדיה","[{""name"": ""חיים בוזגלו"", ""slug"": null}]",list_table,10,אקסל אזולאי,
שער_הפרחים_(סרט),שער הפרחים,2022,"דרמה,קומדיה","[{""name"": ""חיים בוזגלו"", ""slug"": null}]",list_table,11,איתי בוזגלו,
שער_הפרחים_(סרט),שער הפרחים,2022,"דרמה,קומדיה","[{""name"": ""חיים בוזגלו"", ""slug"": null}]",list_table,12,יוגב קינן,
שער_הפרחים_(סרט),שער הפרחים,2022,"דרמה,קומדיה","[{""name"": ""חיים בוזגלו"", ""slug"": null}]",list_table,13,ג'נט סבג,
שער_הפרחים_(סרט),שער הפרחים,2022,"דרמה,קומדיה","[{""name"": ""חיים בוזגלו"", ""slug"": null}]",list_table,14,אורלי טובלי פולק,
ולריה_מתחתנת,ולריה מתחתנת,2022,דרמה,"[{""name"": ""מיכל ויניק"", ""slug"": null}]",list_table,0,לנה פרייפלד,לנה_פרייפלד
ולריה_מתחתנת,ולריה מתחתנת,2022,דרמה,"[{""name"": ""מיכל ויניק"", ""slug"": null}]",list_table,1,דשה טבורוננוביץ',
ולריה_מתחתנת,ולריה מתחתנת,2022,דרמה,"[{""name"": ""מיכל ויניק"", ""slug"": null}]",list_table,2,יעקב זדה-דניאל,יעקב_זדה-דניאל
ולריה_מתחתנת,ולריה מתחתנת,2022,דרמה,"[{""name"": ""מיכל ויניק"", ""slug"": null}]",list_table,3,אברהם שלום לוי,אברהם_שלום_לוי
הפילגש,הפילגש,2022,דרמה,"[{""name"": ""מעין ריף"", ""slug"": null}]",list_table,0,דאנה איבגי,דאנה_איבגי
הפילגש,הפילגש,2022,דרמה,"[{""name"": ""מעין ריף"", ""slug"": null}]",list_table,1,אניה בוקשטיין,אניה_בוקשטיין
הפילגש,הפילגש,2022,דרמה,"[{""name"": ""מעין ריף"", ""slug"": null}]",list_table,2,עירית גדרון,
הפילגש,הפילגש,2022,דרמה,"[{""name"": ""מעין ריף"", ""slug"": null}]",list_table,3,איתמר רוטשילד,איתמר_רוטשילד
הפילגש,הפילגש,2022,דרמה,"[{""name"": ""מעין ריף"", ""slug"": null}]",list_table,4,יניב ביטון,יניב_ביטון
הפילגש,הפילגש,2022,דרמה,"[{""name"": ""מעין ריף"", ""slug"": null}]",list_table,5,ענת עצמון,ענת_עצמון
__title__:הנפש הטובה__2022,הנפש הטובה,2022,דרמה,"[{""name"": ""איתן ענר"", ""slug"": null}]",list_table,0,מורן רוזנבלט,מורן_רוזנבלט
__title__:הנפש הטובה__2022,הנפש הטובה,2022,דרמה,"[{""name"": ""איתן ענר"", ""slug"": null}]",list_table,1,רמי הויברגר,רמי_הויברגר
__title__:הנפש הטובה__2022,הנפש הטובה,2022,דרמה,"[{""name"": ""איתן ענר"", ""slug"": null}]",list_table,2,יעל טל,יעל_טל
__title__:הנפש הטובה__2022,הנפש הטובה,2022,דרמה,"[{""name"": ""איתן ענר"", ""slug"": null}]",list_table,3,אורי גוטליב,אורי_גוטליב
__title__:הנפש הטובה__2022,הנפש הטובה,2022,דרמה,"[{""name"": ""איתן ענר"", ""slug"": null}]",list_table,4,נילי צרויה,נילי_צרויה
__title__:הנפש הטובה__2022,הנפש הטובה,2022,דרמה,"[{""name"": ""איתן ענר"", ""slug"": null}]",list_table,5,ליה ברנט,
__title__:הנפש הטובה__2022,הנפש הטובה,2022,דרמה,"[{""name"": ""איתן ענר"", ""slug"": null}]",list_table,6,נאוה זיו,
אדמה_בוערת_(סרט_ישראלי),אדמה בוערת,2022,דרמה,"[{""name"": ""לירן שטרית"", ""slug"": null}]",list_table,0,אסף הרץ,אסף_הרץ
אדמה_בוערת_(סרט_ישראלי),אדמה בוערת,2022,דרמה,"[{""name"": ""לירן שטרית"", ""slug"": null}]",list_table,1,יעל לבנטל,יעל_לבנטל
אדמה_בוערת_(סרט_ישראלי),אדמה בוערת,2022,דרמה,"[{""name"": ""לירן שטרית"", ""slug"": null}]",list_table,2,נתי רביץ,נתי_רביץ
אדמה_בוערת_(סרט_ישראלי),אדמה בוערת,2022,דרמה,"[{""name"": ""לירן שטרית"", ""slug"": null}]",list_table,3,ריקי בליך,ריקי_בליך
__title__:מתחת לצל של השמש__2023,מתחת לצל של השמש,2023,דרמה,"[{""name"": ""שלום הגר"", ""slug"": null}]",list_table,0,נצנת מקונן,נצנת_מקונן
__title__:מתחת לצל של השמש__2023,מתחת לצל של השמש,2023,דרמה,"[{""name"": ""שלום הגר"", ""slug"": null}]",list_table,1,ערן איוניר,ערן_איוניר
__title__:מתחת לצל של השמש__2023,מתחת לצל של השמש,2023,דרמה,"[{""name"": ""שלום הגר"", ""slug"": null}]",list_table,2,אימוס איינו,
__title__:מתחת לצל של השמש__2023,מתחת לצל של השמש,2023,דרמה,"[{""name"": ""שלום הגר"", ""slug"": null}]",list_table,3,חנוך וובה,
__title__:מתחת לצל של השמש__2023,מתחת לצל של השמש,2023,דרמה,"[{""name"": ""שלום הגר"", ""slug"": null}]",list_table,4,טטנה כבדה אספה,
__title__:מתחת לצל של השמש__2023,מתחת לצל של השמש,2023,דרמה,"[{""name"": ""שלום הגר"", ""slug"": null}]",list_table,5,מאיר דסה,
__title__:מתחת לצל של השמש__2023,מתחת לצל של השמש,2023,דרמה,"[{""name"": ""שלום הגר"", ""slug"": null}]",list_table,6,אילן חזן,
__title__:צ'קאאוט__2023,צ'קאאוט,2023,"דרמה,מתח","[{""name"": ""יונתן דקל"", ""slug"": null}]",list_table,0,נורמן עיסא,נורמן_עיסא
__title__:צ'קאאוט__2023,צ'קאאוט,2023,"דרמה,מתח","[{""name"": ""יונתן דקל"", ""slug"": null}]",list_table,1,דר זוזובסקי,דר_זוזובסקי
__title__:צ'קאאוט__2023,צ'קאאוט,2023,"דרמה,מתח","[{""name"": ""יונתן דקל"", ""slug"": null}]",list_table,2,עוז זהבי,עוז_זהבי
__title__:צ'קאאוט__2023,צ'קאאוט,2023,"דרמה,מתח","[{""name"": ""יונתן דקל"", ""slug"": null}]",list_table,3,יעל שרוני,יעל_שרוני
__title__:צ'קאאוט__2023,צ'קאאוט,2023,"דרמה,מתח","[{""name"": ""יונתן דקל"", ""slug"": null}]",list_table,4,אקי אבני,אקי_אבני
__title__:צ'קאאוט__2023,צ'קאאוט,2023,"דרמה,מתח","[{""name"": ""יונתן דקל"", ""slug"": null}]",list_table,5,ג'וש פייס,
__title__:צ'קאאוט__2023,צ'קאאוט,2023,"דרמה,מתח","[{""name"": ""יונתן דקל"", ""slug"": null}]",list_table,6,ג'וליה סמסון,
__title__:צ'קאאוט__2023,צ'קאאוט,2023,"דרמה,מתח","[{""name"": ""יונתן דקל"", ""slug"": null}]",list_table,7,סרין סאנוסיאן,
__title__:צ'קאאוט__2023,צ'קאאוט,2023,"דרמה,מתח","[{""name"": ""יונתן דקל"", ""slug"": null}]",list_table,8,קתרינה ולסנקו,
החייל_הנעלם,החייל הנעלם,2023,דרמה,"[{""name"": ""דני רוזנברג"", ""slug"": null}]",list_table,0,עידו טאקו,עידו_טאקו
החייל_הנעלם,החייל הנעלם,2023,דרמה,"[{""name"": ""דני רוזנברג"", ""slug"": null}]",list_table,1,אפרת בן צור,אפרת_בן_צור
החייל_הנעלם,החייל הנעלם,2023,דרמה,"[{""name"": ""דני רוזנברג"", ""slug"": null}]",list_table,2,תיקי דיין,תיקי_דיין
החייל_הנעלם,החייל הנעלם,2023,דרמה,"[{""name"": ""דני רוזנברג"", ""slug"": null}]",list_table,3,מיקה רייס,
החייל_הנעלם,החייל הנעלם,2023,דרמה,"[{""name"": ""דני רוזנברג"", ""slug"": null}]",list_table,4,שמוליק כהן,
החייל_הנעלם,החייל הנעלם,2023,דרמה,"[{""name"": ""דני רוזנברג"", ""slug"": null}]",list_table,5,משה ויידר,
ההילולה,ההילולה,2023,קומדיה,"[{""name"": ""אריאל בנבג'י"", ""slug"": ""אריאל_בנבג'י""}, {""name"": ""שלום אסייג"", ""slug"": ""שלום_אסייג""}]",list_table,0,שלום אסייג,אוולין_הגואל
ההילולה,ההילולה,2023,קומדיה,"[{""name"": ""אריאל בנבג'י"", ""slug"": ""אריאל_בנבג'י""}, {""name"": ""שלום אסייג"", ""slug"": ""שלום_אסייג""}]",list_table,1,דניאל אסייג,דניאל_אסייג
ההילולה,ההילולה,2023,קומדיה,"[{""name"": ""אריאל בנבג'י"", ""slug"": ""אריאל_בנבג'י""}, {""name"": ""שלום אסייג"", ""slug"": ""שלום_אסייג""}]",list_table,2,אוולין הגואל,אוולין_הגואל
ההילולה,ההילולה,2023,קומדיה,"[{""name"": ""אריאל בנבג'י"", ""slug"": ""אריאל_בנבג'י""}, {""name"": ""שלום אסייג"", ""slug"": ""שלום_אסייג""}]",list_table,3,עפר שכטר,עפר_שכטר
ההילולה,ההילולה,2023,קומדיה,"[{""name"": ""אריאל בנבג'י"", ""slug"": ""אריאל_בנבג'י""}, {""name"": ""שלום אסייג"", ""slug"": ""שלום_אסייג""}]",list_table,4,שרלין חזיזה,שרלין_חזיזה
ההילולה,ההילולה,2023,קומדיה,"[{""name"": ""אריאל בנבג'י"", ""slug"": ""אריאל_בנבג'י""}, {""name"": ""שלום אסייג"", ""slug"": ""שלום_אסייג""}]",list_table,5,עדי אלון,עדי_אלון
ההילולה,ההילולה,2023,קומדיה,"[{""name"": ""אריאל בנבג'י"", ""slug"": ""אריאל_בנבג'י""}, {""name"": ""שלום אסייג"", ""slug"": ""שלום_אסייג""}]",list_table,6,שלומי קוריאט,שלומי_קוריאט
ההילולה,ההילולה,2023,קומדיה,"[{""name"": ""אריאל בנבג'י"", ""slug"": ""אריאל_בנבג'י""}, {""name"": ""שלום אסייג"", ""slug"": ""שלום_אסייג""}]",list_table,7,לינור אברג'יל,לינור_אברג'יל
ההילולה,ההילולה,2023,קומדיה,"[{""name"": ""אריאל בנבג'י"", ""slug"": ""אריאל_בנבג'י""}, {""name"": ""שלום אסייג"", ""slug"": ""שלום_אסייג""}]",list_table,8,צחי נוי,צחי_נוי
ההילולה,ההילולה,2023,קומדיה,"[{""name"": ""אריאל בנבג'י"", ""slug"": ""אריאל_בנבג'י""}, {""name"": ""שלום אסייג"", ""slug"": ""שלום_אסייג""}]",list_table,9,אריק משעלי,אריק_משעלי
ההילולה,ההילולה,2023,קומדיה,"[{""name"": ""אריאל בנבג'י"", ""slug"": ""אריאל_בנבג'י""}, {""name"": ""שלום אסייג"", ""slug"": ""שלום_אסייג""}]",list_table,10,חי דוידוב,חי_דוידוב
ההילולה,ההילולה,2023,קומדיה,"[{""name"": ""אריאל בנבג'י"", ""slug"": ""אריאל_בנבג'י""}, {""name"": ""שלום אסייג"", ""slug"": ""שלום_אסייג""}]",list_table,11,גרא סנדלר,גרא_סנדלר
ההילולה,ההילולה,2023,קומדיה,"[{""name"": ""אריאל בנבג'י"", ""slug"": ""אריאל_בנבג'י""}, {""name"": ""שלום אסייג"", ""slug"": ""שלום_אסייג""}]",list_table,12,הרצל טובי,הרצל_טובי
ההילולה,ההילולה,2023,קומדיה,"[{""name"": ""אריאל בנבג'י"", ""slug"": ""אריאל_בנבג'י""}, {""name"": ""שלום אסייג"", ""slug"": ""שלום_אסייג""}]",list_table,13,מוריס כהן,מוריס_כהן_(שחקן)
ההילולה,ההילולה,2023,קומדיה,"[{""name"": ""אריאל בנבג'י"", ""slug"": ""אריאל_בנבג'י""}, {""name"": ""שלום אסייג"", ""slug"": ""שלום_אסייג""}]",list_table,14,מוטי בן ישי,מוטי_בן_ישי
ההילולה,ההילולה,2023,קומדיה,"[{""name"": ""אריאל בנבג'י"", ""slug"": ""אריאל_בנבג'י""}, {""name"": ""שלום אסייג"", ""slug"": ""שלום_אסייג""}]",list_table,15,אלכסנדר סנדרוביץ',אלכסנדר_סנדרוביץ'
ההילולה,ההילולה,2023,קומדיה,"[{""name"": ""אריאל בנבג'י"", ""slug"": ""אריאל_בנבג'י""}, {""name"": ""שלום אסייג"", ""slug"": ""שלום_אסייג""}]",list_table,16,ירון לוי סבג,ירון_לוי_סבג
ההילולה,ההילולה,2023,קומדיה,"[{""name"": ""אריאל בנבג'י"", ""slug"": ""אריאל_בנבג'י""}, {""name"": ""שלום אסייג"", ""slug"": ""שלום_אסייג""}]",list_table,17,יגאל עדיקא,יגאל_עדיקא
ההילולה,ההילולה,2023,קומדיה,"[{""name"": ""אריאל בנבג'י"", ""slug"": ""אריאל_בנבג'י""}, {""name"": ""שלום אסייג"", ""slug"": ""שלום_אסייג""}]",list_table,18,יפה לוי,יפה_לוי
ההילולה,ההילולה,2023,קומדיה,"[{""name"": ""אריאל בנבג'י"", ""slug"": ""אריאל_בנבג'י""}, {""name"": ""שלום אסייג"", ""slug"": ""שלום_אסייג""}]",list_table,19,יוסי וידר,יוסי_וידר
ההילולה,ההילולה,2023,קומדיה,"[{""name"": ""אריאל בנבג'י"", ""slug"": ""אריאל_בנבג'י""}, {""name"": ""שלום אסייג"", ""slug"": ""שלום_אסייג""}]",list_table,20,דניאל סוויסה,דניאל_סוויסה
ההילולה,ההילולה,2023,קומדיה,"[{""name"": ""אריאל בנבג'י"", ""slug"": ""אריאל_בנבג'י""}, {""name"": ""שלום אסייג"", ""slug"": ""שלום_אסייג""}]",list_table,21,אוראל צברי,אוראל_צברי
שבע_ברכות_(סרט),שבע ברכות,2023,דרמה,"[{""name"": ""איילת מנחמי"", ""slug"": null}]",list_table,0,אלינור סלע,אלינור_סלע
שבע_ברכות_(סרט),שבע ברכות,2023,דרמה,"[{""name"": ""איילת מנחמי"", ""slug"": null}]",list_table,1,דניאל סבג,דניאל_סבג
שבע_ברכות_(סרט),שבע ברכות,2023,דרמה,"[{""name"": ""איילת מנחמי"", ""slug"": null}]",list_table,2,תיקי דיין,תיקי_דיין
שבע_ברכות_(סרט),שבע ברכות,2023,דרמה,"[{""name"": ""איילת מנחמי"", ""slug"": null}]",list_table,3,מורין אמור,מורין_אמור
שבע_ברכות_(סרט),שבע ברכות,2023,דרמה,"[{""name"": ""איילת מנחמי"", ""slug"": null}]",list_table,4,יואב לוי,יואב_לוי
שבע_ברכות_(סרט),שבע ברכות,2023,דרמה,"[{""name"": ""איילת מנחמי"", ""slug"": null}]",list_table,5,רבקה בכר,רבקה_בכר
שבע_ברכות_(סרט),שבע ברכות,2023,דרמה,"[{""name"": ""איילת מנחמי"", ""slug"": null}]",list_table,6,עידית טפרסון,עידית_טפרסון
שבע_ברכות_(סרט),שבע ברכות,2023,דרמה,"[{""name"": ""איילת מנחמי"", ""slug"": null}]",list_table,7,ערן מור,ערן_מור
שבע_ברכות_(סרט),שבע ברכות,2023,דרמה,"[{""name"": ""איילת מנחמי"", ""slug"": null}]",list_table,8,יעל לבנטל,יעל_לבנטל
העיר_הזאת_(סרט),העיר הזאת,2023,אופרת ראפ,"[{""name"": ""עמית אולמן"", ""slug"": null}]",list_table,0,מוריה אקונס,מוריה_אקונס
העיר_הזאת_(סרט),העיר הזאת,2023,אופרת ראפ,"[{""name"": ""עמית אולמן"", ""slug"": null}]",list_table,1,אלון נוימן,אלון_נוימן
העיר_הזאת_(סרט),העיר הזאת,2023,אופרת ראפ,"[{""name"": ""עמית אולמן"", ""slug"": null}]",list_table,2,עידן אלתרמן,עידן_אלתרמן
העיר_הזאת_(סרט),העיר הזאת,2023,אופרת ראפ,"[{""name"": ""עמית אולמן"", ""slug"": null}]",list_table,3,איציק פצצתי,איציק_פצצתי
העיר_הזאת_(סרט),העיר הזאת,2023,אופרת ראפ,"[{""name"": ""עמית אולמן"", ""slug"": null}]",list_table,4,טונה,טונה_(ראפר)
העיר_הזאת_(סרט),העיר הזאת,2023,אופרת ראפ,"[{""name"": ""עמית אולמן"", ""slug"": null}]",list_table,5,פלד,פלד_(ראפר)
העיר_הזאת_(סרט),העיר הזאת,2023,אופרת ראפ,"[{""name"": ""עמית אולמן"", ""slug"": null}]",list_table,6,אקו מורגנשטרן,אקו_(ראפרית)
העיר_הזאת_(סרט),העיר הזאת,2023,אופרת ראפ,"[{""name"": ""עמית אולמן"", ""slug"": null}]",list_table,7,סימה ברמי,סימה_ברמי
העיר_הזאת_(סרט),העיר הזאת,2023,אופרת ראפ,"[{""name"": ""עמית אולמן"", ""slug"": null}]",list_table,8,טל טירנגל,טל_טירנגל
העיר_הזאת_(סרט),העיר הזאת,2023,אופרת ראפ,"[{""name"": ""עמית אולמן"", ""slug"": null}]",list_table,9,עמית אולמן,
העיר_הזאת_(סרט),העיר הזאת,2023,אופרת ראפ,"[{""name"": ""עמית אולמן"", ""slug"": null}]",list_table,10,עומר הברון,
העיר_הזאת_(סרט),העיר הזאת,2023,אופרת ראפ,"[{""name"": ""עמית אולמן"", ""slug"": null}]",list_table,11,ראובן טדורס,
__title__:דבי הייתה פה__2023,דבי הייתה פה,2023,דרמה,"[{""name"": ""דנה גולדברג"", ""slug"": null}]",list_table,0,איילת מרגלית,איילת_מרגלית
__title__:דבי הייתה פה__2023,דבי הייתה פה,2023,דרמה,"[{""name"": ""דנה גולדברג"", ""slug"": null}]",list_table,1,כרמית מסילתי,כרמית_מסילתי
__title__:דבי הייתה פה__2023,דבי הייתה פה,2023,דרמה,"[{""name"": ""דנה גולדברג"", ""slug"": null}]",list_table,2,חווה לוי רוזלסקי,חווה_לוי_רוזלסקי
__title__:דבי הייתה פה__2023,דבי הייתה פה,2023,דרמה,"[{""name"": ""דנה גולדברג"", ""slug"": null}]",list_table,3,נדיה קוצ'ר,נדיה_קוצ'ר
__title__:דבי הייתה פה__2023,דבי הייתה פה,2023,דרמה,"[{""name"": ""דנה גולדברג"", ""slug"": null}]",list_table,4,לני כהן,לני_כהן
__title__:דבי הייתה פה__2023,דבי הייתה פה,2023,דרמה,"[{""name"": ""דנה גולדברג"", ""slug"": null}]",list_table,5,בני אבני,בני_אבני
__title__:דבי הייתה פה__2023,דבי הייתה פה,2023,דרמה,"[{""name"": ""דנה גולדברג"", ""slug"": null}]",list_table,6,יפה תוסיה כהן,יפה_תוסיה_כהן
__title__:דבי הייתה פה__2023,דבי הייתה פה,2023,דרמה,"[{""name"": ""דנה גולדברג"", ""slug"": null}]",list_table,7,דקר אלבז,
__title__:דבי הייתה פה__2023,דבי הייתה פה,2023,דרמה,"[{""name"": ""דנה גולדברג"", ""slug"": null}]",list_table,8,הילה קפלן,
__title__:דבי הייתה פה__2023,דבי הייתה פה,2023,דרמה,"[{""name"": ""דנה גולדברג"", ""slug"": null}]",list_table,9,ג'רמי פינטו,
__title__:דבי הייתה פה__2023,דבי הייתה פה,2023,דרמה,"[{""name"": ""דנה גולדברג"", ""slug"": null}]",list_table,10,דייוויד ששוני,
"תמונות_יפואיות_(סרט,_2024)",תמונות יפואיות,2024,"פשע,קומדיה","[{""name"": ""אריק לובצקי"", ""slug"": ""אריק_לובצקי""}, {""name"": ""מתי הררי"", ""slug"": ""מתי_הררי_(יוצר)""}]",list_table,0,אורי גבריאל,אורי_גבריאל
"תמונות_יפואיות_(סרט,_2024)",תמונות יפואיות,2024,"פשע,קומדיה","[{""name"": ""אריק לובצקי"", ""slug"": ""אריק_לובצקי""}, {""name"": ""מתי הררי"", ""slug"": ""מתי_הררי_(יוצר)""}]",list_table,1,מוטי בן ישי,מוטי_בן_ישי
"תמונות_יפואיות_(סרט,_2024)",תמונות יפואיות,2024,"פשע,קומדיה","[{""name"": ""אריק לובצקי"", ""slug"": ""אריק_לובצקי""}, {""name"": ""מתי הררי"", ""slug"": ""מתי_הררי_(יוצר)""}]",list_table,2,ישראל אטיאס,ישראל_אטיאס
"תמונות_יפואיות_(סרט,_2024)",תמונות יפואיות,2024,"פשע,קומדיה","[{""name"": ""אריק לובצקי"", ""slug"": ""אריק_לובצקי""}, {""name"": ""מתי הררי"", ""slug"": ""מתי_הררי_(יוצר)""}]",list_table,3,יגאל עדיקא,יגאל_עדיקא
"תמונות_יפואיות_(סרט,_2024)",תמונות יפואיות,2024,"פשע,קומדיה","[{""name"": ""אריק לובצקי"", ""slug"": ""אריק_לובצקי""}, {""name"": ""מתי הררי"", ""slug"": ""מתי_הררי_(יוצר)""}]",list_table,4,אוראל צברי,אוראל_צברי
"תמונות_יפואיות_(סרט,_2024)",תמונות יפואיות,2024,"פשע,קומדיה","[{""name"": ""אריק לובצקי"", ""slug"": ""אריק_לובצקי""}, {""name"": ""מתי הררי"", ""slug"": ""מתי_הררי_(יוצר)""}]",list_table,5,שלומי קוריאט,שלומי_קוריאט
"תמונות_יפואיות_(סרט,_2024)",תמונות יפואיות,2024,"פשע,קומדיה","[{""name"": ""אריק לובצקי"", ""slug"": ""אריק_לובצקי""}, {""name"": ""מתי הררי"", ""slug"": ""מתי_הררי_(יוצר)""}]",list_table,6,ג'וליה מסלאווי,ג'וליה_מסלאווי
"תמונות_יפואיות_(סרט,_2024)",תמונות יפואיות,2024,"פשע,קומדיה","[{""name"": ""אריק לובצקי"", ""slug"": ""אריק_לובצקי""}, {""name"": ""מתי הררי"", ""slug"": ""מתי_הררי_(יוצר)""}]",list_table,7,גבי דן,גבי_דן
"תמונות_יפואיות_(סרט,_2024)",תמונות יפואיות,2024,"פשע,קומדיה","[{""name"": ""אריק לובצקי"", ""slug"": ""אריק_לובצקי""}, {""name"": ""מתי הררי"", ""slug"": ""מתי_הררי_(יוצר)""}]",list_table,8,עודד מנסטר,עודד_מנסטר
"תמונות_יפואיות_(סרט,_2024)",תמונות יפואיות,2024,"פשע,קומדיה","[{""name"": ""אריק לובצקי"", ""slug"": ""אריק_לובצקי""}, {""name"": ""מתי הררי"", ""slug"": ""מתי_הררי_(יוצר)""}]",list_table,9,אסתי זקהיים,אסתי_זקהיים
"תמונות_יפואיות_(סרט,_2024)",תמונות יפואיות,2024,"פשע,קומדיה","[{""name"": ""אריק לובצקי"", ""slug"": ""אריק_לובצקי""}, {""name"": ""מתי הררי"", ""slug"": ""מתי_הררי_(יוצר)""}]",list_table,10,ליאת אקטע,ליאת_אקטע
"תמונות_יפואיות_(סרט,_2024)",תמונות יפואיות,2024,"פשע,קומדיה","[{""name"": ""אריק לובצקי"", ""slug"": ""אריק_לובצקי""}, {""name"": ""מתי הררי"", ""slug"": ""מתי_הררי_(יוצר)""}]",list_table,11,דקל וקנין,
"תמונות_יפואיות_(סרט,_2024)",תמונות יפואיות,2024,"פשע,קומדיה","[{""name"": ""אריק לובצקי"", ""slug"": ""אריק_לובצקי""}, {""name"": ""מתי הררי"", ""slug"": ""מתי_הררי_(יוצר)""}]",list_table,12,צ'ינו אלמיזרק,
"תמונות_יפואיות_(סרט,_2024)",תמונות יפואיות,2024,"פשע,קומדיה","[{""name"": ""אריק לובצקי"", ""slug"": ""אריק_לובצקי""}, {""name"": ""מתי הררי"", ""slug"": ""מתי_הררי_(יוצר)""}]",list_table,13,אלמוג רוזנו,
מרוסקים:_גולסטאר_הסרט,מרוסקים: גולסטאר הסרט,2024,קומדיה,"[{""name"": ""אמיל בן שמעון"", ""slug"": ""אמיל_בן_שמעון""}]",list_table,0,שייע פייגנבוים,שייע_פייגנבוים
מרוסקים:_גולסטאר_הסרט,מרוסקים: גולסטאר הסרט,2024,קומדיה,"[{""name"": ""אמיל בן שמעון"", ""slug"": ""אמיל_בן_שמעון""}]",list_table,1,ירון ברלד,ירון_ברלד
מרוסקים:_גולסטאר_הסרט,מרוסקים: גולסטאר הסרט,2024,קומדיה,"[{""name"": ""אמיל בן שמעון"", ""slug"": ""אמיל_בן_שמעון""}]",list_table,2,ג'ובאני רוסו,ג'ובאני_רוסו
מרוסקים:_גולסטאר_הסרט,מרוסקים: גולסטאר הסרט,2024,קומדיה,"[{""name"": ""אמיל בן שמעון"", ""slug"": ""אמיל_בן_שמעון""}]",list_table,3,דין מירושניקוב,דין_מירושניקוב
מרוסקים:_גולסטאר_הסרט,מרוסקים: גולסטאר הסרט,2024,קומדיה,"[{""name"": ""אמיל בן שמעון"", ""slug"": ""אמיל_בן_שמעון""}]",list_table,4,רז זהבי,רז_זהבי
מרוסקים:_גולסטאר_הסרט,מרוסקים: גולסטאר הסרט,2024,קומדיה,"[{""name"": ""אמיל בן שמעון"", ""slug"": ""אמיל_בן_שמעון""}]",list_table,5,זהר ליבה,זהר_ליבה
מרוסקים:_גולסטאר_הסרט,מרוסקים: גולסטאר הסרט,2024,קומדיה,"[{""name"": ""אמיל בן שמעון"", ""slug"": ""אמיל_בן_שמעון""}]",list_table,6,ניר לוי,ניר_לוי
מרוסקים:_גולסטאר_הסרט,מרוסקים: גולסטאר הסרט,2024,קומדיה,"[{""name"": ""אמיל בן שמעון"", ""slug"": ""אמיל_בן_שמעון""}]",list_table,7,אלעד צפני,אלעד_צפני
מרוסקים:_גולסטאר_הסרט,מרוסקים: גולסטאר הסרט,2024,קומדיה,"[{""name"": ""אמיל בן שמעון"", ""slug"": ""אמיל_בן_שמעון""}]",list_table,8,אורי ברויר,אורי_ברויר
מרוסקים:_גולסטאר_הסרט,מרוסקים: גולסטאר הסרט,2024,קומדיה,"[{""name"": ""אמיל בן שמעון"", ""slug"": ""אמיל_בן_שמעון""}]",list_table,9,ליאם גולן,
מרוסקים:_גולסטאר_הסרט,מרוסקים: גולסטאר הסרט,2024,קומדיה,"[{""name"": ""אמיל בן שמעון"", ""slug"": ""אמיל_בן_שמעון""}]",list_table,10,אביבה נגוסה,אביבה_נגוסה
מרוסקים:_גולסטאר_הסרט,מרוסקים: גולסטאר הסרט,2024,קומדיה,"[{""name"": ""אמיל בן שמעון"", ""slug"": ""אמיל_בן_שמעון""}]",list_table,11,פרפילאב מונגוזה,
מרוסקים:_גולסטאר_הסרט,מרוסקים: גולסטאר הסרט,2024,קומדיה,"[{""name"": ""אמיל בן שמעון"", ""slug"": ""אמיל_בן_שמעון""}]",list_table,12,קובי סויסה,
מרוסקים:_גולסטאר_הסרט,מרוסקים: גולסטאר הסרט,2024,קומדיה,"[{""name"": ""אמיל בן שמעון"", ""slug"": ""אמיל_בן_שמעון""}]",list_table,13,חיים שועי,
מרוסקים:_גולסטאר_הסרט,מרוסקים: גולסטאר הסרט,2024,קומדיה,"[{""name"": ""אמיל בן שמעון"", ""slug"": ""אמיל_בן_שמעון""}]",list_table,14,.,
מזל_חתולה,מזל חתולה,2024,קומדיה,"[{""name"": ""חנן סביון"", ""slug"": null}, {""name"": ""גיא עמיר"", ""slug"": null}]",list_table,0,חנן סביון,חנן_סביון
מזל_חתולה,מזל חתולה,2024,קומדיה,"[{""name"": ""חנן סביון"", ""slug"": null}, {""name"": ""גיא עמיר"", ""slug"": null}]",list_table,1,גיא עמיר,גיא_עמיר
מזל_חתולה,מזל חתולה,2024,קומדיה,"[{""name"": ""חנן סביון"", ""slug"": null}, {""name"": ""גיא עמיר"", ""slug"": null}]",list_table,2,מלי לוי,מלי_לוי
מזל_חתולה,מזל חתולה,2024,קומדיה,"[{""name"": ""חנן סביון"", ""slug"": null}, {""name"": ""גיא עמיר"", ""slug"": null}]",list_table,3,צחי הלוי,צחי_הלוי
מזל_חתולה,מזל חתולה,2024,קומדיה,"[{""name"": ""חנן סביון"", ""slug"": null}, {""name"": ""גיא עמיר"", ""slug"": null}]",list_table,4,רותם אבוהב,רותם_אבוהב
מזל_חתולה,מזל חתולה,2024,קומדיה,"[{""name"": ""חנן סביון"", ""slug"": null}, {""name"": ""גיא עמיר"", ""slug"": null}]",list_table,5,ליאור אשכנזי,ליאור_אשכנזי
מזל_חתולה,מזל חתולה,2024,קומדיה,"[{""name"": ""חנן סביון"", ""slug"": null}, {""name"": ""גיא עמיר"", ""slug"": null}]",list_table,6,יוסי מרשק,יוסי_מרשק
מזל_חתולה,מזל חתולה,2024,קומדיה,"[{""name"": ""חנן סביון"", ""slug"": null}, {""name"": ""גיא עמיר"", ""slug"": null}]",list_table,7,לבנה פינקלשטיין,לבנה_פינקלשטיין
מזל_חתולה,מזל חתולה,2024,קומדיה,"[{""name"": ""חנן סביון"", ""slug"": null}, {""name"": ""גיא עמיר"", ""slug"": null}]",list_table,8,אורי הוכמן,אורי_הוכמן
בחורים_טובים_2,בחורים טובים 2,2024,דרמה קומית,"[{""name"": ""ארז תדמור"", ""slug"": ""ארז_תדמור_(במאי_קולנוע)""}]",list_table,0,מאור שוויצר,מאור_שוויצר
בחורים_טובים_2,בחורים טובים 2,2024,דרמה קומית,"[{""name"": ""ארז תדמור"", ""slug"": ""ארז_תדמור_(במאי_קולנוע)""}]",list_table,1,עומר נודלמן,עומר_נודלמן
בחורים_טובים_2,בחורים טובים 2,2024,דרמה קומית,"[{""name"": ""ארז תדמור"", ""slug"": ""ארז_תדמור_(במאי_קולנוע)""}]",list_table,2,ניב סולטן,ניב_סולטן
בחורים_טובים_2,בחורים טובים 2,2024,דרמה קומית,"[{""name"": ""ארז תדמור"", ""slug"": ""ארז_תדמור_(במאי_קולנוע)""}]",list_table,3,עירית קפלן,עירית_קפלן
בחורים_טובים_2,בחורים טובים 2,2024,דרמה קומית,"[{""name"": ""ארז תדמור"", ""slug"": ""ארז_תדמור_(במאי_קולנוע)""}]",list_table,4,יקי רייסנר,יקי_רייסנר
בחורים_טובים_2,בחורים טובים 2,2024,דרמה קומית,"[{""name"": ""ארז תדמור"", ""slug"": ""ארז_תדמור_(במאי_קולנוע)""}]",list_table,5,עמית מורשת,עמית_מורשת
בחורים_טובים_2,בחורים טובים 2,2024,דרמה קומית,"[{""name"": ""ארז תדמור"", ""slug"": ""ארז_תדמור_(במאי_קולנוע)""}]",list_table,6,עמית רהב,עמית_רהב
בחורים_טובים_2,בחורים טובים 2,2024,דרמה קומית,"[{""name"": ""ארז תדמור"", ""slug"": ""ארז_תדמור_(במאי_קולנוע)""}]",list_table,7,ליאנה עיון,ליאנה_עיון
בחורים_טובים_2,בחורים טובים 2,2024,דרמה קומית,"[{""name"": ""ארז תדמור"", ""slug"": ""ארז_תדמור_(במאי_קולנוע)""}]",list_table,8,גיא לואל,גיא_לואל
בחורים_טובים_2,בחורים טובים 2,2024,דרמה קומית,"[{""name"": ""ארז תדמור"", ""slug"": ""ארז_תדמור_(במאי_קולנוע)""}]",list_table,9,נטע שפיגלמן,נטע_שפיגלמן
בחורים_טובים_2,בחורים טובים 2,2024,דרמה קומית,"[{""name"": ""ארז תדמור"", ""slug"": ""ארז_תדמור_(במאי_קולנוע)""}]",list_table,10,רועי אסף,רועי_אסף
בחורים_טובים_2,בחורים טובים 2,2024,דרמה קומית,"[{""name"": ""ארז תדמור"", ""slug"": ""ארז_תדמור_(במאי_קולנוע)""}]",list_table,11,ריימונד אמסלם,ריימונד_אמסלם
בחורים_טובים_2,בחורים טובים 2,2024,דרמה קומית,"[{""name"": ""ארז תדמור"", ""slug"": ""ארז_תדמור_(במאי_קולנוע)""}]",list_table,12,נועם אימבר,נועם_אימבר
בחורים_טובים_2,בחורים טובים 2,2024,דרמה קומית,"[{""name"": ""ארז תדמור"", ""slug"": ""ארז_תדמור_(במאי_קולנוע)""}]",list_table,13,יואב רוטמן,יואב_רוטמן
בחורים_טובים_2,בחורים טובים 2,2024,דרמה קומית,"[{""name"": ""ארז תדמור"", ""slug"": ""ארז_תדמור_(במאי_קולנוע)""}]",list_table,14,שראל פיטרמן,שראל_פיטרמן
כיסופים_(סרט),כיסופים,2024,דרמה,"[{""name"": ""קרן נחמד"", ""slug"": null}]",list_table,0,סוול אריאל אור,סוול_אריאל_אור
כיסופים_(סרט),כיסופים,2024,דרמה,"[{""name"": ""קרן נחמד"", ""slug"": null}]",list_table,1,יהונתן וילוז'ני,יהונתן_וילוז'ני
כיסופים_(סרט),כיסופים,2024,דרמה,"[{""name"": ""קרן נחמד"", ""slug"": null}]",list_table,2,אדם גבאי,אדם_גבאי
כיסופים_(סרט),כיסופים,2024,דרמה,"[{""name"": ""קרן נחמד"", ""slug"": null}]",list_table,3,מילי עשת,מילי_עשת
כיסופים_(סרט),כיסופים,2024,דרמה,"[{""name"": ""קרן נחמד"", ""slug"": null}]",list_table,4,ארז עובד,ארז_עובד
כיסופים_(סרט),כיסופים,2024,דרמה,"[{""name"": ""קרן נחמד"", ""slug"": null}]",list_table,5,ליר כץ,ליר_כץ
כיסופים_(סרט),כיסופים,2024,דרמה,"[{""name"": ""קרן נחמד"", ""slug"": null}]",list_table,6,תמיר גינזבורג,תמיר_גינזבורג
כיסופים_(סרט),כיסופים,2024,דרמה,"[{""name"": ""קרן נחמד"", ""slug"": null}]",list_table,7,עפר גרינברג,
חמדה_(סרט),חמדה,2024,דרמה,"[{""name"": ""שמי זרחין"", ""slug"": null}]",list_table,0,ששון גבאי,ששון_גבאי
חמדה_(סרט),חמדה,2024,דרמה,"[{""name"": ""שמי זרחין"", ""slug"": null}]",list_table,1,אסי לוי,אסי_לוי
חמדה_(סרט),חמדה,2024,דרמה,"[{""name"": ""שמי זרחין"", ""slug"": null}]",list_table,2,מאור לוי,מאור_לוי_(שחקן)
חמדה_(סרט),חמדה,2024,דרמה,"[{""name"": ""שמי זרחין"", ""slug"": null}]",list_table,3,ליטל שוורץ,ליטל_שוורץ
חמדה_(סרט),חמדה,2024,דרמה,"[{""name"": ""שמי זרחין"", ""slug"": null}]",list_table,4,רועי אסף,רועי_אסף
חמדה_(סרט),חמדה,2024,דרמה,"[{""name"": ""שמי זרחין"", ""slug"": null}]",list_table,5,עדי אלון,עדי_אלון
חמדה_(סרט),חמדה,2024,דרמה,"[{""name"": ""שמי זרחין"", ""slug"": null}]",list_table,6,לבנה פינקלשטיין,לבנה_פינקלשטיין
חמדה_(סרט),חמדה,2024,דרמה,"[{""name"": ""שמי זרחין"", ""slug"": null}]",list_table,7,שאדי מרעי,שאדי_מרעי
בנות_כמונו,בנות כמונו,2024,דרמה,"[{""name"": ""לי גילת"", ""slug"": ""לי_גילת""}]",list_table,0,יעקב זדה-דניאל,יעקב_זדה-דניאל
בנות_כמונו,בנות כמונו,2024,דרמה,"[{""name"": ""לי גילת"", ""slug"": ""לי_גילת""}]",list_table,1,בת אל מוסרי,בת_אל_מוסרי
בנות_כמונו,בנות כמונו,2024,דרמה,"[{""name"": ""לי גילת"", ""slug"": ""לי_גילת""}]",list_table,2,היאלי יוסף זאדה,
בנות_כמונו,בנות כמונו,2024,דרמה,"[{""name"": ""לי גילת"", ""slug"": ""לי_גילת""}]",list_table,3,הדר דרור,
קרוב_אלי,קרוב אלי,2024,דרמה,"[{""name"": ""תום נשר"", ""slug"": null}]",list_table,0,ליה אללוף,ליה_אללוף
קרוב_אלי,קרוב אלי,2024,דרמה,"[{""name"": ""תום נשר"", ""slug"": null}]",list_table,1,דריה רוזן,דריה_רוזן
קרוב_אלי,קרוב אלי,2024,דרמה,"[{""name"": ""תום נשר"", ""slug"": null}]",list_table,2,עידו טאקו,עידו_טאקו
קרוב_אלי,קרוב אלי,2024,דרמה,"[{""name"": ""תום נשר"", ""slug"": null}]",list_table,3,נטע גרטי,נטע_גרטי
קרוב_אלי,קרוב אלי,2024,דרמה,"[{""name"": ""תום נשר"", ""slug"": null}]",list_table,4,יעקב זדה-דניאל,יעקב_זדה-דניאל
קרוב_אלי,קרוב אלי,2024,דרמה,"[{""name"": ""תום נשר"", ""slug"": null}]",list_table,5,אופק פסח,אופק_פסח
"בית_(סרט,_2023)",בית,2024,דרמה,"[{""name"": ""בני פרדמן"", ""slug"": null}]",list_table,0,רועי ניק,רועי_ניק
"בית_(סרט,_2023)",בית,2024,דרמה,"[{""name"": ""בני פרדמן"", ""slug"": null}]",list_table,1,ירדן תוסייה כהן,ירדן_תוסייה_כהן
"בית_(סרט,_2023)",בית,2024,דרמה,"[{""name"": ""בני פרדמן"", ""slug"": null}]",list_table,2,רמי ברוך,רמי_ברוך
"בית_(סרט,_2023)",בית,2024,דרמה,"[{""name"": ""בני פרדמן"", ""slug"": null}]",list_table,3,ניב מג'ר,ניב_מג'ר
"בית_(סרט,_2023)",בית,2024,דרמה,"[{""name"": ""בני פרדמן"", ""slug"": null}]",list_table,4,דרור קרן,דרור_קרן
"בית_(סרט,_2023)",בית,2024,דרמה,"[{""name"": ""בני פרדמן"", ""slug"": null}]",list_table,5,רועי ויינברג,רועי_ויינברג
"בית_(סרט,_2023)",בית,2024,דרמה,"[{""name"": ""בני פרדמן"", ""slug"": null}]",list_table,6,אסתי קוסוביצקי,אסתי_קוסוביצקי
"בית_(סרט,_2023)",בית,2024,דרמה,"[{""name"": ""בני פרדמן"", ""slug"": null}]",list_table,7,ריקי בליך,ריקי_בליך
המנצחים_(סרט),המנצחים,2024,דרמה מוזיקלית,"[{""name"": ""אלירן פלד"", ""slug"": null}]",list_table,0,דניאל ליטמן,דניאל_ליטמן
המנצחים_(סרט),המנצחים,2024,דרמה מוזיקלית,"[{""name"": ""אלירן פלד"", ""slug"": null}]",list_table,1,עמית פרקש,עמית_פרקש
המנצחים_(סרט),המנצחים,2024,דרמה מוזיקלית,"[{""name"": ""אלירן פלד"", ""slug"": null}]",list_table,2,ידין גלמן,ידין_גלמן
המנצחים_(סרט),המנצחים,2024,דרמה מוזיקלית,"[{""name"": ""אלירן פלד"", ""slug"": null}]",list_table,3,יעל שטולמן,יעל_שטולמן
המנצחים_(סרט),המנצחים,2024,דרמה מוזיקלית,"[{""name"": ""אלירן פלד"", ""slug"": null}]",list_table,4,דור הררי,דור_הררי
המנצחים_(סרט),המנצחים,2024,דרמה מוזיקלית,"[{""name"": ""אלירן פלד"", ""slug"": null}]",list_table,5,יואב רוטמן,יואב_רוטמן
המנצחים_(סרט),המנצחים,2024,דרמה מוזיקלית,"[{""name"": ""אלירן פלד"", ""slug"": null}]",list_table,6,אורנה כץ,אורנה_כץ
המנצחים_(סרט),המנצחים,2024,דרמה מוזיקלית,"[{""name"": ""אלירן פלד"", ""slug"": null}]",list_table,7,יותם קושניר,יותם_קושניר
המנצחים_(סרט),המנצחים,2024,דרמה מוזיקלית,"[{""name"": ""אלירן פלד"", ""slug"": null}]",list_table,8,נועם שנהב,
המנצחים_(סרט),המנצחים,2024,דרמה מוזיקלית,"[{""name"": ""אלירן פלד"", ""slug"": null}]",list_table,9,גיל וייס,גיל_וייס
המנצחים_(סרט),המנצחים,2024,דרמה מוזיקלית,"[{""name"": ""אלירן פלד"", ""slug"": null}]",list_table,10,יון תומרקין,יון_תומרקין
המנצחים_(סרט),המנצחים,2024,דרמה מוזיקלית,"[{""name"": ""אלירן פלד"", ""slug"": null}]",list_table,11,שרון אלכסנדר,שרון_אלכסנדר
המנצחים_(סרט),המנצחים,2024,דרמה מוזיקלית,"[{""name"": ""אלירן פלד"", ""slug"": null}]",list_table,12,יפה לוי,יפה_לוי
המנצחים_(סרט),המנצחים,2024,דרמה מוזיקלית,"[{""name"": ""אלירן פלד"", ""slug"": null}]",list_table,13,ספיר יוסף,
המנצחים_(סרט),המנצחים,2024,דרמה מוזיקלית,"[{""name"": ""אלירן פלד"", ""slug"": null}]",list_table,14,אודי קנבל,
המנצחים_(סרט),המנצחים,2024,דרמה מוזיקלית,"[{""name"": ""אלירן פלד"", ""slug"": null}]",list_table,15,רותם קינן,רותם_קינן
פינק_ליידי,פינק ליידי,2024,דרמה,"[{""name"": ""ניר ברגמן"", ""slug"": ""ניר_ברגמן""}]",list_table,0,נור פיבק,
פינק_ליידי,פינק ליידי,2024,דרמה,"[{""name"": ""ניר ברגמן"", ""slug"": ""ניר_ברגמן""}]",list_table,1,אורי בלופרב,אורי_בלופרב
פינק_ליידי,פינק ליידי,2024,דרמה,"[{""name"": ""ניר ברגמן"", ""slug"": ""ניר_ברגמן""}]",list_table,2,שרה פון שוורצה,שרה_פון_שוורצה
פינק_ליידי,פינק ליידי,2024,דרמה,"[{""name"": ""ניר ברגמן"", ""slug"": ""ניר_ברגמן""}]",list_table,3,גל מלכה,גל_מלכה_(שחקנית)
פינק_ליידי,פינק ליידי,2024,דרמה,"[{""name"": ""ניר ברגמן"", ""slug"": ""ניר_ברגמן""}]",list_table,4,מיכל ויינברג,מיכל_ויינברג
פינק_ליידי,פינק ליידי,2024,דרמה,"[{""name"": ""ניר ברגמן"", ""slug"": ""ניר_ברגמן""}]",list_table,5,רומי אבירם,רומי_אבירם
פינק_ליידי,פינק ליידי,2024,דרמה,"[{""name"": ""ניר ברגמן"", ""slug"": ""ניר_ברגמן""}]",list_table,6,גור יערי,
פינק_ליידי,פינק ליידי,2024,דרמה,"[{""name"": ""ניר ברגמן"", ""slug"": ""ניר_ברגמן""}]",list_table,7,שרון בראדלי,
__title__:יום באמסטרדם__2024,יום באמסטרדם,2024,"דרמה,קומדיה","[{""name"": ""רוני קידר"", ""slug"": null}]",list_table,0,נעמה אמית,נעמה_אמית
__title__:יום באמסטרדם__2024,יום באמסטרדם,2024,"דרמה,קומדיה","[{""name"": ""רוני קידר"", ""slug"": null}]",list_table,1,יותם ישי,יותם_ישי
__title__:יום באמסטרדם__2024,יום באמסטרדם,2024,"דרמה,קומדיה","[{""name"": ""רוני קידר"", ""slug"": null}]",list_table,2,נל ברלו,
__title__:יום באמסטרדם__2024,יום באמסטרדם,2024,"דרמה,קומדיה","[{""name"": ""רוני קידר"", ""slug"": null}]",list_table,3,ניתאי גבירץ,
__title__:יום באמסטרדם__2024,יום באמסטרדם,2024,"דרמה,קומדיה","[{""name"": ""רוני קידר"", ""slug"": null}]",list_table,4,ג'ו סינדויג'ה,
לא_יום_ולא_לילה,לא יום ולא לילה,2024,דרמה,"[{""name"": ""פנחס וויה"", ""slug"": null}]",list_table,0,אדם חתוכה פלד,
לא_יום_ולא_לילה,לא יום ולא לילה,2024,דרמה,"[{""name"": ""פנחס וויה"", ""slug"": null}]",list_table,1,מעין ערמני,
לא_יום_ולא_לילה,לא יום ולא לילה,2024,דרמה,"[{""name"": ""פנחס וויה"", ""slug"": null}]",list_table,2,שמואל וילוז'ני,שמואל_וילוז'ני
לא_יום_ולא_לילה,לא יום ולא לילה,2024,דרמה,"[{""name"": ""פנחס וויה"", ""slug"": null}]",list_table,3,דורית לב-ארי,דורית_לב-ארי
לא_יום_ולא_לילה,לא יום ולא לילה,2024,דרמה,"[{""name"": ""פנחס וויה"", ""slug"": null}]",list_table,4,אלי מנשה,
לא_יום_ולא_לילה,לא יום ולא לילה,2024,דרמה,"[{""name"": ""פנחס וויה"", ""slug"": null}]",list_table,5,מאיה כהן,
חלב_(סרט),חלב,2024,דרמה,"[{""name"": ""מאיה קינג"", ""slug"": null}]",list_table,0,הילה רוח,הילה_רוח
חלב_(סרט),חלב,2024,דרמה,"[{""name"": ""מאיה קינג"", ""slug"": null}]",list_table,1,הדס ירון,הדס_ירון
חלב_(סרט),חלב,2024,דרמה,"[{""name"": ""מאיה קינג"", ""slug"": null}]",list_table,2,טלי שרון,טלי_שרון
חלב_(סרט),חלב,2024,דרמה,"[{""name"": ""מאיה קינג"", ""slug"": null}]",list_table,3,קוסטה קפלן,
חלב_(סרט),חלב,2024,דרמה,"[{""name"": ""מאיה קינג"", ""slug"": null}]",list_table,4,עומר ברנע,עומר_ברנע
חלב_(סרט),חלב,2024,דרמה,"[{""name"": ""מאיה קינג"", ""slug"": null}]",list_table,5,טליה ברטפלד,טליה_ברטפלד
חלב_(סרט),חלב,2024,דרמה,"[{""name"": ""מאיה קינג"", ""slug"": null}]",list_table,6,מעיין תורג'מן,
חלב_(סרט),חלב,2024,דרמה,"[{""name"": ""מאיה קינג"", ""slug"": null}]",list_table,7,סימור דניאל,
חלב_(סרט),חלב,2024,דרמה,"[{""name"": ""מאיה קינג"", ""slug"": null}]",list_table,8,יבגני מוליבוגה,
כביש_הסרגל_(סרט),כביש הסרגל,2024,"דרמה, מתח","[{""name"": ""מיה דרייפוס"", ""slug"": null}]",list_table,0,טלי שרון,טלי_שרון
כביש_הסרגל_(סרט),כביש הסרגל,2024,"דרמה, מתח","[{""name"": ""מיה דרייפוס"", ""slug"": null}]",list_table,1,עידן עמדי,עידן_עמדי
כביש_הסרגל_(סרט),כביש הסרגל,2024,"דרמה, מתח","[{""name"": ""מיה דרייפוס"", ""slug"": null}]",list_table,2,שרה פון שוורצה,שרה_פון_שוורצה
כביש_הסרגל_(סרט),כביש הסרגל,2024,"דרמה, מתח","[{""name"": ""מיה דרייפוס"", ""slug"": null}]",list_table,3,דיקלה דורי,דיקלה
כביש_הסרגל_(סרט),כביש הסרגל,2024,"דרמה, מתח","[{""name"": ""מיה דרייפוס"", ""slug"": null}]",list_table,4,יגאל נאור,יגאל_נאור
כביש_הסרגל_(סרט),כביש הסרגל,2024,"דרמה, מתח","[{""name"": ""מיה דרייפוס"", ""slug"": null}]",list_table,5,בועז קונפורטי,בועז_קונפורטי
כביש_הסרגל_(סרט),כביש הסרגל,2024,"דרמה, מתח","[{""name"": ""מיה דרייפוס"", ""slug"": null}]",list_table,6,אנסטסייה פיין,אנסטסיה_פיין
חליסה_(סרט),חליסה,2024,דרמה,"[{""name"": ""סופי ארטוס"", ""slug"": null}]",list_table,0,נועה קולר,נועה_קולר
חליסה_(סרט),חליסה,2024,דרמה,"[{""name"": ""סופי ארטוס"", ""slug"": null}]",list_table,1,דנה ברקוביץ,דנה_אברמוביץ'
חליסה_(סרט),חליסה,2024,דרמה,"[{""name"": ""סופי ארטוס"", ""slug"": null}]",list_table,2,אנטולי בליי,אנטולי_בליי
מופע_טוטאל,מופע טוטאל,2025,דרמה,"[{""name"": ""רועי אסף"", ""slug"": ""רועי_אסף""}]",list_table,0,אורי גבריאל,אורי_גבריאל
מופע_טוטאל,מופע טוטאל,2025,דרמה,"[{""name"": ""רועי אסף"", ""slug"": ""רועי_אסף""}]",list_table,1,רועי אסף,
מופע_טוטאל,מופע טוטאל,2025,דרמה,"[{""name"": ""רועי אסף"", ""slug"": ""רועי_אסף""}]",list_table,2,אורנלה בס,
ההילולה_2_–_החתונה,ההילולה 2 – החתונה,2025,קומדיה,"[{""name"": ""שלום אסייג"", ""slug"": ""שלום_אסייג""}, {""name"": ""יריב הורוביץ"", ""slug"": ""יריב_הורוביץ""}]",list_table,0,שלום אסייג,שלום_אסייג
ההילולה_2_–_החתונה,ההילולה 2 – החתונה,2025,קומדיה,"[{""name"": ""שלום אסייג"", ""slug"": ""שלום_אסייג""}, {""name"": ""יריב הורוביץ"", ""slug"": ""יריב_הורוביץ""}]",list_table,1,דניאל אסייג,דניאל_אסייג
ההילולה_2_–_החתונה,ההילולה 2 – החתונה,2025,קומדיה,"[{""name"": ""שלום אסייג"", ""slug"": ""שלום_אסייג""}, {""name"": ""יריב הורוביץ"", ""slug"": ""יריב_הורוביץ""}]",list_table,2,אוולין הגואל,אוולין_הגואל
ההילולה_2_–_החתונה,ההילולה 2 – החתונה,2025,קומדיה,"[{""name"": ""שלום אסייג"", ""slug"": ""שלום_אסייג""}, {""name"": ""יריב הורוביץ"", ""slug"": ""יריב_הורוביץ""}]",list_table,3,עפר שכטר,עפר_שכטר
ההילולה_2_–_החתונה,ההילולה 2 – החתונה,2025,קומדיה,"[{""name"": ""שלום אסייג"", ""slug"": ""שלום_אסייג""}, {""name"": ""יריב הורוביץ"", ""slug"": ""יריב_הורוביץ""}]",list_table,4,שלומי קוריאט,שלומי_קוריאט
ההילולה_2_–_החתונה,ההילולה 2 – החתונה,2025,קומדיה,"[{""name"": ""שלום אסייג"", ""slug"": ""שלום_אסייג""}, {""name"": ""יריב הורוביץ"", ""slug"": ""יריב_הורוביץ""}]",list_table,5,אריק משעלי,אריק_משעלי
ההילולה_2_–_החתונה,ההילולה 2 – החתונה,2025,קומדיה,"[{""name"": ""שלום אסייג"", ""slug"": ""שלום_אסייג""}, {""name"": ""יריב הורוביץ"", ""slug"": ""יריב_הורוביץ""}]",list_table,6,אוראל צברי,אוראל_צברי
ההילולה_2_–_החתונה,ההילולה 2 – החתונה,2025,קומדיה,"[{""name"": ""שלום אסייג"", ""slug"": ""שלום_אסייג""}, {""name"": ""יריב הורוביץ"", ""slug"": ""יריב_הורוביץ""}]",list_table,7,גרא סנדלר,גרא_סנדלר
ההילולה_2_–_החתונה,ההילולה 2 – החתונה,2025,קומדיה,"[{""name"": ""שלום אסייג"", ""slug"": ""שלום_אסייג""}, {""name"": ""יריב הורוביץ"", ""slug"": ""יריב_הורוביץ""}]",list_table,8,חי דוידוב,חי_דוידוב
ההילולה_2_–_החתונה,ההילולה 2 – החתונה,2025,קומדיה,"[{""name"": ""שלום אסייג"", ""slug"": ""שלום_אסייג""}, {""name"": ""יריב הורוביץ"", ""slug"": ""יריב_הורוביץ""}]",list_table,9,הרצל טובי,הרצל_טובי
ההילולה_2_–_החתונה,ההילולה 2 – החתונה,2025,קומדיה,"[{""name"": ""שלום אסייג"", ""slug"": ""שלום_אסייג""}, {""name"": ""יריב הורוביץ"", ""slug"": ""יריב_הורוביץ""}]",list_table,10,יגאל עדיקא,יגאל_עדיקא
ההילולה_2_–_החתונה,ההילולה 2 – החתונה,2025,קומדיה,"[{""name"": ""שלום אסייג"", ""slug"": ""שלום_אסייג""}, {""name"": ""יריב הורוביץ"", ""slug"": ""יריב_הורוביץ""}]",list_table,11,עדי אלון,עדי_אלון
ההילולה_2_–_החתונה,ההילולה 2 – החתונה,2025,קומדיה,"[{""name"": ""שלום אסייג"", ""slug"": ""שלום_אסייג""}, {""name"": ""יריב הורוביץ"", ""slug"": ""יריב_הורוביץ""}]",list_table,12,מוטי בן ישי,מוטי_בן_ישי
ההילולה_2_–_החתונה,ההילולה 2 – החתונה,2025,קומדיה,"[{""name"": ""שלום אסייג"", ""slug"": ""שלום_אסייג""}, {""name"": ""יריב הורוביץ"", ""slug"": ""יריב_הורוביץ""}]",list_table,13,שרלין חזיזה,שרלין_חזיזה
ההילולה_2_–_החתונה,ההילולה 2 – החתונה,2025,קומדיה,"[{""name"": ""שלום אסייג"", ""slug"": ""שלום_אסייג""}, {""name"": ""יריב הורוביץ"", ""slug"": ""יריב_הורוביץ""}]",list_table,14,רמי קאשי,רמי_קאשי
ההילולה_2_–_החתונה,ההילולה 2 – החתונה,2025,קומדיה,"[{""name"": ""שלום אסייג"", ""slug"": ""שלום_אסייג""}, {""name"": ""יריב הורוביץ"", ""slug"": ""יריב_הורוביץ""}]",list_table,15,דובר קוסאשווילי,דובר_קוסאשווילי
ההילולה_2_–_החתונה,ההילולה 2 – החתונה,2025,קומדיה,"[{""name"": ""שלום אסייג"", ""slug"": ""שלום_אסייג""}, {""name"": ""יריב הורוביץ"", ""slug"": ""יריב_הורוביץ""}]",list_table,16,יפה לוי,יפה_לוי
ההילולה_2_–_החתונה,ההילולה 2 – החתונה,2025,קומדיה,"[{""name"": ""שלום אסייג"", ""slug"": ""שלום_אסייג""}, {""name"": ""יריב הורוביץ"", ""slug"": ""יריב_הורוביץ""}]",list_table,17,דניאל סוויסה,דניאל_סוויסה
ההילולה_2_–_החתונה,ההילולה 2 – החתונה,2025,קומדיה,"[{""name"": ""שלום אסייג"", ""slug"": ""שלום_אסייג""}, {""name"": ""יריב הורוביץ"", ""slug"": ""יריב_הורוביץ""}]",list_table,18,לבן סגינשווילי,לבן_סגינשווילי
ההילולה_2_–_החתונה,ההילולה 2 – החתונה,2025,קומדיה,"[{""name"": ""שלום אסייג"", ""slug"": ""שלום_אסייג""}, {""name"": ""יריב הורוביץ"", ""slug"": ""יריב_הורוביץ""}]",list_table,19,ענבל גלאם,
ההילולה_2_–_החתונה,ההילולה 2 – החתונה,2025,קומדיה,"[{""name"": ""שלום אסייג"", ""slug"": ""שלום_אסייג""}, {""name"": ""יריב הורוביץ"", ""slug"": ""יריב_הורוביץ""}]",list_table,20,לירז עוזרי,
ההילולה_2_–_החתונה,ההילולה 2 – החתונה,2025,קומדיה,"[{""name"": ""שלום אסייג"", ""slug"": ""שלום_אסייג""}, {""name"": ""יריב הורוביץ"", ""slug"": ""יריב_הורוביץ""}]",list_table,21,יאיר פורטל,
ההילולה_2_–_החתונה,ההילולה 2 – החתונה,2025,קומדיה,"[{""name"": ""שלום אסייג"", ""slug"": ""שלום_אסייג""}, {""name"": ""יריב הורוביץ"", ""slug"": ""יריב_הורוביץ""}]",list_table,22,מישל גוריאשוילי,
ההילולה_2_–_החתונה,ההילולה 2 – החתונה,2025,קומדיה,"[{""name"": ""שלום אסייג"", ""slug"": ""שלום_אסייג""}, {""name"": ""יריב הורוביץ"", ""slug"": ""יריב_הורוביץ""}]",list_table,23,מאיה ורדזאולי,
ההילולה_2_–_החתונה,ההילולה 2 – החתונה,2025,קומדיה,"[{""name"": ""שלום אסייג"", ""slug"": ""שלום_אסייג""}, {""name"": ""יריב הורוביץ"", ""slug"": ""יריב_הורוביץ""}]",list_table,24,גנגה אליקשוילי,
ההילולה_2_–_החתונה,ההילולה 2 – החתונה,2025,קומדיה,"[{""name"": ""שלום אסייג"", ""slug"": ""שלום_אסייג""}, {""name"": ""יריב הורוביץ"", ""slug"": ""יריב_הורוביץ""}]",list_table,25,פאטה גוליאשווילי ו,
לשחרר_את_שולי_סאן,לשחרר את שולי סאן,2025,קומדיה,"[{""name"": ""בן בכר"", ""slug"": ""בן_בכר""}]",list_table,0,ציון ברוך,ציון_ברוך
לשחרר_את_שולי_סאן,לשחרר את שולי סאן,2025,קומדיה,"[{""name"": ""בן בכר"", ""slug"": ""בן_בכר""}]",list_table,1,אסי ישראלוף,אסי_ישראלוף
לשחרר_את_שולי_סאן,לשחרר את שולי סאן,2025,קומדיה,"[{""name"": ""בן בכר"", ""slug"": ""בן_בכר""}]",list_table,2,שלום מיכאלשווילי,שלום_מיכאלשווילי
לשחרר_את_שולי_סאן,לשחרר את שולי סאן,2025,קומדיה,"[{""name"": ""בן בכר"", ""slug"": ""בן_בכר""}]",list_table,3,דוד שאול,דוד_שאול
לשחרר_את_שולי_סאן,לשחרר את שולי סאן,2025,קומדיה,"[{""name"": ""בן בכר"", ""slug"": ""בן_בכר""}]",list_table,4,אמה מדינג,אמה_מדינג
הים_(סרט),הים,2025,דרמה,"[{""name"": ""שי כרמלי פולק"", ""slug"": null}]",list_table,0,ח'ליפה נאטור,ח'ליפה_נאטור
הים_(סרט),הים,2025,דרמה,"[{""name"": ""שי כרמלי פולק"", ""slug"": null}]",list_table,1,מוחמד גזאוי,
הים_(סרט),הים,2025,דרמה,"[{""name"": ""שי כרמלי פולק"", ""slug"": null}]",list_table,2,מרלן בג'אלי,מרלן_בג'אלי
הים_(סרט),הים,2025,דרמה,"[{""name"": ""שי כרמלי פולק"", ""slug"": null}]",list_table,3,הילה סורג'ון פישר,הילה_סורג'ון_פישר
נאנדאורי,נאנדאורי,2025,דרמה,"[{""name"": ""אתי ציקו"", ""slug"": null}]",list_table,0,נטע ריסקין,נטע_ריסקין
נאנדאורי,נאנדאורי,2025,דרמה,"[{""name"": ""אתי ציקו"", ""slug"": null}]",list_table,1,רונאלד אוקרופירידזה,
כן!_(סרט),כן!,2025,דרמה,"[{""name"": ""נדב לפיד"", ""slug"": null}]",list_table,0,אריאל ברונז,אריאל_ברונז
כן!_(סרט),כן!,2025,דרמה,"[{""name"": ""נדב לפיד"", ""slug"": null}]",list_table,1,אפרת דור,אפרת_דור
כן!_(סרט),כן!,2025,דרמה,"[{""name"": ""נדב לפיד"", ""slug"": null}]",list_table,2,"עידית טפרסון, אלכסיי סרבריאקוב",אלכסיי_סרבריאקוב
כן!_(סרט),כן!,2025,דרמה,"[{""name"": ""נדב לפיד"", ""slug"": null}]",list_table,3,שרון אלכסנדר,שרון_אלכסנדר
כן!_(סרט),כן!,2025,דרמה,"[{""name"": ""נדב לפיד"", ""slug"": null}]",list_table,4,נעמה פריס,
שפה_זרה_(סרט),שפה זרה,2025,דרמה,"[{""name"": ""עודד בן נון"", ""slug"": ""עודד_בן_נון""}, {""name"": ""מיכל ברזיס"", ""slug"": null}]",list_table,0,שרה אדלר,שרה_אדלר
שפה_זרה_(סרט),שפה זרה,2025,דרמה,"[{""name"": ""עודד בן נון"", ""slug"": ""עודד_בן_נון""}, {""name"": ""מיכל ברזיס"", ""slug"": null}]",list_table,1,יחזקאל לזרוב,יחזקאל_לזרוב
__title__:כי את מכוערת__2026,כי את מכוערת,2026,דרמה,"[{""name"": ""שרון אנגלהרט"", ""slug"": null}]",list_table,0,ריקי רייף סיני,
__title__:כי את מכוערת__2026,כי את מכוערת,2026,דרמה,"[{""name"": ""שרון אנגלהרט"", ""slug"": null}]",list_table,1,אורי אבינועם,
__title__:כי את מכוערת__2026,כי את מכוערת,2026,דרמה,"[{""name"": ""שרון אנגלהרט"", ""slug"": null}]",list_table,2,יעל אבקסיס,יעל_אבקסיס
__title__:כי את מכוערת__2026,כי את מכוערת,2026,דרמה,"[{""name"": ""שרון אנגלהרט"", ""slug"": null}]",list_table,3,יוסי מרשק,יוסי_מרשק
__title__:כי את מכוערת__2026,כי את מכוערת,2026,דרמה,"[{""name"": ""שרון אנגלהרט"", ""slug"": null}]",list_table,4,בן סולטן,בן_סולטן
קופה_ראשית_–_הסרט,קופה ראשית – הסרט,2026,קומדיה,"[{""name"": ""קובי חביה"", ""slug"": ""קובי_חביה""}]",list_table,0,קרן מור,קרן_מור
קופה_ראשית_–_הסרט,קופה ראשית – הסרט,2026,קומדיה,"[{""name"": ""קובי חביה"", ""slug"": ""קובי_חביה""}]",list_table,1,נועה קולר,נועה_קולר
קופה_ראשית_–_הסרט,קופה ראשית – הסרט,2026,קומדיה,"[{""name"": ""קובי חביה"", ""slug"": ""קובי_חביה""}]",list_table,2,אמיר שורוש,אמיר_שורוש
קופה_ראשית_–_הסרט,קופה ראשית – הסרט,2026,קומדיה,"[{""name"": ""קובי חביה"", ""slug"": ""קובי_חביה""}]",list_table,3,דב נבון,דב_נבון
קופה_ראשית_–_הסרט,קופה ראשית – הסרט,2026,קומדיה,"[{""name"": ""קובי חביה"", ""slug"": ""קובי_חביה""}]",list_table,4,יניב סוויסה,יניב_סוויסה
קופה_ראשית_–_הסרט,קופה ראשית – הסרט,2026,קומדיה,"[{""name"": ""קובי חביה"", ""slug"": ""קובי_חביה""}]",list_table,5,דניאל סטיופין,דניאל_סטיופין
מפרץ_השמש_(סרט_תיעודי),מפרץ השמש,2026,תיעודי,"[{""name"": ""עידו ויסמן"", ""slug"": ""עידו_ויסמן""}]",list_table,0,ללא,
הבן_יקיר_לי_(סרט),הבן יקיר לי,2026,,"[{""name"": ""נעם דמסקי"", ""slug"": ""נעם_דמסקי""}]",list_table,0,תיעודי,
הנוסחה_(סרט),הנוסחה,2026,דרמה,"[{""name"": ""יהודה גרובייס"", ""slug"": null}]",list_table,0,ישראל מאיר וולקן,
הנוסחה_(סרט),הנוסחה,2026,דרמה,"[{""name"": ""יהודה גרובייס"", ""slug"": null}]",list_table,1,הלל שמעון,
הנוסחה_(סרט),הנוסחה,2026,דרמה,"[{""name"": ""יהודה גרובייס"", ""slug"": null}]",list_table,2,רפאל גרינשטיין,
הנוסחה_(סרט),הנוסחה,2026,דרמה,"[{""name"": ""יהודה גרובייס"", ""slug"": null}]",list_table,3,ישי לפידות,ישי_לפידות
הנוסחה_(סרט),הנוסחה,2026,דרמה,"[{""name"": ""יהודה גרובייס"", ""slug"": null}]",list_table,4,ג'וש שגיא,ג'וש_שגיא
הנוסחה_(סרט),הנוסחה,2026,דרמה,"[{""name"": ""יהודה גרובייס"", ""slug"": null}]",list_table,5,ששי גז,ששי_גז
הנוסחה_(סרט),הנוסחה,2026,דרמה,"[{""name"": ""יהודה גרובייס"", ""slug"": null}]",list_table,6,אסף קליין,
הנוסחה_(סרט),הנוסחה,2026,דרמה,"[{""name"": ""יהודה גרובייס"", ""slug"": null}]",list_table,7,עמירן דביר,עמירן_דביר
__title__:חינה אמריקאית__2026,חינה אמריקאית,2026,קומדיה,"[{""name"": ""שלום אסייג"", ""slug"": ""שלום_אסייג""}]",list_table,0,ישראל אטיאס,ישראל_אטיאס
__title__:חינה אמריקאית__2026,חינה אמריקאית,2026,קומדיה,"[{""name"": ""שלום אסייג"", ""slug"": ""שלום_אסייג""}]",list_table,1,שלום אסייג,שלום_אסייג
__title__:חינה אמריקאית__2026,חינה אמריקאית,2026,קומדיה,"[{""name"": ""שלום אסייג"", ""slug"": ""שלום_אסייג""}]",list_table,2,עדי הימלבלוי,עדי_הימלבלוי
__title__:חינה אמריקאית__2026,חינה אמריקאית,2026,קומדיה,"[{""name"": ""שלום אסייג"", ""slug"": ""שלום_אסייג""}]",list_table,3,רמי קאשי,רמי_קאשי
__title__:חינה אמריקאית__2026,חינה אמריקאית,2026,קומדיה,"[{""name"": ""שלום אסייג"", ""slug"": ""שלום_אסייג""}]",list_table,4,שרון חזיז,שרון_חזיז
__title__:חינה אמריקאית__2026,חינה אמריקאית,2026,קומדיה,"[{""name"": ""שלום אסייג"", ""slug"": ""שלום_אסייג""}]",list_table,5,מלאני למברסקי,
__title__:חינה אמריקאית__2026,חינה אמריקאית,2026,קומדיה,"[{""name"": ""שלום אסייג"", ""slug"": ""שלום_אסייג""}]",list_table,6,חיים זנאתי,חיים_זנאתי
__title__:חינה אמריקאית__2026,חינה אמריקאית,2026,קומדיה,"[{""name"": ""שלום אסייג"", ""slug"": ""שלום_אסייג""}]",list_table,7,שרונה אלימלך,שרונה_אלימלך
__title__:חינה אמריקאית__2026,חינה אמריקאית,2026,קומדיה,"[{""name"": ""שלום אסייג"", ""slug"": ""שלום_אסייג""}]",list_table,8,שושה גור,
__title__:חינה אמריקאית__2026,חינה אמריקאית,2026,קומדיה,"[{""name"": ""שלום אסייג"", ""slug"": ""שלום_אסייג""}]",list_table,9,עמנואל הורי,עמנואל_הורי
__title__:ליגה של גדולים__2026,ליגה של גדולים,2026,דרמה,"[{""name"": ""יניב ברמן"", ""slug"": ""יניב_ברמן""}]",list_table,0,ישראל אטיאס,ישראל_אטיאס
__title__:ליגה של גדולים__2026,ליגה של גדולים,2026,דרמה,"[{""name"": ""יניב ברמן"", ""slug"": ""יניב_ברמן""}]",list_table,1,רעות אלוש,רעות_אלוש
__title__:ליגה של גדולים__2026,ליגה של גדולים,2026,דרמה,"[{""name"": ""יניב ברמן"", ""slug"": ""יניב_ברמן""}]",list_table,2,מתי סרי,מתי_סרי
__title__:ליגה של גדולים__2026,ליגה של גדולים,2026,דרמה,"[{""name"": ""יניב ברמן"", ""slug"": ""יניב_ברמן""}]",list_table,3,קובי פרג',קובי_פרג'
__title__:ליגה של גדולים__2026,ליגה של גדולים,2026,דרמה,"[{""name"": ""יניב ברמן"", ""slug"": ""יניב_ברמן""}]",list_table,4,מור חן,מור_חן
__title__:ליגה של גדולים__2026,ליגה של גדולים,2026,דרמה,"[{""name"": ""יניב ברמן"", ""slug"": ""יניב_ברמן""}]",list_table,5,שוהן ישורון,
__title__:ליגה של גדולים__2026,ליגה של גדולים,2026,דרמה,"[{""name"": ""יניב ברמן"", ""slug"": ""יניב_ברמן""}]",list_table,6,תמר זובידה,
__title__:ליגה של גדולים__2026,ליגה של גדולים,2026,דרמה,"[{""name"": ""יניב ברמן"", ""slug"": ""יניב_ברמן""}]",list_table,7,תומר חמד,תומר_חמד
שמיים_וארץ_(סרט),שמיים וארץ,2026,דרמה,"[{""name"": ""רובי דואניאס"", ""slug"": ""רובי_דואניאס""}]",list_table,0,תום אבני,תום_אבני
שמיים_וארץ_(סרט),שמיים וארץ,2026,דרמה,"[{""name"": ""רובי דואניאס"", ""slug"": ""רובי_דואניאס""}]",list_table,1,הילה סעדה,הילה_סעדה
שמיים_וארץ_(סרט),שמיים וארץ,2026,דרמה,"[{""name"": ""רובי דואניאס"", ""slug"": ""רובי_דואניאס""}]",list_table,2,פיני טבגר,פיני_טבגר
שמיים_וארץ_(סרט),שמיים וארץ,2026,דרמה,"[{""name"": ""רובי דואניאס"", ""slug"": ""רובי_דואניאס""}]",list_table,3,שרון ברק,
שמיים_וארץ_(סרט),שמיים וארץ,2026,דרמה,"[{""name"": ""רובי דואניאס"", ""slug"": ""רובי_דואניאס""}]",list_table,4,דניאל ניזרי,
שמיים_וארץ_(סרט),שמיים וארץ,2026,דרמה,"[{""name"": ""רובי דואניאס"", ""slug"": ""רובי_דואניאס""}]",list_table,5,כרמל נצר,כרמל_נצר
__title__:מאמא__2026,מאמא,2026,דרמה,"[{""name"": ""אור סיני"", ""slug"": null}]",list_table,0,יבגניה דודינה,יבגניה_דודינה
__title__:מאמא__2026,מאמא,2026,דרמה,"[{""name"": ""אור סיני"", ""slug"": null}]",list_table,1,ארקדיוש יקוביק,
__title__:מאמא__2026,מאמא,2026,דרמה,"[{""name"": ""אור סיני"", ""slug"": null}]",list_table,2,קתז'ינה לוביק,
__title__:מאמא__2026,מאמא,2026,דרמה,"[{""name"": ""אור סיני"", ""slug"": null}]",list_table,3,מרטין אוגובו,
