,degree,betweenness,closeness,eigenvector,display_name,n_costars,n_collaborations,n_films,avg_distance_giant_component,most_important_costar
משה_איבגי,0.05158371040723982,0.06826194768734663,0.3437308308537423,0.0071234115488168145,משה איבגי,57,65,23,2.6012145748987856,אורי גבריאל
ליאור_אשכנזי,0.044343891402714934,0.05912889932144327,0.34107653872359756,0.011672028915502732,ליאור אשכנזי,49,51,16,2.6214574898785425,עפר שכטר
שרון_אלכסנדר,0.04343891402714932,0.0498239873051066,0.31674013456225086,0.009812478345017918,שרון אלכסנדר,48,49,11,2.8228744939271255,יפה לוי
אורי_גבריאל,0.0497737556561086,0.04780704930803438,0.3274233637116819,0.041966525371411094,אורי גבריאל,55,58,15,2.730769230769231,יגאל עדיקא
שלומי_קוריאט,0.056108597285067875,0.04558189215286503,0.3303620924809715,0.2390867089144788,שלומי קוריאט,62,81,8,2.7064777327935223,אוולין הגואל
ריימונד_אמסלם,0.05067873303167421,0.042796976526772806,0.3314777618364419,0.03009880150899738,ריימונד אמסלם,56,67,13,2.6973684210526314,אוולין הגואל
דאנה_איבגי,0.03619909502262444,0.04140266785117342,0.319720678716655,0.011161584601210497,דאנה איבגי,40,42,11,2.7965587044534415,עפר שכטר
אלון_אבוטבול,0.03619909502262444,0.037798899893495365,0.3263347747669441,0.0038006266164819914,אלון אבוטבול,40,44,21,2.7398785425101213,אורנה בנאי
אקי_אבני,0.027149321266968326,0.029370027194167127,0.30067673086933894,0.001714260293280369,אקי אבני,30,31,10,2.973684210526316,אלברט אילוז
דרור_קרן,0.03167420814479638,0.029095830152513748,0.3109427086568524,0.013250686070970076,דרור קרן,35,37,9,2.875506072874494,יגאל עדיקא
יעל_אבקסיס,0.034389140271493215,0.028986617048596945,0.32839711349223705,0.004650491948597313,יעל אבקסיס,38,44,14,2.722672064777328,יגאל נאור
אושרי_כהן,0.027149321266968326,0.02884077527108254,0.3049320798391846,0.008473264017942418,אושרי כהן,30,30,9,2.932186234817814,שלומי קוריאט
יוסי_מרשק,0.03981900452488688,0.028681047003078292,0.30747937183923346,0.0031614500652917877,יוסי מרשק,44,48,9,2.9078947368421053,הילה סעדה
חיים_זנאתי,0.044343891402714934,0.027180163168434426,0.3041970507211149,0.04461275593140303,חיים זנאתי,49,52,7,2.9392712550607287,אוולין הגואל
מוטי_בן_ישי,0.04072398190045249,0.027038201846855448,0.29328958675103506,0.2345303372632105,מוטי בן ישי,45,63,4,3.048582995951417,אוולין הגואל
ששון_גבאי,0.0334841628959276,0.026985467076975255,0.3152706050300206,0.019216650800470702,ששון גבאי,37,40,10,2.8360323886639676,אוולין הגואל
יחזקאל_לזרוב,0.03167420814479638,0.026649872449984756,0.3047217093115273,0.004959727262529829,יחזקאל לזרוב,35,37,11,2.9342105263157894,ריימונד אמסלם
גילה_אלמגור,0.025339366515837104,0.026563324032090368,0.307051871843628,0.002376106827342944,גילה אלמגור,28,32,13,2.911943319838057,ריימונד אמסלם
ח'ליפה_נאטור,0.011764705882352941,0.02414150536307044,0.25546218487394956,0.0006870246698521505,ח'ליפה נאטור,13,13,4,3.5,ששון גבאי
צחי_גראד,0.025339366515837104,0.023857978152565087,0.2953487914724566,0.0014621927494149508,צחי גראד,28,28,8,3.027327935222672,דרור קרן
עידן_אלתרמן,0.014479638009049774,0.02345882827894425,0.25568400442666217,0.00032183718992839994,עידן אלתרמן,16,16,3,3.4969635627530367,שרון אלכסנדר
ריקי_בליך,0.02895927601809955,0.023345639673575135,0.27239846910086885,0.0018379132136155936,ריקי בליך,32,32,7,3.282388663967611,אסתי זקהיים
יגאל_נאור,0.03619909502262444,0.022081584289649812,0.3141494435612083,0.02131581529796417,יגאל נאור,40,40,6,2.8461538461538463,אוולין הגואל
אריה_צ'רנר,0.024434389140271493,0.021534714064371702,0.29834118044380875,0.00563652948657034,אריה צ'רנר,27,27,5,2.9969635627530367,מוריס כהן
אורי_הוכמן,0.02262443438914027,0.020565225853894774,0.30451162885009225,0.0020073424156675547,אורי הוכמן,25,25,4,2.9362348178137654,ליאור אשכנזי
דין_מירושניקוב,0.024434389140271493,0.01936425449165104,0.2567989056087551,0.0025991687460237343,דין מירושניקוב,27,27,3,3.4817813765182186,חיים זנאתי
חנה_לסלאו,0.02171945701357466,0.018771509987581803,0.3058823529411765,0.0024088899995251658,חנה לסלאו,24,25,6,2.923076923076923,ריימונד אמסלם
טלי_שרון,0.02262443438914027,0.01832478858596348,0.29397279044729374,0.007479696474445978,טלי שרון,25,28,7,3.041497975708502,שלומי קוריאט
רונית_אלקבץ,0.01990950226244344,0.01816284924701794,0.30930960619541936,0.005558350174846505,רונית אלקבץ,22,24,11,2.8906882591093117,מוריס כהן
שמיל_בן_ארי,0.02171945701357466,0.017516638941929615,0.30812285849114673,0.007974881465652945,שמיל בן ארי,24,24,10,2.901821862348178,שלומי קוריאט
מוריס_כהן_(שחקן),0.0334841628959276,0.017458872613683576,0.3086611583836889,0.11244568798135661,מוריס כהן,37,39,5,2.896761133603239,אוולין הגואל
עוז_זהבי,0.027149321266968326,0.017317515117088865,0.2831372549019608,0.007880833816248893,עוז זהבי,30,31,7,3.1578947368421053,שלומי קוריאט
עפר_שכטר,0.041628959276018104,0.017201863012748758,0.31061471001902874,0.21193429399994984,עפר שכטר,46,61,5,2.8785425101214575,אוולין הגואל
אורי_פפר,0.024434389140271493,0.016152836127819523,0.2989469493381109,0.007489551113906115,אורי פפר,27,27,6,2.9908906882591095,שלומי קוריאט
מעין_וינשטוק,0.012669683257918552,0.016073185126893565,0.22523922368539462,0.006279537979164706,מעין וינשטוק,14,14,3,3.9696356275303644,מוטי בן ישי
זאב_רווח,0.034389140271493215,0.01601905008494164,0.30336134453781516,0.012561037034777341,זאב רווח,38,38,7,2.9473684210526314,אריק משעלי
אלברט_אילוז,0.03257918552036199,0.015837765789545415,0.30747937183923346,0.020476261243604226,אלברט אילוז,36,37,6,2.9078947368421053,אוולין הגואל
תיקי_דיין,0.024434389140271493,0.01577670474146157,0.2791116067279993,0.0009121230569645148,תיקי דיין,27,27,5,3.2034412955465585,ליאור אשכנזי
קובי_פרג',0.02986425339366516,0.01575894393025088,0.29426656738644824,0.004227312400194427,קובי פרג',33,33,5,3.0384615384615383,אורי גבריאל
קרן_מור,0.02262443438914027,0.015753157799112582,0.2950528507996385,0.0018329213643441089,קרן מור,25,27,9,3.0303643724696356,מנשה נוי
אסי_דיין,0.017194570135746608,0.015477217976810585,0.2771848871333912,0.0007368054571575501,אסי דיין,19,24,10,3.2257085020242915,טלי שרון
לירון_בן-שלוש,0.012669683257918552,0.01366446504978316,0.2644874955970412,0.0008311469188781755,לירון בן-שלוש,14,14,4,3.380566801619433,דאנה איבגי
אוהד_קנולר,0.01900452488687783,0.013262581188221148,0.2805297666859694,0.0007189672925141077,אוהד קנולר,21,21,5,3.187246963562753,ליאור אשכנזי
הילה_סעדה,0.025339366515837104,0.013232045889533523,0.29358199910073707,0.012414212864363994,הילה סעדה,28,30,4,3.0455465587044532,אריק משעלי
מוני_מושונוב,0.02262443438914027,0.013189583680277372,0.32018420996524743,0.006549472212920877,מוני מושונוב,25,28,9,2.79251012145749,מוריס כהן
רותם_קינן,0.028054298642533938,0.013044384021035745,0.29935216377299817,0.00912289048675478,רותם קינן,31,31,4,2.986842105263158,יפה לוי
אוולין_הגואל,0.04524886877828054,0.01299097996378755,0.3156085156463443,0.3018984783989393,אוולין הגואל,50,85,7,2.832995951417004,יגאל עדיקא
מורן_רוזנבלט,0.011764705882352941,0.012852552383135044,0.2817825311942959,0.0076051948947667165,מורן רוזנבלט,13,13,4,3.173076923076923,שלומי קוריאט
אדם_גבאי,0.013574660633484163,0.012173142651869548,0.23531918894355827,0.0006397936012127801,אדם גבאי,15,15,2,3.799595141700405,אליאנה תדהר
ענת_וקסמן,0.016289592760180997,0.01199947940333271,0.2929977563164569,0.00818370911433794,ענת וקסמן,18,18,4,3.0516194331983804,עפר שכטר
אסתי_זקהיים,0.024434389140271493,0.011749664703044962,0.28115475343542895,0.0317843969664133,אסתי זקהיים,27,27,4,3.1801619433198383,יגאל עדיקא
ישראל_אטיאס,0.02986425339366516,0.011694719366144628,0.28765491217652805,0.039810525194940355,ישראל אטיאס,33,33,4,3.1082995951417005,יגאל עדיקא
אניה_בוקשטיין,0.01809954751131222,0.01162211862041557,0.28973048058186873,0.0064313374253832985,אניה בוקשטיין,20,20,5,3.0860323886639676,עפר שכטר
מיכאל_מושונוב,0.01809954751131222,0.011528704849283037,0.28709399912061023,0.0015112683903349532,מיכאל מושונוב,20,21,8,3.1143724696356276,מנשה נוי
ג'וי_ריגר,0.01809954751131222,0.011208783079045473,0.276577406165973,0.0014343342183654982,ג'וי ריגר,20,20,4,3.2327935222672064,ששון גבאי
יפה_לוי,0.041628959276018104,0.01119263820540672,0.30190985485103133,0.2123663360834587,יפה לוי,46,61,3,2.9615384615384617,אוולין הגואל
נטלי_עטיה,0.013574660633484163,0.011067528889194569,0.2829558729321325,0.0011204166031667123,נטלי עטיה,15,16,4,3.159919028340081,דאנה איבגי
רועי_אסף,0.02895927601809955,0.0109523856169449,0.3039876928059593,0.01681334403619326,רועי אסף,32,46,8,2.9412955465587043,עדי אלון
דביר_בנדק,0.01990950226244344,0.010949407869012528,0.3005744250745552,0.004040260971112418,דביר בנדק,22,22,7,2.9746963562753037,אורי גבריאל
אליאנה_תדהר,0.01900452488687783,0.0107875263599214,0.2782325150532654,0.013387100308074587,אליאנה תדהר,21,23,4,3.2135627530364372,שלומי קוריאט
שי_אביבי,0.01900452488687783,0.010731549421364093,0.29106696385308656,0.0029167220895106867,שי אביבי,21,21,6,3.0718623481781377,אורי גבריאל
יפתח_קליין,0.016289592760180997,0.01036697733093345,0.27814491035709,0.0008817060770755421,יפתח קליין,18,18,5,3.214574898785425,מנשה נוי
דב_נבון,0.02171945701357466,0.009817922942739886,0.28672127078679577,0.0013304749957049728,דב נבון,24,25,6,3.1184210526315788,דרור קרן
יבגניה_דודינה,0.015384615384615385,0.009769866761743394,0.30263385929911535,0.00428332444222428,יבגניה דודינה,17,18,8,2.9544534412955468,אורי גבריאל
רמי_הויברגר,0.020814479638009052,0.009705127963113609,0.28223266303326444,0.0010181774491054149,רמי הויברגר,23,23,8,3.168016194331984,מנשה נוי
בני_אבני,0.015384615384615385,0.009678374334353857,0.2382384669077987,0.0002395737121951256,בני אבני,17,17,4,3.7530364372469633,עירית קפלן
מאיסה_עבד_אלהאדי,0.008144796380090498,0.009659649813102498,0.19945546066699427,1.786672063314655e-05,מאיסה עבד אלהאדי,9,9,2,4.482793522267206,ח'ליפה נאטור
ציון_ברוך,0.011764705882352941,0.009483689431502487,0.27753321875404263,0.00752159183154924,ציון ברוך,13,16,4,3.22165991902834,שלומי קוריאט
שמואל_וילוז'ני,0.012669683257918552,0.009186315085267549,0.24835204815690687,0.00382524303854038,שמואל וילוז'ני,14,15,4,3.6002024291497974,דובר קוסאשווילי
עודד_תאומי,0.014479638009049774,0.009012178374908673,0.24477368669828695,0.000304666380698163,עודד תאומי,16,16,3,3.652834008097166,אמיר דוליצקי
זהר_ליבה,0.02262443438914027,0.00896279283990721,0.2596673237196113,0.0009889825229889159,זהר ליבה,25,25,3,3.4433198380566803,אורי פפר
מנשה_נוי,0.01809954751131222,0.008862109882040642,0.30876904414334766,0.010472343231018007,מנשה נוי,20,21,7,2.895748987854251,אוולין הגואל
דני_גבע,0.01085972850678733,0.008854297698596835,0.272987711771977,0.006069638405974141,דני גבע,12,12,4,3.2753036437246963,עפר שכטר
יגאל_עדיקא,0.044343891402714934,0.008845129756144297,0.30108665142948793,0.23979589309350963,יגאל עדיקא,49,69,6,2.9696356275303644,אוולין הגואל
טינקרבל,0.011764705882352941,0.008576869116618162,0.2513195548489666,0.0001647279309830034,טינקרבל,13,14,6,3.5576923076923075,קרן מור
יובל_שם-טוב,0.017194570135746608,0.008131297375469795,0.2542856175285313,0.0005225789398096312,יובל שם-טוב,19,20,4,3.516194331983806,יהורם גאון
אלישע_בנאי,0.014479638009049774,0.008103915874909946,0.28061888033485316,0.007510009088388258,אלישע בנאי,16,16,3,3.1862348178137654,שלומי קוריאט
__name__:אוהד הול,0.013574660633484163,0.00805790543642206,0.20844460483579935,0.00022102612116542454,אוהד הול,15,15,2,4.2894736842105265,אמיר דוליצקי
לבנה_פינקלשטיין,0.024434389140271493,0.007798981972707975,0.30451162885009225,0.011097169168252813,לבנה פינקלשטיין,27,31,6,2.9362348178137654,עדי אלון
שראל_פיטרמן,0.02171945701357466,0.007732723628345488,0.2713942351134002,0.004909938495770331,שראל פיטרמן,24,34,3,3.2945344129554655,ריימונד אמסלם
יעקב_זדה-דניאל,0.011764705882352941,0.007705723668526305,0.25182104768931524,0.0006717171720904857,יעקב זדה-דניאל,13,13,4,3.5506072874493926,דאנה איבגי
נטע_גרטי,0.00995475113122172,0.007668814138461448,0.2796417332365045,0.007416571503639969,נטע גרטי,11,11,4,3.1973684210526314,שלומי קוריאט
__name__:ג'רמי פינטו,0.015384615384615385,0.00743366706401182,0.23901196842373315,0.00030184946422337657,ג'רמי פינטו,17,17,2,3.7408906882591095,גיא לואל
חנן_סביון,0.023529411764705882,0.007411957561916991,0.2869075138987066,0.00228423875862696,חנן סביון,26,30,4,3.116396761133603,יגאל נאור
זהר_שטראוס,0.01085972850678733,0.00735184090818285,0.25650064904010383,0.0009094660283662048,זהר שטראוס,12,12,5,3.48582995951417,אופירה רחמים
רותם_אבוהב,0.016289592760180997,0.007287586609403431,0.2883120872369836,0.0026557524925839887,רותם אבוהב,18,22,4,3.1012145748987856,דרור קרן
לירון_לבו,0.01990950226244344,0.007268627301215825,0.2726506899055919,0.0009204509639179915,לירון לבו,22,22,5,3.279352226720648,דאנה איבגי
אורלי_זילברשץ,0.013574660633484163,0.007248577838775381,0.27649084046764244,0.0009848501925120866,אורלי זילברשץ,15,15,5,3.233805668016194,ליאור אשכנזי
גרא_סנדלר,0.03619909502262444,0.007155239311245433,0.2821425216525448,0.21048196184146556,גרא סנדלר,40,55,4,3.169028340080972,אוולין הגואל
מאור_שוויצר,0.020814479638009052,0.007145967178324806,0.28169267707082835,0.005020520011582046,מאור שוויצר,23,34,6,3.174089068825911,ריימונד אמסלם
אסי_לוי,0.01990950226244344,0.0071404223099944455,0.307051871843628,0.011797134661978587,אסי לוי,22,26,6,2.911943319838057,עדי אלון
גיא_לואל,0.020814479638009052,0.0070747545763919905,0.2746000109711277,0.0049698936135820476,גיא לואל,23,33,4,3.256072874493927,ריימונד אמסלם
דובר_קוסאשווילי,0.02895927601809955,0.007041795239278502,0.2798188898619315,0.11189295667394179,דובר קוסאשווילי,32,32,2,3.195344129554656,אוולין הגואל
נועם_אימבר,0.023529411764705882,0.0069415488321125825,0.28070805061776855,0.0028852216039712553,נועם אימבר,26,26,3,3.185222672064777,ריימונד אמסלם
שרה_אדלר,0.012669683257918552,0.006880137687299597,0.27928809209425154,0.006593253707254106,שרה אדלר,14,15,6,3.201417004048583,גרא סנדלר
אמיר_דוליצקי,0.014479638009049774,0.006874909956235151,0.23463166940082808,0.006307121065456025,אמיר דוליצקי,16,16,2,3.8107287449392713,מוטי בן ישי
ערן_איוניר,0.00995475113122172,0.006686808228695062,0.20122738844968513,7.13762491814594e-05,ערן איוניר,11,11,2,4.44331983805668,דין מירושניקוב
גדי_יגיל,0.014479638009049774,0.006619932880415561,0.23901196842373315,0.0003239938951470707,גדי יגיל,16,16,2,3.7408906882591095,אמיר דוליצקי
עמית_פרקש,0.02262443438914027,0.006536100414263686,0.27562815453794626,0.009511909895455452,עמית פרקש,25,25,3,3.243927125506073,יפה לוי
יואב_דונט,0.004524886877828055,0.006499264237749792,0.24011639991685724,0.00024645797182771677,יואב דונט,5,5,2,3.723684210526316,אושרי כהן
תמר_אלקן,0.005429864253393665,0.006457800511508951,0.19449322661693474,6.8904566006443715e-06,תמר אלקן,6,6,3,4.597165991902834,יואב דונט
יעקב_כהן_(שחקן),0.013574660633484163,0.006455974550890264,0.29495433565746837,0.0027374207702249936,יעקב כהן,15,15,3,3.0313765182186234,אורי גבריאל
אורי_יניב,0.006334841628959276,0.0064516417958096735,0.21546054519368724,0.00019281239155587984,אורי יניב,7,7,2,4.149797570850202,מורן רוזנבלט
שלום_אסייג,0.03619909502262444,0.0064154484331633505,0.29673773439506806,0.12559834923561622,שלום אסייג,40,42,3,3.013157894736842,אוולין הגואל
אסתי_ירושלמי,0.006334841628959276,0.006413264621468048,0.2263937045858836,0.00025129571465904815,אסתי ירושלמי,7,7,2,3.9493927125506074,מיטל גל סויסה
מיכאל_אלוני,0.016289592760180997,0.0063708340968378005,0.27937641849908845,0.0012322699062573008,מיכאל אלוני,18,20,5,3.200404858299595,רותם זיסמן-כהן
דור_הררי,0.01809954751131222,0.006350024455605607,0.27858348637468233,0.008573725020830952,דור הררי,20,20,2,3.2095141700404857,יפה לוי
אסתר_רדא,0.004524886877828055,0.0062894360220743665,0.22980963457183082,0.00013198946462626436,אסתר רדא,5,5,2,3.8906882591093117,יחזקאל לזרוב
עמוס_לביא,0.011764705882352941,0.0061003765611668094,0.2720628996902118,0.0024410897340692555,עמוס לביא,13,13,6,3.2864372469635628,חיים זנאתי
עומר_ברנע,0.014479638009049774,0.006057554088907678,0.2532649757150567,0.000501436603680573,עומר ברנע,16,16,4,3.5303643724696356,אושרי כהן
איתי_טיראן,0.015384615384615385,0.005908102237995281,0.27442939897300955,0.0005874193499063557,איתי טיראן,17,17,4,3.2580971659919027,אושרי כהן
אריק_משעלי,0.04072398190045249,0.005882476771697741,0.3004721888755502,0.21425630759364397,אריק משעלי,45,60,3,2.9757085020242915,אוולין הגואל
עמי_סמולרצ'יק,0.011764705882352941,0.005854178649189459,0.279199821521529,0.0005738414114999986,עמי סמולרצ'יק,13,13,4,3.2024291497975708,ליאור אשכנזי
אפרת_בן_צור,0.013574660633484163,0.00584914619399955,0.2644874955970412,0.00045317508873897585,אפרת בן צור,15,15,4,3.380566801619433,שרון אלכסנדר
איילת_זורר,0.015384615384615385,0.005805403841480006,0.28954055565195597,0.0027900504068509996,איילת זורר,17,18,5,3.088056680161943,יגאל נאור
ניר_לוי,0.01900452488687783,0.005799731569280581,0.25650064904010383,0.0016776665387407072,ניר לוי,21,21,4,3.48582995951417,אורי גבריאל
__name__:מאיר דסה,0.008144796380090498,0.005761223335544016,0.1895276196726277,5.271506324672345e-06,מאיר דסה,9,9,3,4.717611336032388,אסתר רדא
שרה_פון_שוורצה,0.011764705882352941,0.005683403057507371,0.2498269896193772,0.0008034952634602952,שרה פון שוורצה,13,13,2,3.5789473684210527,יגאל נאור
פלורנס_בלוך,0.01990950226244344,0.0056698803617046675,0.29914941933427625,0.014952733518046143,פלורנס בלוך,22,22,4,2.9888663967611335,יגאל עדיקא
ג'וליאנו_מר,0.01085972850678733,0.005663290868130757,0.2630697544056336,0.00026342129844303977,ג'וליאנו מר,12,12,5,3.3987854251012144,משה איבגי
ליהי_קורנובסקי,0.008144796380090498,0.0056079091219842425,0.2074168197450382,2.2678801695127996e-05,ליהי קורנובסקי,9,9,2,4.310728744939271,לירון בן-שלוש
יואב_רוטמן,0.026244343891402715,0.005529791786897072,0.292319071904076,0.010757066566732828,יואב רוטמן,29,29,2,3.0587044534412957,יפה לוי
אביב_אלוש,0.01990950226244344,0.005426389542144814,0.28644235904478527,0.017995250825084817,אביב אלוש,22,23,3,3.1214574898785425,אוולין הגואל
מיכאלה_עשת,0.014479638009049774,0.005383085856954213,0.2847802176963629,0.000714370034933377,מיכאלה עשת,16,16,4,3.139676113360324,אורי פפר
עופר_שכטר,0.016289592760180997,0.005347017568725889,0.27408881020605574,0.0008548090372956284,עופר שכטר,18,18,5,3.2621457489878543,מלי לוי
עירית_קפלן,0.01809954751131222,0.005304267273187023,0.27744605379840376,0.005639587236854759,עירית קפלן,20,30,4,3.222672064777328,ריימונד אמסלם
דב_גליקמן,0.01085972850678733,0.005254080560539516,0.28196241152062484,0.002145328685908259,דב גליקמן,12,12,3,3.1710526315789473,ישראל אטיאס
רותם_זיסמן-כהן,0.013574660633484163,0.005244868800108064,0.2970370663396495,0.01205088496606543,רותם זיסמן-כהן,15,16,5,3.0101214574898787,הרצל טובי
שלמה_בראבא,0.011764705882352941,0.005217873120509305,0.27349480968858136,0.0005083572519830585,שלמה בראבא,13,13,3,3.269230769230769,ליאור אשכנזי
יובל_סגל_(1971),0.015384615384615385,0.005172779054305865,0.29058823529411765,0.00166481480426202,יובל סגל,17,18,5,3.076923076923077,ששון גבאי
נאיה_פדרמן,0.01809954751131222,0.005062312257192298,0.2494742262903467,0.000693610677835851,נאיה פדרמן,20,23,4,3.584008097165992,יהורם גאון
עמוס_תמם,0.014479638009049774,0.0049946834027089805,0.28634950900943845,0.009582046220994532,עמוס תמם,16,16,4,3.1224696356275303,אוולין הגואל
ישי_גולן,0.00995475113122172,0.00487553993430073,0.2522524943729634,0.00034617282266941946,ישי גולן,11,12,3,3.5445344129554655,עוז זהבי
__name__:רונית אלקבץ,0.012669683257918552,0.004874969073988333,0.29328958675103506,0.009897450736349185,רונית אלקבץ,14,15,4,3.048582995951417,אוולין הגואל
יהורם_גאון,0.013574660633484163,0.004872345257482899,0.2746000109711277,0.007112941423960695,יהורם גאון,15,16,3,3.256072874493927,שלומי קוריאט
צחי_הלוי,0.011764705882352941,0.004863174613972027,0.27408881020605574,0.0010960092825000119,צחי הלוי,13,13,3,3.2621457489878543,ליאור אשכנזי
יואב_הייט,0.007239819004524887,0.00484457997245721,0.24531747717137398,0.0001136090852147651,יואב הייט,8,8,2,3.6447368421052633,אורי הוכמן
__name__:שני בן חיים,0.006334841628959276,0.00484457997245721,0.21694210100543165,6.5514081949054e-05,שני בן חיים,7,7,2,4.1214574898785425,ריקי בליך
אורי_בנאי,0.005429864253393665,0.00484457997245721,0.2446381155619268,0.0005753793955963859,אורי בנאי,6,6,2,3.6548582995951415,אלברט אילוז
אלון_נוימן,0.012669683257918552,0.004844579972457209,0.19959065415592356,1.0532934821737454e-05,אלון נוימן,14,14,2,4.479757085020243,עידן אלתרמן
אברהם_סלקטר,0.016289592760180997,0.004820872235273154,0.26981925329692047,0.020564368646863278,אברהם סלקטר,18,18,3,3.3137651821862346,אוולין הגואל
יונתן_בר-אור_(1981),0.014479638009049774,0.004692405540995432,0.23271555197421434,0.0002589633395796271,יונתן בר-אור,16,16,2,3.8421052631578947,אמיר דוליצקי
רן_דנקר,0.011764705882352941,0.004666687959003509,0.29173983992540214,0.006454279248988422,רן דנקר,13,13,4,3.064777327935223,עפר שכטר
אורי_בלופרב,0.01085972850678733,0.004652695600244925,0.24531747717137398,0.0004749139141392897,אורי בלופרב,12,12,2,3.6447368421052633,דור הררי
עופר_חיון,0.013574660633484163,0.00454388673271071,0.2718954248366013,0.000688312339515125,עופר חיון,15,16,5,3.2884615384615383,רונית אלקבץ
הילה_ערן,0.016289592760180997,0.0045021255308651965,0.25516702348183645,0.0023118531784637984,הילה ערן,18,18,2,3.5040485829959516,חיים זנאתי
אורי_גוטליב,0.017194570135746608,0.004501617663031579,0.2636192883599277,0.0011334317804717591,אורי גוטליב,19,19,3,3.3917004048582995,אלברט אילוז
ירון_ברלד,0.01809954751131222,0.0043618564970985775,0.2577730479410906,0.007095693368032043,ירון ברלד,20,20,2,3.4686234817813766,שלומי קוריאט
מוסקו_אלקלעי,0.008144796380090498,0.00433685239216121,0.23432048681541587,0.0012432638688757206,מוסקו אלקלעי,9,10,4,3.8157894736842106,חיים זנאתי
גורי_אלפי,0.016289592760180997,0.004152678071895187,0.2877486108449895,0.0019753967571428093,גורי אלפי,18,19,4,3.1072874493927127,ריימונד אמסלם
נלי_תגר,0.01085972850678733,0.004129173371053014,0.2722305809843198,0.0035606339508876318,נלי תגר,12,12,4,3.284412955465587,מוריס כהן
ליא_קניג,0.007239819004524887,0.00410841623233634,0.2462063086104007,0.0003967107995251394,ליא קניג,8,8,3,3.6315789473684212,שרה אדלר
אורי_קלאוזנר,0.015384615384615385,0.0040167994086997985,0.2860713197195977,0.0013363739491184018,אורי קלאוזנר,17,17,6,3.125506072874494,אורנה בנאי
אווה_חדד,0.006334841628959276,0.00396216218749016,0.21672920394850775,2.9325057307366844e-05,אווה חדד,7,7,2,4.125506072874494,נטלי עטיה
דניאל_סבג,0.013574660633484163,0.0038956206662484156,0.2506777058155839,0.00378479778410769,דניאל סבג,15,15,2,3.5668016194331984,דובר קוסאשווילי
עידית_טפרסון,0.014479638009049774,0.0038836138224461114,0.2570978566048073,0.0002681477151735744,עידית טפרסון,16,16,3,3.477732793522267,דניאל סבג
נועה_קולר,0.00904977375565611,0.003882605596571779,0.25203658638919196,0.000527200345510208,נועה קולר,10,10,3,3.5475708502024292,עמוס תמם
אביגיל_אריאלי,0.012669683257918552,0.0038774620049459117,0.2690795721273584,0.0010177591189010808,אביגיל אריאלי,14,14,3,3.3228744939271255,דאנה איבגי
נטע_שפיגלמן,0.01809954751131222,0.003846545094972164,0.28169267707082835,0.00523775762664302,נטע שפיגלמן,20,30,4,3.174089068825911,ריימונד אמסלם
תום_אבני,0.012669683257918552,0.0038447357998845962,0.24919273209989215,0.0009765216063532903,תום אבני,14,14,3,3.588056680161943,אליאנה תדהר
ניב_סולטן,0.01809954751131222,0.003820748624545744,0.26809961617423905,0.0029557236340196284,ניב סולטן,20,20,2,3.33502024291498,ריימונד אמסלם
מלי_לוי,0.015384615384615385,0.003810580285300124,0.2888777747855192,0.008995849894889144,מלי לוי,17,18,4,3.0951417004048585,אוולין הגואל
יאנה_יוסף,0.01085972850678733,0.0037749453949156805,0.26696531740529394,0.0013405816207543533,יאנה יוסף,12,12,2,3.3491902834008096,אסתי זקהיים
אלי_פיניש,0.013574660633484163,0.0037246860903924557,0.28142345820137554,0.001179559793866991,אלי פיניש,15,16,3,3.1771255060728745,זאב רווח
יותם_ישי,0.007239819004524887,0.0037107153534624193,0.24222326166551073,0.00038662351516812273,יותם ישי,8,8,2,3.6912955465587043,דרור קרן
שני_קליין,0.012669683257918552,0.0036418472456499727,0.2782325150532654,0.0014635421314407573,שני קליין,14,14,3,3.2135627530364372,אביב אלוש
רבקה_מיכאלי,0.00904977375565611,0.0036077328407810357,0.256873578160546,0.00031014202046261496,רבקה מיכאלי,10,10,2,3.480769230769231,יחזקאל לזרוב
אביטל_דיקר,0.005429864253393665,0.0035220186083318853,0.2570978566048073,0.0002685360147215339,אביטל דיקר,6,6,3,3.477732793522267,משה איבגי
מילי_אביטל,0.005429864253393665,0.0034933678340334897,0.256351780410365,0.0003221356996915605,מילי אביטל,6,6,4,3.4878542510121457,ענת וקסמן
ריטה_שוקרון,0.005429864253393665,0.003426210576133659,0.27562815453794626,0.0011639537412022603,ריטה שוקרון,6,6,3,3.243927125506073,ששון גבאי
נתי_קלוגר,0.007239819004524887,0.003412886976285097,0.26512251959607375,0.006493171159416309,נתי קלוגר,8,8,2,3.3724696356275303,שלומי קוריאט
עדי_אלון,0.034389140271493215,0.0033980317820212743,0.29574430374761224,0.2111011018373694,עדי אלון,38,53,3,3.0232793522267207,אוולין הגואל
חנה_אזולאי-הספרי,0.007239819004524887,0.0033745853106725288,0.27114433250279857,0.0007185061085152373,חנה אזולאי-הספרי,8,8,3,3.2975708502024292,מיטל גל סויסה
אפרת_דור,0.01085972850678733,0.003341807300982833,0.2713942351134002,0.006305308094339611,אפרת דור,12,12,3,3.2945344129554655,עפר שכטר
דני_שטג,0.011764705882352941,0.0033324863219778896,0.27753321875404263,0.0028385500389522924,דני שטג,13,14,4,3.22165991902834,אורי גבריאל
הרצל_טובי,0.03800904977375566,0.0033165151729173835,0.2954475703324808,0.22506012794137903,הרצל טובי,42,60,4,3.026315789473684,אוולין הגואל
שירה_האס,0.00995475113122172,0.003277682986960717,0.2743441724515894,0.0066102476312062276,שירה האס,11,11,3,3.2591093117408905,גרא סנדלר
סנדרה_שדה,0.004524886877828055,0.003234638336940127,0.23613692469770586,0.0004275219533650406,סנדרה שדה,5,7,4,3.7864372469635628,טלי שרון
__name__:מחמוד שלבי,0.004524886877828055,0.0032329988851727983,0.19927548732102812,1.7816003501374836e-05,מחמוד שלבי,5,5,2,4.4868421052631575,ח'ליפה נאטור
מתי_סרי,0.008144796380090498,0.0032329988851727983,0.23506871615064334,0.0012380639749252054,מתי סרי,9,9,2,3.8036437246963564,ישראל אטיאס
יהודה_אפרוני,0.007239819004524887,0.0032329988851727983,0.238818122545044,0.00030088799098027186,יהודה אפרוני,8,8,2,3.743927125506073,שרון אלכסנדר
אודי_פרסי,0.007239819004524887,0.0032329988851727983,0.25210851463873224,0.0005316052102364737,אודי פרסי,8,8,2,3.5465587044534415,שרון אלכסנדר
אלכסנדר_סנדרוביץ',0.01990950226244344,0.0032329988851727983,0.274173878117355,0.10352225508036561,אלכסנדר סנדרוביץ',22,23,2,3.2611336032388665,אוולין הגואל
אנחל_בונני,0.006334841628959276,0.0032329988851727983,0.24389515055055705,0.0031546639136472367,אנחל בונני,7,7,2,3.665991902834008,מוריס כהן
אסיה_נייפלד,0.004524886877828055,0.0032329988851727983,0.16926388873234674,5.731071653903967e-06,אסיה נייפלד,5,5,2,5.282388663967612,אוהד הול
אולג_לוין,0.005429864253393665,0.0032329988851727983,0.22466638740949074,0.0005230611893400497,אולג לוין,6,6,2,3.979757085020243,אביב אלוש
רועי_ניק,0.011764705882352941,0.0032182571842223453,0.2559062095290028,0.00059628000770527,רועי ניק,13,13,3,3.493927125506073,דרור קרן
אילן_גנני,0.008144796380090498,0.0031949866555430087,0.24470588235294122,0.0001922927865594636,אילן גנני,9,9,2,3.6538461538461537,קובי פרג'
אדיר_מילר,0.011764705882352941,0.0031693373160880793,0.2615896462227177,0.0006217168399641717,אדיר מילר,13,13,3,3.418016194331984,דרור קרן
אביבה_נגוסה,0.01900452488687783,0.0031659828235510224,0.24497732537274478,0.004157622805035418,אביבה נגוסה,21,21,2,3.6497975708502026,דובר קוסאשווילי
דניאל_גד,0.01085972850678733,0.0030442278080232837,0.277011049010385,0.007919531410457323,דניאל גד,12,12,3,3.227732793522267,עפר שכטר
גיל_פרנק,0.007239819004524887,0.002995374529189786,0.26957224146906245,0.0005360906591081988,גיל פרנק,8,8,4,3.3168016194331984,דרור קרן
חני_פירסטנברג,0.013574660633484163,0.0029931584219037694,0.2678557414475796,0.00032070924499495875,חני פירסטנברג,15,15,2,3.338056680161943,משה איבגי
__name__:מעיין תורג'מן,0.00904977375565611,0.00296880070918233,0.2633049881651618,0.00038275256323278174,מעיין תורג'מן,10,10,2,3.395748987854251,טלי שרון
יובל_שרף,0.008144796380090498,0.0029667756998755113,0.25769785160271813,0.0003309674600968101,יובל שרף,9,9,3,3.4696356275303644,ליאור אשכנזי
מכרם_ח'ורי,0.00904977375565611,0.0029601454982836777,0.25538833052735405,0.0005220048318837735,מכרם ח'ורי,10,11,4,3.501012145748988,אופירה רחמים
מיה_דגן,0.012669683257918552,0.0029493983655406292,0.2836827987457025,0.0017196415892440137,מיה דגן,14,15,4,3.151821862348178,ששון גבאי
נורמן_עיסא,0.00995475113122172,0.002924932349428964,0.2850559003853235,0.008661756661977113,נורמן עיסא,11,11,3,3.13663967611336,אוולין הגואל
עלי_סלימאן,0.00904977375565611,0.0029105126920569266,0.28765491217652805,0.0024288560691199438,עלי סלימאן,10,10,3,3.1082995951417005,אורי גבריאל
אופירה_רחמים,0.00995475113122172,0.0028960929472928295,0.26417112299465245,0.011641608375168177,אופירה רחמים,11,11,2,3.3846153846153846,יגאל עדיקא
קלרה_ח'ורי,0.00995475113122172,0.0028429429197367254,0.25283006161823635,0.0002623859045272296,קלרה ח'ורי,11,12,4,3.5364372469635628,מוני מושונוב
קווין_רובין,0.013574660633484163,0.002837603398825374,0.2615896462227177,0.0006124234176081831,קווין רובין,15,15,2,3.418016194331984,אורי פפר
מאיה_מרון,0.007239819004524887,0.002831315207430331,0.2656007923313643,0.0002535252708850497,מאיה מרון,8,8,3,3.366396761133603,משה איבגי
לוסי_דובינצ'יק,0.006334841628959276,0.0028252958077993047,0.2755421819382775,0.0008252670226907007,לוסי דובינצ'יק,7,7,3,3.2449392712550607,ליאור אשכנזי
לימור_גולדשטיין,0.007239819004524887,0.002772786020274149,0.2678557414475796,0.0004101324028064497,לימור גולדשטיין,8,8,3,3.338056680161943,ליאור אשכנזי
דניאל_גל,0.014479638009049774,0.0027577812771777807,0.26891574894798104,0.0015692942061588569,דניאל גל,16,17,3,3.324898785425101,אביב אלוש
מיכל_אמדורסקי,0.01085972850678733,0.0027476680436490752,0.2426890756302521,0.0010484648272582758,מיכל אמדורסקי,12,12,2,3.6842105263157894,אסתי זקהיים
מיקי_לאון,0.00904977375565611,0.002711122222230697,0.2516058773267211,0.0002368412691884246,מיקי לאון,10,10,3,3.5536437246963564,יחזקאל לזרוב
מיטל_דוהן,0.007239819004524887,0.002665941457802837,0.26512251959607375,0.00034053581103458107,מיטל דוהן,8,8,3,3.3724696356275303,מוני מושונוב
הילה_וידור,0.004524886877828055,0.0026043977095928043,0.22062643239113827,0.00032239025784269634,הילה וידור,5,5,2,4.052631578947368,אופירה רחמים
רומי_אבולעפיה,0.00904977375565611,0.0025955618426363224,0.24396250629497865,0.00012759291409523852,רומי אבולעפיה,10,10,3,3.66497975708502,יוסי מרשק
יעל_הדר,0.01085972850678733,0.002572268220541293,0.2608173118671738,0.0006098485237510968,יעל הדר,12,12,4,3.4281376518218623,תומר שרון
ולדימיר_פרידמן,0.01085972850678733,0.0025564670711193294,0.2619775312260135,0.0007483948287975178,ולדימיר פרידמן,12,12,3,3.4129554655870447,דרור קרן
תובל_שפיר,0.013574660633484163,0.002522961437040579,0.2630697544056336,0.006873448436750712,תובל שפיר,15,17,3,3.3987854251012144,עפר שכטר
מיכה_סלקטר,0.00995475113122172,0.002518852146523157,0.2468254359581217,0.0010954623600704062,מיכה סלקטר,11,11,4,3.6224696356275303,אברהם סלקטר
מיטל_גל_סויסה,0.008144796380090498,0.002514925798465259,0.25890628232535684,0.008291321747909629,מיטל גל סויסה,9,9,3,3.4534412955465585,אוולין הגואל
יורם_חטב,0.011764705882352941,0.002509640653114396,0.2798188898619315,0.0009601518727903538,יורם חטב,13,13,5,3.195344129554656,שרון אלכסנדר
מוחמד_בכרי,0.00995475113122172,0.002474352220590489,0.27031463748290013,0.0017036991324209385,מוחמד בכרי,11,11,5,3.3076923076923075,אורי גבריאל
דפנה_רכטר,0.00995475113122172,0.0024428933477595514,0.2626005455690005,0.0011568710711486743,דפנה רכטר,11,12,4,3.4048582995951415,אלברט אילוז
תמיר_גינזבורג,0.01085972850678733,0.0024374081937241663,0.1931325394171661,1.9154192554400437e-05,תמיר גינזבורג,12,12,2,4.629554655870446,אדם גבאי
אנה_דוברוביצקי,0.00904977375565611,0.002436674754168706,0.2784956605593057,0.0014543377037006242,אנה דוברוביצקי,10,10,2,3.210526315789474,ריימונד אמסלם
__name__:שרון פרידמן,0.006334841628959276,0.0024238952645073497,0.21694210100543165,0.00016643023615280618,שרון פרידמן,7,7,3,4.1214574898785425,דני גבע
סיון_לוי,0.006334841628959276,0.0023267061028512657,0.24828224713156766,0.00026273896226966173,סיון לוי,7,7,3,3.6012145748987856,רונית אלקבץ
אמיר_טסלר,0.007239819004524887,0.0022864022089346798,0.24689442014927832,0.00046583652998074914,אמיר טסלר,8,8,2,3.6214574898785425,דור הררי
יוסף_שילוח,0.006334841628959276,0.002282854577535566,0.271310883075589,0.001297696195328675,יוסף שילוח,7,7,3,3.2955465587044532,אורי גבריאל
נתן_רביץ,0.00995475113122172,0.0022301316022935334,0.2722305809843198,0.0017554409623186764,נתן רביץ,11,12,3,3.284412955465587,דרור קרן
מרלן_בג'אלי,0.01085972850678733,0.0021514928382068512,0.24215686274509804,0.0003605547610056851,מרלן בג'אלי,12,12,2,3.6923076923076925,דאנה איבגי
הילה_פלדמן,0.00904977375565611,0.0020887748494835936,0.25898218566230363,0.0003748622837714417,הילה פלדמן,10,10,2,3.4524291497975708,שרון אלכסנדר
יעל_לבנטל,0.00995475113122172,0.0020611566861300423,0.23992075917819602,0.00018789429122295797,יעל לבנטל,11,11,2,3.7267206477732793,דניאל סבג
חיים_אוסדון,0.00904977375565611,0.002026184650291212,0.26496347789265673,0.0070122226630109806,חיים אוסדון,10,11,2,3.374493927125506,שלומי קוריאט
טל_פרידמן,0.012669683257918552,0.0020213519667950835,0.25943854193659843,0.000248225610031061,טל פרידמן,14,14,4,3.4463562753036436,גילה אלמגור
__name__:יוגב קינן,0.01809954751131222,0.0020212312676172917,0.2805297666859694,0.012148757697164971,יוגב קינן,20,22,2,3.187246963562753,אריק משעלי
מורן_אטיאס,0.013574660633484163,0.0020152356336355453,0.26949000466568573,0.01188999766549684,מורן אטיאס,15,15,2,3.317813765182186,יגאל עדיקא
גלעד_כהנא,0.004524886877828055,0.0019878254363666636,0.21683560021946924,3.268840166894709e-05,גלעד כהנא,5,5,2,4.123481781376518,מכרם ח'ורי
סלים_דאו,0.005429864253393665,0.001981478729831231,0.26074032918952705,0.00047109782486104554,סלים דאו,6,6,3,3.42914979757085,שרון אלכסנדר
ליאת_גליק,0.006334841628959276,0.0019719417849074854,0.22506706631697268,3.633040153739211e-05,ליאת גליק,7,7,3,3.972672064777328,יפתח קליין
דלית_קהן,0.006334841628959276,0.0019659120258290743,0.2627567624313259,0.00029864206421366054,דלית קהן,7,7,3,3.402834008097166,משה איבגי
בת_אל_מוסרי,0.007239819004524887,0.0019153160548408294,0.2460006224712107,0.0031716409241514826,בת אל מוסרי,8,8,2,3.6346153846153846,מוריס כהן
קרן_ברגר,0.007239819004524887,0.0018942686510151207,0.2690795721273584,0.006515164337275229,קרן ברגר,8,8,3,3.3228744939271255,עפר שכטר
היאם_עבאס,0.004524886877828055,0.0018193696644920303,0.2341341731497794,8.08014659325481e-05,היאם עבאס,5,5,3,3.818825910931174,חנה לסלאו
מיכל_זוארץ,0.004524886877828055,0.001813355310515825,0.2601260999099287,0.0011875864325836035,מיכל זוארץ,5,5,3,3.437246963562753,אורי גבריאל
אורנה_פורת,0.011764705882352941,0.0016969233476290516,0.2737490657868354,0.0018858152266781236,אורנה פורת,13,13,2,3.266194331983806,יגאל נאור
גל_זייד,0.00904977375565611,0.0016923870814946817,0.27937641849908845,0.0014103730888837293,גל זייד,10,10,3,3.200404858299595,ריימונד אמסלם
דניאל_ליטמן,0.01809954751131222,0.0016638535713515254,0.2708118440509251,0.011353540487267612,דניאל ליטמן,20,20,2,3.3016194331983804,יפה לוי
אוראל_צברי,0.037104072398190045,0.001660656809470485,0.28982553651381815,0.23395569148986545,אוראל צברי,41,59,3,3.08502024291498,אוולין הגואל
רמי_קאשי,0.02986425339366516,0.0016278514727504835,0.27937641849908845,0.11721840849521128,רמי קאשי,33,34,2,3.200404858299595,אוולין הגואל
מאור_כהן,0.00904977375565611,0.0016206675197259423,0.24031235998207773,9.422813821845833e-05,מאור כהן,10,10,2,3.720647773279352,דב נבון
נטע_ריסקין,0.0036199095022624436,0.001618138894353728,0.22814778804083619,0.00021027278571777563,נטע ריסקין,4,4,2,3.919028340080972,עירית קפלן
אסף_בן_שמעון,0.005429864253393665,0.001618138894353728,0.26027938576727094,0.0018263437875501937,אסף בן שמעון,6,6,2,3.435222672064777,ששון גבאי
__name__:אסי דיין,0.0018099547511312218,0.001618138894353728,0.19630849673202616,4.058365813572779e-06,אסי דיין,2,2,2,4.554655870445344,טינקרבל
הלנה_ירלובה,0.0027149321266968325,0.001618138894353728,0.23363878214602427,0.000344892277866985,הלנה ירלובה,3,3,2,3.826923076923077,דרור קרן
דן_תורן,0.004524886877828055,0.0016181388943537279,0.2283837216375692,0.00013194085448237948,דן תורן,5,5,2,3.91497975708502,יחזקאל לזרוב
יערה_פלציג,0.007239819004524887,0.0015801072002847862,0.24926304607621833,0.00036489030661180716,יערה פלציג,8,8,2,3.5870445344129553,מנשה נוי
אילן_דר,0.007239819004524887,0.00154971835069441,0.25355575065847236,0.0006739805386194382,אילן דר,8,8,3,3.526315789473684,זאב רווח
יהודה_לוי_(שחקן),0.015384615384615385,0.0014981946337979239,0.24349179583630587,0.00014164431328161318,יהודה לוי,17,17,3,3.672064777327935,חנן סביון
עידו_טאקו,0.00904977375565611,0.0014821681027033888,0.24189163069389863,0.000337384935532709,עידו טאקו,10,10,2,3.6963562753036436,נטע גרטי
__name__:ניתאי גבירץ,0.005429864253393665,0.0014645929860807325,0.22685881748693315,4.082814608827907e-05,ניתאי גבירץ,6,6,2,3.9412955465587043,אורלי זילברשץ
ליאנה_עיון,0.017194570135746608,0.001463548384289974,0.2703973784187688,0.005237007473684686,ליאנה עיון,19,29,3,3.3066801619433197,ריימונד אמסלם
ג'וליה_מסלאווי,0.01809954751131222,0.0014069698005093599,0.27955323901712587,0.04155710846157311,ג'וליה מסלאווי,20,21,2,3.1983805668016196,יגאל עדיקא
אלון_דהן_(שחקן),0.012669683257918552,0.001394288191039883,0.28432192960866354,0.011329786972732864,אלון דהן,14,14,2,3.1447368421052633,הרצל טובי
שלום_מיכאלשווילי,0.008144796380090498,0.001384585685097738,0.23401012855473313,0.0006471908921139377,שלום מיכאלשווילי,9,12,3,3.82085020242915,ציון ברוך
אביטל_אברג'יל,0.0036199095022624436,0.0013822984668292971,0.24968576463937753,0.00018857871945263796,אביטל אברג'יל,4,4,2,3.580971659919028,משה איבגי
עינת_שרוף,0.015384615384615385,0.001376263394262228,0.27006671821892925,0.01855323453564888,עינת שרוף,17,17,2,3.3107287449392713,אוולין הגואל
אלדד_פריבס,0.00995475113122172,0.0013699543264165826,0.2614348136413488,0.001077488713445613,אלדד פריבס,11,11,2,3.4200404858299596,ריימונד אמסלם
איצ'ו_אביטל,0.005429864253393665,0.0013658550690374732,0.20077005347593585,9.535429640447887e-06,איצ'ו אביטל,6,6,2,4.4534412955465585,ישי גולן
יעל_טוקר,0.007239819004524887,0.0013304290054048035,0.24057413815199283,8.331414170113848e-05,יעל טוקר,8,8,2,3.716599190283401,צחי גראד
תומר_שרון,0.00904977375565611,0.001308231184383472,0.25860311337649816,0.006839030274794505,תומר שרון,10,10,2,3.45748987854251,שלומי קוריאט
גבי_עמרני,0.005429864253393665,0.0012981647211396392,0.2365796023819276,0.0003035778716115596,גבי עמרני,6,7,3,3.779352226720648,שמיל בן ארי
גיא_עמיר,0.013574660633484163,0.0012951181155877816,0.28223266303326444,0.002233022738404064,גיא עמיר,15,19,3,3.168016194331984,יגאל נאור
לאורה_ריבלין,0.0036199095022624436,0.0012798847008288624,0.2634620445255346,0.0005272679006836949,לאורה ריבלין,4,4,2,3.3937246963562755,שרון אלכסנדר
אסי_כהן,0.016289592760180997,0.0012530007469768864,0.2498269896193772,0.00020142438636527456,אסי כהן,18,19,3,3.5789473684210527,חנן סביון
אסנת_פישמן,0.008144796380090498,0.0012277925346536375,0.2631481189437348,0.0003340872631411055,אסנת פישמן,9,9,2,3.3977732793522266,אריה צ'רנר
גל_אמיתי,0.00995475113122172,0.001206685140634744,0.26104853288833263,0.0008334862758188501,גל אמיתי,11,11,2,3.425101214574899,יגאל נאור
יעל_גרובגלס,0.006334841628959276,0.001112563459146255,0.27122758222109844,0.006190170734337521,יעל גרובגלס,7,7,2,3.2965587044534415,עפר שכטר
משה_אשכנזי_(שחקן),0.005429864253393665,0.0010861067307397624,0.2511052402768953,0.000616369731477749,משה אשכנזי,6,6,2,3.5607287449392713,אביב אלוש
נטלי_פורטמן,0.004524886877828055,0.001080189448046959,0.23798174442190673,8.642812100080448e-05,נטלי פורטמן,5,5,2,3.757085020242915,חנה לסלאו
אלי_אלטוניו,0.007239819004524887,0.001051319937864409,0.2460006224712107,0.0005620611463279477,אלי אלטוניו,8,8,2,3.6346153846153846,זאב רווח
עמית_רהב,0.014479638009049774,0.001025850296144728,0.26891574894798104,0.0049871734209859225,עמית רהב,16,26,3,3.324898785425101,ריימונד אמסלם
דן_תורג'מן,0.008144796380090498,0.0010222357706019401,0.2676934046345811,0.0004721632710817857,דן תורג'מן,9,9,2,3.340080971659919,משה איבגי
מאור_לוי_(שחקן),0.01085972850678733,0.0010149686527057757,0.2678557414475796,0.007404966418798733,מאור לוי,12,12,2,3.338056680161943,עדי אלון
__name__:רועי אסף,0.007239819004524887,0.0009879666622592453,0.254946099651982,0.0013329973927535244,רועי אסף,8,9,2,3.507085020242915,אורי גבריאל
__name__:אורנלה בס,0.007239819004524887,0.0009879666622592453,0.254946099651982,0.0013329973927535229,אורנלה בס,8,9,2,3.507085020242915,אורי גבריאל
יון_תומרקין,0.015384615384615385,0.0009785760434805045,0.2677745484371378,0.008486757639220095,יון תומרקין,17,17,2,3.3390688259109313,יפה לוי
הדס_ירון,0.00995475113122172,0.0009561204781792173,0.24169308763176955,0.00026936053732568634,הדס ירון,11,11,2,3.6993927125506074,טלי שרון
איציק_כהן_(שחקן),0.011764705882352941,0.0009498601891755746,0.2768374287979059,0.017796474364081903,איציק כהן,13,13,2,3.229757085020243,אוולין הגואל
יוסף_סוויד,0.00904977375565611,0.0009264054707413569,0.24572690828765442,0.00013929096654776075,יוסף סוויד,10,10,2,3.638663967611336,יוסי מרשק
הנרי_דוד,0.005429864253393665,0.0009172872276186416,0.24856168691449568,0.0008551330289089496,הנרי דוד,6,7,3,3.597165991902834,ששון גבאי
אייל_רוזלס,0.008144796380090498,0.0009156963120975502,0.18644749584088596,1.1974574747840916e-05,אייל רוזלס,9,9,2,4.795546558704453,אסתי ירושלמי
אופק_פסח,0.00904977375565611,0.0009134399790739127,0.24579527971455695,0.0035140009081836487,אופק פסח,10,10,2,3.6376518218623484,מוריס כהן
אורנה_פיטוסי,0.007239819004524887,0.0008785381007586843,0.2456585748871295,0.000334258511438912,אורנה פיטוסי,8,8,2,3.639676113360324,שרון אלכסנדר
אורנה_בנאי,0.01085972850678733,0.0008715187187814403,0.27735894357743096,0.017420641989606515,אורנה בנאי,12,12,3,3.223684210526316,אוולין הגואל
אלונה_איב,0.007239819004524887,0.0008670967459082663,0.2456585748871295,0.006058293078614504,אלונה איב,8,8,2,3.639676113360324,גרא סנדלר
שמיל_בן-ארי,0.005429864253393665,0.0008669222913141334,0.2577730479410906,0.0006605134383358279,שמיל בן-ארי,6,6,2,3.4686234817813766,זאב רווח
דודו_טסה,0.00904977375565611,0.0008306221046456538,0.25650064904010383,0.0013603292338345337,דודו טסה,10,10,2,3.48582995951417,אורי גבריאל
מריאנו_אידלמן,0.00904977375565611,0.0008117786279977534,0.25943854193659843,0.0004057066309900637,מריאנו אידלמן,10,11,2,3.4463562753036436,אושרי כהן
נעמי_לבוב,0.007239819004524887,0.0007681655796117775,0.2688339121406323,0.007015078307518507,נעמי לבוב,8,8,2,3.325910931174089,שלומי קוריאט
תאופיק_ברהום,0.007239819004524887,0.0007633688940382092,0.2794648007890281,0.0020608816125661416,תאופיק ברהום,8,8,2,3.1993927125506074,אורי גבריאל
ענת_עצמון,0.00904977375565611,0.0007481201423753319,0.26834393538703455,0.0007117256343598982,ענת עצמון,10,10,2,3.331983805668016,דאנה איבגי
יובל_סמו,0.015384615384615385,0.0007341110884577207,0.2475170174542218,0.00019386506038016632,יובל סמו,17,18,2,3.6123481781376516,חנן סביון
דנה_פרידר,0.005429864253393665,0.0007099417800151426,0.24156090656114784,0.00021004235748187284,דנה פרידר,6,6,2,3.701417004048583,שמואל וילוז'ני
עודד_לאופולד,0.005429864253393665,0.0006899691927363242,0.23746995572422516,0.0002050017327345589,עודד לאופולד,6,6,2,3.7651821862348176,נטע שפיגלמן
דפנה_דקל,0.0036199095022624436,0.000676868694550295,0.24524937126433027,0.00011361536625627416,דפנה דקל,4,4,2,3.645748987854251,אלון אבוטבול
רני_בלייר,0.007239819004524887,0.0006747814347334323,0.2618998622277254,0.0017932028229273203,רני בלייר,8,8,2,3.4139676113360324,אורי גבריאל
אביגיל_הררי,0.00904977375565611,0.0006722869852367356,0.2602027202633631,0.000994866146744252,אביגיל הררי,10,10,2,3.4362348178137654,ששון גבאי
דליה_שימקו,0.01085972850678733,0.0006648172940091517,0.24189163069389863,0.00036066483475945027,דליה שימקו,12,12,2,3.6963562753036436,רותם קינן
צביקה_הדר,0.00995475113122172,0.0006558426716883572,0.2592862445829521,0.012418167218230993,צביקה הדר,11,11,2,3.4483805668016196,יגאל עדיקא
מרים_זוהר,0.004524886877828055,0.0006539676415543058,0.24044317781549204,7.727692460476268e-05,מרים זוהר,5,5,2,3.7186234817813766,גילה אלמגור
חן_אמסלם-זגורי,0.01085972850678733,0.0006533853977149555,0.24926304607621833,0.0007375632222870366,חן אמסלם-זגורי,12,12,2,3.5870445344129553,עמוס תמם
סמדר_קילצ'ינסקי,0.0027149321266968325,0.0006410552655967533,0.2432906183679751,0.0003033692346004828,סמדר קילצ'ינסקי,3,3,2,3.675101214574899,שרון אלכסנדר
גילת_אנקורי,0.007239819004524887,0.000622018931045144,0.23998593732521534,0.0002941226999050413,גילת אנקורי,8,8,2,3.7257085020242915,קובי פרג'
לנה_אטינגר,0.004524886877828055,0.000610864601150894,0.24037775110044018,0.0005354373019078807,לנה אטינגר,5,5,2,3.7196356275303644,רותם זיסמן-כהן
עירית_שלג,0.005429864253393665,0.0005967402999774495,0.24222326166551073,0.00047227447004194944,עירית שלג,6,6,2,3.6912955465587043,עמוס תמם
מעיין_בלום,0.01085972850678733,0.0005727674036102731,0.27239846910086885,0.0012747558302766695,מעיין בלום,12,12,2,3.282388663967611,אביב אלוש
אסנת_חכים,0.0036199095022624436,0.0005720877563117863,0.22680057388809183,0.00017195638490527008,אסנת חכים,4,4,2,3.9423076923076925,גיא לואל
ברוך_ברנר,0.006334841628959276,0.0005607268673840915,0.24477368669828695,0.0003084207388481004,ברוך ברנר,7,7,2,3.652834008097166,יהורם גאון
משה_פולקנפליק,0.006334841628959276,0.0005600571475697604,0.24402989925251872,0.0004863425590645584,משה פולקנפליק,7,7,2,3.6639676113360324,זאב רווח
סיגלית_פוקס,0.007239819004524887,0.0005580826228046885,0.24710160427807487,0.00012855212672162743,סיגלית פוקס,8,8,2,3.6184210526315788,קרן מור
__name__:יבגני אורלוב,0.006334841628959276,0.0005376602737045863,0.23791765022734115,0.0010364633837365094,יבגני אורלוב,7,7,2,3.7580971659919027,אביב אלוש
סער_בדישי,0.005429864253393665,0.0005166174844337575,0.2531198381931569,0.001300154242314588,סער בדישי,6,6,2,3.532388663967611,אורי גבריאל
שולי_רנד,0.006334841628959276,0.0004985863980226127,0.2731565353414093,0.0014869299445067182,שולי רנד,7,7,2,3.2732793522267207,יגאל נאור
הילי_ילון,0.004524886877828055,0.00048090365109237584,0.24423230171250143,0.0005306988684798511,הילי ילון,5,5,2,3.6609311740890687,דרור קרן
שאול_מזרחי,0.004524886877828055,0.0004801692978588032,0.21410281999372702,1.4274720555376034e-05,שאול מזרחי,5,5,2,4.176113360323886,ג'וליאנו מר
חנה_מרון,0.004524886877828055,0.00044566821983914177,0.2545787421596881,0.00020854255089175478,חנה מרון,5,5,2,3.5121457489878543,משה איבגי
רבקה_נוימן,0.0036199095022624436,0.000422833199856982,0.2462063086104007,0.00024857226551465493,רבקה נוימן,4,4,2,3.6315789473684212,שמיל בן ארי
אורלי_פרל,0.004524886877828055,0.00041166440568938856,0.23463166940082808,0.0011538329863566385,אורלי פרל,5,5,2,3.8107287449392713,אסתי זקהיים
עדנה_בליליוס,0.006334841628959276,0.00041054605983981856,0.2697368657386619,0.0015419741225496063,עדנה בליליוס,7,7,2,3.314777327935223,ריימונד אמסלם
אבי_קושניר,0.004524886877828055,0.000394070572809654,0.2474476849563355,0.00021409527162087895,אבי קושניר,5,5,2,3.61336032388664,יבגניה דודינה
חן_יאני,0.006334841628959276,0.0003903835735704419,0.22426713259561248,3.933633981458361e-05,חן יאני,7,7,2,3.986842105263158,יפתח קליין
איה_קורן,0.01085972850678733,0.00037554007439067927,0.23613692469770586,0.00011430199162664414,איה קורן,12,12,2,3.7864372469635628,חנן סביון
דניאל_מורשת,0.006334841628959276,0.00034717556695424264,0.24593213677453166,0.006593856164261021,דניאל מורשת,7,9,2,3.6356275303643724,עפר שכטר
אבי_גרייניק,0.007239819004524887,0.0003334280625918719,0.24248922187595875,0.0006034465696889629,אבי גרייניק,8,8,2,3.687246963562753,מורן אטיאס
__name__:קוסטה קפלן,0.008144796380090498,0.00033110283160053556,0.2362000629128657,0.00023861036422808538,קוסטה קפלן,9,9,2,3.785425101214575,טלי שרון
שרון_טל,0.005429864253393665,0.0003200614752206426,0.2541393081973871,0.0003241334344571693,שרון טל,6,6,2,3.5182186234817814,רותם קינן
אסף_הרץ,0.005429864253393665,0.000319143559078787,0.22257199175966685,7.286698114084953e-05,אסף הרץ,6,6,2,4.017206477732794,ריקי בליך
נתן_דטנר,0.0036199095022624436,0.00026750271816113405,0.26552096041302004,0.0006204727592912163,נתן דטנר,4,5,2,3.367408906882591,דרור קרן
יובל_ינאי,0.0036199095022624436,0.00026359837739736144,0.1843464597859177,1.2346972696004209e-05,יובל ינאי,4,4,2,4.850202429149798,הילה וידור
אפרת_גוש,0.004524886877828055,0.00017438121343562674,0.22750147702655618,6.959821729726697e-05,אפרת גוש,5,5,2,3.9301619433198383,מוחמד בכרי
חי_דוידוב,0.028054298642533938,7.084365694355903e-05,0.27709794080743966,0.2092159189586965,חי דוידוב,31,46,2,3.2267206477732793,אוולין הגואל
דניאל_אסייג,0.028054298642533938,7.084365694355903e-05,0.27709794080743966,0.20921591895869654,דניאל אסייג,31,46,2,3.2267206477732793,אוולין הגואל
שרלין_חזיזה,0.028054298642533938,7.084365694355903e-05,0.27709794080743966,0.2092159189586966,שרלין חזיזה,31,46,2,3.2267206477732793,אוולין הגואל
דניאל_סוויסה,0.028054298642533938,7.084365694355903e-05,0.27709794080743966,0.20921591895869665,דניאל סוויסה,31,46,2,3.2267206477732793,אוולין הגואל
אריה_מוסקונה,0.0036199095022624436,6.55640716567028e-05,0.22518180863984646,0.0011316161224231192,אריה מוסקונה,4,4,2,3.970647773279352,אסתי זקהיים
אוולין_קפלון,0.0027149321266968325,2.6377233325229924e-05,0.2432906183679751,0.0011007093779664605,אוולין קפלון,3,3,2,3.675101214574899,אורי גבריאל
ארנון_צדוק,0.0036199095022624436,2.2728857767220933e-05,0.243626099088284,0.0011364942376479916,ארנון צדוק,4,4,2,3.6700404858299596,אורי גבריאל
רובא_בלאל-עספור,0.005429864253393665,1.3115614138632041e-05,0.005429864253393665,,רובא בלאל-עספור,6,6,2,,
נטע_מורן,0.0027149321266968325,3.920005334032484e-06,0.2147795369059367,4.7538028570954885e-05,נטע מורן,3,4,2,4.162955465587045,אסי דיין
דוד_שאול,0.006334841628959276,1.229588825496754e-06,0.21410281999372702,0.00044710926746697777,דוד שאול,7,10,2,4.176113360323886,ציון ברוך
אסי_ישראלוף,0.006334841628959276,1.229588825496754e-06,0.21410281999372702,0.00044710926746697815,אסי ישראלוף,7,10,2,4.176113360323886,ציון ברוך
__name__:מוראד חסן,0.005429864253393665,0.0,0.18013626331446117,0.00017632048493563033,מוראד חסן,6,6,1,4.963562753036437,מעין וינשטוק
__name__:פיני גואטה,0.005429864253393665,0.0,0.18013626331446117,0.0001763204849356307,פיני גואטה,6,6,1,4.963562753036437,מעין וינשטוק
__name__:נופר אלדיס,0.005429864253393665,0.0,0.18013626331446117,0.0001763204849356287,נופר אלדיס,6,6,1,4.963562753036437,מעין וינשטוק
יהודה_ברקן,0.0009049773755656109,0.0,0.0009049773755656109,,יהודה ברקן,1,1,2,,
__name__:בן ציון,0.0009049773755656109,0.0,0.0009049773755656109,,בן ציון,1,1,1,,
אגם_רודברג,0.0009049773755656109,0.0,0.18195432240867512,3.2486271924912017e-06,אגם רודברג,1,1,1,4.913967611336032,דן תורן
זהרירה_חריפאי,0.0027149321266968325,0.0,0.22963042248352422,0.005479712822581188,זהרירה חריפאי,3,3,1,3.8937246963562755,גרא סנדלר
__name__:יואב סעדיאן רוזנברג,0.0036199095022624436,0.0,0.2099805646052098,0.00019652370616033983,יואב סעדיאן רוזנברג,4,4,1,4.258097165991903,נתי קלוגר
עידן_ברקאי,0.0036199095022624436,0.0,0.2099805646052098,0.00019652370616033825,עידן ברקאי,4,4,1,4.258097165991903,נתי קלוגר
בר_מיניאלי,0.0036199095022624436,0.0,0.2099805646052098,0.0001965237061603377,בר מיניאלי,4,4,1,4.258097165991903,נתי קלוגר
אריה_אליאס,0.0018099547511312218,0.0,0.23791765022734115,0.0009912178657084658,אריה אליאס,2,2,1,3.7580971659919027,אסתי זקהיים
מאיר_סוויסה,0.004524886877828055,0.0,0.23888270289186528,0.0004370437390056608,מאיר סוויסה,5,5,1,3.742914979757085,יהורם גאון
__name__:זאב רווח,0.0009049773755656109,0.0,0.0009049773755656109,,זאב רווח,1,1,1,,
__name__:איתן בלום,0.0018099547511312218,0.0,0.23463166940082808,0.00017346779103578563,איתן בלום,2,2,1,3.8107287449392713,רונית אלקבץ
שמוליק_קראוס,0.0036199095022624436,0.0,0.18131942432145273,6.8179406560207714e-06,שמוליק קראוס,4,4,1,4.931174089068826,אסתי ירושלמי
ג'ף_גולדבלום,0.0027149321266968325,0.0,0.21887716434442955,7.22542530115015e-05,ג'ף גולדבלום,3,3,1,4.08502024291498,איילת זורר
וילם_דפו,0.0027149321266968325,0.0,0.21887716434442955,7.225425301150226e-05,וילם דפו,3,3,1,4.08502024291498,איילת זורר
דרק_ג'קובי,0.0027149321266968325,0.0,0.21887716434442955,7.22542530115026e-05,דרק ג'קובי,3,3,1,4.08502024291498,איילת זורר
נתי_רביץ,0.0027149321266968325,0.0,0.21410281999372702,5.167323669444604e-05,נתי רביץ,3,3,1,4.176113360323886,ריקי בליך
__name__:תומר שטיינהוף,0.0018099547511312218,0.0,0.21969366707140456,7.362793303416405e-05,תומר שטיינהוף,2,2,1,4.069838056680162,שי אביבי
רונית_יודקביץ',0.0018099547511312218,0.0,0.21969366707140456,7.362793303416317e-05,רונית יודקביץ',2,2,1,4.069838056680162,שי אביבי
אשר_צרפתי,0.0009049773755656109,0.0,0.0009049773755656109,,אשר צרפתי,1,1,1,,
גילי_שושן,0.00904977375565611,0.0,0.2703973784187688,0.0018578251010666613,גילי שושן,10,10,1,3.3066801619433197,יגאל נאור
יובל_זמיר,0.00904977375565611,0.0,0.2703973784187688,0.0018578251010666624,יובל זמיר,10,10,1,3.3066801619433197,יגאל נאור
שבתאי_קונורטי,0.00904977375565611,0.0,0.2703973784187688,0.0018578251010666592,שבתאי קונורטי,10,10,1,3.3066801619433197,יגאל נאור
__name__:ענבר סוירפמן,0.00904977375565611,0.0,0.2703973784187688,0.0018578251010666624,ענבר סוירפמן,10,10,1,3.3066801619433197,יגאל נאור
ריטה_זוהר,0.0009049773755656109,0.0,0.23582173926698283,0.00016126008589846562,ריטה זוהר,1,1,1,3.791497975708502,מוני מושונוב
__name__:דניאל קלטג'ירונה,0.0018099547511312218,0.0,0.2187145915558598,3.4047148216220114e-05,דניאל קלטג'ירונה,2,2,1,4.088056680161944,נטלי עטיה
דבורה_קידר,0.0027149321266968325,0.0,0.23357700563038541,6.790828128491772e-05,דבורה קידר,3,3,1,3.827935222672065,גילה אלמגור
גור_בנטביץ',0.0018099547511312218,0.0,0.22212427339555385,3.691069170564104e-05,גור בנטביץ',2,2,1,4.025303643724697,צחי גראד
__name__:אליה ענבר,0.0018099547511312218,0.0,0.22212427339555385,3.6910691705640943e-05,אליה ענבר,2,2,1,4.025303643724697,צחי גראד
אריאל_זילבר,0.0,0.0,0.0,,אריאל זילבר,0,0,1,,
__name__:גיא גארנר,0.0036199095022624436,0.0,0.17867885018084906,1.006374454449586e-06,גיא גארנר,4,4,1,5.004048582995951,אווה חדד
חיים_בנאי,0.0036199095022624436,0.0,0.17867885018084906,1.00637445444963e-06,חיים בנאי,4,4,1,5.004048582995951,אווה חדד
ברוך_דוד,0.0036199095022624436,0.0,0.17867885018084906,1.0063744544502638e-06,ברוך דוד,4,4,1,5.004048582995951,אווה חדד
יעל_פולמן,0.004524886877828055,0.0,0.23836703596711217,0.00040248061783097815,יעל פולמן,5,5,1,3.751012145748988,אלישע בנאי
__name__:תמר ירושלמי,0.0009049773755656109,0.0,0.2087401312131658,8.76693751964237e-05,תמר ירושלמי,1,1,1,4.283400809716599,נלי תגר
__name__:מיכל בת-אדם,0.0009049773755656109,0.0,0.20154876461193652,2.924056838541544e-05,מיכל בת-אדם,1,1,2,4.436234817813765,מיכל זוארץ
אבי_אוריה,0.0018099547511312218,0.0,0.23979050903749125,0.00106039475385399,אבי אוריה,2,2,1,3.7287449392712553,אורי גבריאל
אילנית_לוי,0.008144796380090498,0.0,0.2346940051259611,0.0010111476170561824,אילנית לוי,9,9,1,3.8097165991902835,אסתי זקהיים
אורית_פוקס,0.008144796380090498,0.0,0.2346940051259611,0.0010111476170561835,אורית פוקס,9,9,1,3.8097165991902835,אסתי זקהיים
פנינה_רוזנבלום,0.008144796380090498,0.0,0.2346940051259611,0.0010111476170561854,פנינה רוזנבלום,9,9,1,3.8097165991902835,אסתי זקהיים
אמירה_בוזגלו,0.008144796380090498,0.0,0.2346940051259611,0.0010111476170561828,אמירה בוזגלו,9,9,1,3.8097165991902835,אסתי זקהיים
הדר_לוי,0.008144796380090498,0.0,0.2346940051259611,0.0010111476170561848,הדר לוי,9,9,1,3.8097165991902835,אסתי זקהיים
אנה_ארונוב,0.008144796380090498,0.0,0.2346940051259611,0.0010111476170561854,אנה ארונוב,9,9,1,3.8097165991902835,אסתי זקהיים
חוה_אלברשטיין,0.0018099547511312218,0.0,0.1857418493049028,3.138418610761069e-05,חוה אלברשטיין,2,2,1,4.813765182186235,מוסקו אלקלעי
אבי_פניני,0.0018099547511312218,0.0,0.1857418493049028,3.1384186107607884e-05,אבי פניני,2,2,1,4.813765182186235,מוסקו אלקלעי
__name__:עידן ברדך,0.0027149321266968325,0.0,0.23143522014517098,0.00022655180579147195,עידן ברדך,3,3,1,3.86336032388664,אושרי כהן
יונתן_צ'רצ'י,0.0027149321266968325,0.0,0.23143522014517098,0.00022655180579147206,יונתן צ'רצ'י,3,3,1,3.86336032388664,אושרי כהן
אילנית_בן-יעקב,0.0027149321266968325,0.0,0.2293919073731804,0.00042046471008911826,אילנית בן-יעקב,3,3,1,3.8977732793522266,פלורנס בלוך
גליה_ישי,0.0027149321266968325,0.0,0.2293919073731804,0.00042046471008911864,גליה ישי,3,3,1,3.8977732793522266,פלורנס בלוך
יעקב_בודו,0.0027149321266968325,0.0,0.15983141583030896,1.784429390151193e-07,יעקב בודו,3,3,1,5.59412955465587,תמר אלקן
עומר_חזן,0.006334841628959276,0.0,0.24416479693038076,0.0017018730920796733,עומר חזן,7,7,1,3.661943319838057,אורי גבריאל
ישראל_אוגלבו,0.006334841628959276,0.0,0.24416479693038076,0.0017018730920796722,ישראל אוגלבו,7,7,1,3.661943319838057,אורי גבריאל
טיילור_מלכוב,0.006334841628959276,0.0,0.24416479693038076,0.0017018730920796738,טיילור מלכוב,7,7,1,3.661943319838057,אורי גבריאל
__name__:רז מזרחי,0.006334841628959276,0.0,0.24416479693038076,0.0017018730920796731,רז מזרחי,7,7,1,3.661943319838057,אורי גבריאל
__name__:נאור ואטורי,0.006334841628959276,0.0,0.24416479693038076,0.001701873092079673,נאור ואטורי,7,7,1,3.661943319838057,אורי גבריאל
יוסי_פולק,0.0027149321266968325,0.0,0.22455216962229732,7.330659956710539e-05,יוסי פולק,3,3,1,3.9817813765182186,אורנה פורת
אתל_קובינסקה,0.0018099547511312218,0.0,0.0018099547511312218,,אתל קובינסקה,2,2,1,,
__name__:יוסי אולו,0.0018099547511312218,0.0,0.0018099547511312218,,יוסי אולו,2,2,1,,
__name__:סילביה דרורי,0.0018099547511312218,0.0,0.0018099547511312218,,סילביה דרורי,2,2,1,,
אור_אילן,0.004524886877828055,0.0,0.25377427040911166,0.0002547909831148635,אור אילן,5,5,1,3.5232793522267207,משה איבגי
צחי_נוי,0.01809954751131222,0.0,0.2740037950664137,0.10339666126619708,צחי נוי,20,21,1,3.263157894736842,אוולין הגואל
אלי_גורנשטיין,0.005429864253393665,0.0,0.24031235998207773,0.00011526767646203913,אלי גורנשטיין,6,6,1,3.720647773279352,גילה אלמגור
אינה_בקלמן,0.0036199095022624436,0.0,0.24109940919599282,0.00038484438239161806,אינה בקלמן,4,4,1,3.708502024291498,דרור קרן
__name__:נועם קפלן,0.0018099547511312218,0.0,0.0018099547511312218,,נועם קפלן,2,2,1,,
דני_קליין,0.0018099547511312218,0.0,0.0018099547511312218,,דני קליין,2,2,1,,
__name__:יותם אביבי,0.0018099547511312218,0.0,0.0018099547511312218,,יותם אביבי,2,2,1,,
__name__:תמיר מולא,0.005429864253393665,0.0,0.22891636053229272,0.005932590951755201,תמיר מולא,6,6,1,3.9058704453441297,גרא סנדלר
__name__:עדן חלילי,0.005429864253393665,0.0,0.22891636053229272,0.005932590951755203,עדן חלילי,6,6,1,3.9058704453441297,גרא סנדלר
__name__:אור ברק,0.005429864253393665,0.0,0.22891636053229272,0.0059325909517552065,אור ברק,6,6,1,3.9058704453441297,גרא סנדלר
__name__:נדיה טיכונובה,0.005429864253393665,0.0,0.22891636053229272,0.0059325909517552065,נדיה טיכונובה,6,6,1,3.9058704453441297,גרא סנדלר
סמי_סמיר,0.0009049773755656109,0.0,0.0009049773755656109,,סמי סמיר,1,1,1,,
__name__:טטיאנה בלכר,0.0009049773755656109,0.0,0.0009049773755656109,,טטיאנה בלכר,1,1,1,,
__name__:דבורה קידר,0.0009049773755656109,0.0,0.24835204815690687,0.0001753915309368164,דבורה קידר,1,1,1,3.6002024291497974,משה איבגי
ניקי_גולדשטיין,0.0018099547511312218,0.0,0.0018099547511312218,,ניקי גולדשטיין,2,2,1,,
עידו_לב,0.0018099547511312218,0.0,0.0018099547511312218,,עידו לב,2,2,1,,
__name__:אלעד סטפנסקי,0.0018099547511312218,0.0,0.0018099547511312218,,אלעד סטפנסקי,2,2,1,,
ז'רמן_אוניקובסקי,0.0018099547511312218,0.0,0.1962648823137342,3.808609668581109e-05,ז'רמן אוניקובסקי,2,2,1,4.555668016194332,מוסקו אלקלעי
אבי_דנגור,0.005429864253393665,0.0,0.2617446623093682,0.006963210148605764,אבי דנגור,6,6,1,3.415991902834008,שלומי קוריאט
רוני_דלומי,0.005429864253393665,0.0,0.2617446623093682,0.006963210148605766,רוני דלומי,6,6,1,3.415991902834008,שלומי קוריאט
אבי_טולדנו,0.0018099547511312218,0.0,0.2529748669227141,0.00020808212653443563,אבי טולדנו,2,2,1,3.534412955465587,יעל אבקסיס
__name__:מיכאל פלמן,0.0018099547511312218,0.0,0.21893140899482472,0.00016234871432528906,מיכאל פלמן,2,2,1,4.084008097165992,אניה בוקשטיין
אתי_אנקרי,0.0018099547511312218,0.0,0.21893140899482472,0.00016234871432528792,אתי אנקרי,2,2,1,4.084008097165992,אניה בוקשטיין
שרון_הכהן-בר,0.0018099547511312218,0.0,0.21169140553417629,1.859946240812455e-05,שרון הכהן-בר,2,2,1,4.223684210526316,אסי דיין
__name__:אדם אבולעפיה,0.0027149321266968325,0.0,0.2155131093667035,2.902336917473939e-05,אדם אבולעפיה,3,3,1,4.148785425101215,נטלי עטיה
שמואל_אדלמן,0.0027149321266968325,0.0,0.2155131093667035,2.9023369174737736e-05,שמואל אדלמן,3,3,1,4.148785425101215,נטלי עטיה
__name__:אשר אברהמי,0.0009049773755656109,0.0,0.0009049773755656109,,אשר אברהמי,1,1,1,,
נוויד_נגהבאן,0.0009049773755656109,0.0,0.0009049773755656109,,נוויד נגהבאן,1,1,1,,
שרון_צור,0.0027149321266968325,0.0,0.0027149321266968325,,שרון צור,3,3,1,,
__name__:איציק עצמון,0.0027149321266968325,0.0,0.0027149321266968325,,איציק עצמון,3,3,1,,
אהובה_קרן,0.0027149321266968325,0.0,0.0027149321266968325,,אהובה קרן,3,3,1,,
יובל_סגל_(1980),0.0027149321266968325,0.0,0.0027149321266968325,,יובל סגל,3,3,1,,
חני_נחמיאס,0.005429864253393665,0.0,0.23064966978958684,6.909645908864036e-05,חני נחמיאס,6,6,1,3.876518218623482,אורי הוכמן
__name__:ז'וזפין דראי,0.004524886877828055,0.0,0.24376055057784704,0.0031508366566672993,ז'וזפין דראי,5,5,1,3.668016194331984,מוריס כהן
__name__:סמירה סארייה,0.0027149321266968325,0.0,0.22347286498712818,0.00019840861491711773,סמירה סארייה,3,3,1,4.001012145748988,שרה אדלר
יקי_רייסנר,0.012669683257918552,0.0,0.26664299284458726,0.004793874217425976,יקי רייסנר,14,24,2,3.353238866396761,ריימונד אמסלם
עמית_מורשת,0.012669683257918552,0.0,0.26664299284458726,0.00479387421742597,עמית מורשת,14,24,2,3.353238866396761,ריימונד אמסלם
עומר_נודלמן,0.012669683257918552,0.0,0.26664299284458726,0.002686237900273907,עומר נודלמן,14,14,1,3.353238866396761,ריימונד אמסלם
__name__:נטליה פאוסט,0.0027149321266968325,0.0,0.2570978566048073,0.0009721702857008692,נטליה פאוסט,3,3,1,3.477732793522267,ריימונד אמסלם
__name__:מנשה נוי,0.0018099547511312218,0.0,0.22779480023056153,7.361420421251818e-05,מנשה נוי,2,2,1,3.925101214574899,קרן מור
סאלח_בכרי,0.0027149321266968325,0.0,0.24627494711294054,0.0006269220342042909,סאלח בכרי,3,3,1,3.630566801619433,ששון גבאי
איתי_תורג'מן,0.004524886877828055,0.0,0.23525652071747477,0.0003624403434215459,איתי תורג'מן,5,5,1,3.8006072874493926,זאב רווח
ג'יזל_סילבר,0.004524886877828055,0.0,0.23525652071747477,0.00036244034342154647,ג'יזל סילבר,5,5,1,3.8006072874493926,זאב רווח
ירדן_תוסייה_כהן,0.006334841628959276,0.0,0.2420241740531829,0.00042838075499211355,ירדן תוסייה כהן,7,7,1,3.694331983805668,דרור קרן
רמי_ברוך,0.006334841628959276,0.0,0.2420241740531829,0.00042838075499211176,רמי ברוך,7,7,1,3.694331983805668,דרור קרן
ניב_מג'ר,0.006334841628959276,0.0,0.2420241740531829,0.0004283807549921145,ניב מג'ר,7,7,1,3.694331983805668,דרור קרן
רועי_ויינברג,0.006334841628959276,0.0,0.2420241740531829,0.00042838075499211447,רועי ויינברג,7,7,1,3.694331983805668,דרור קרן
אסתי_קוסוביצקי,0.006334841628959276,0.0,0.2420241740531829,0.0004283807549921129,אסתי קוסוביצקי,7,7,1,3.694331983805668,דרור קרן
__name__:דרמה,0.0,0.0,0.0,,דרמה,0,0,1,,
אדר_גולד,0.0036199095022624436,0.0,0.24382783198843988,0.0011360663674268184,אדר גולד,4,4,1,3.667004048582996,אורי גבריאל
מארק_אליהו,0.0036199095022624436,0.0,0.24382783198843988,0.0011360663674268212,מארק אליהו,4,4,1,3.667004048582996,אורי גבריאל
דור_צויגנבום,0.0018099547511312218,0.0,0.19977119748849337,6.778757489540394e-06,דור צויגנבום,2,2,1,4.4757085020242915,אביטל דיקר
__name__:היאלי יוסף זאדה,0.0027149321266968325,0.0,0.20434611040807718,9.701936072485961e-05,היאלי יוסף זאדה,3,3,1,4.375506072874494,בת אל מוסרי
__name__:הדר דרור,0.0027149321266968325,0.0,0.20434611040807718,9.701936072485789e-05,הדר דרור,3,3,1,4.375506072874494,בת אל מוסרי
יעל_בר_זוהר,0.004524886877828055,0.0,0.2576226991233939,0.006010193705301307,יעל בר זוהר,5,5,1,3.470647773279352,עפר שכטר
__name__:ג'ק אדליסט,0.0018099547511312218,0.0,0.23463166940082808,0.0002532006125969197,ג'ק אדליסט,2,2,1,3.8107287449392713,שרון אלכסנדר
ריף_כהן,0.0018099547511312218,0.0,0.16301683618640297,4.497362012829436e-07,ריף כהן,2,2,1,5.484817813765182,מחמוד שלבי
מקס_אולארצ'יק,0.0018099547511312218,0.0,0.16301683618640297,4.497362012828681e-07,מקס אולארצ'יק,2,2,1,5.484817813765182,מחמוד שלבי
אדם_הירש,0.0018099547511312218,0.0,0.21641064068939678,2.2197414827572928e-05,אדם הירש,2,2,1,4.131578947368421,אסי דיין
שמרית_לוסטיג,0.0027149321266968325,0.0,0.21774420391770216,2.419681777672507e-05,שמרית לוסטיג,3,3,1,4.1062753036437245,אוהד קנולר
מארק_איווניר,0.0036199095022624436,0.0,0.2583006535947712,0.0008696422485883796,מארק איווניר,4,4,1,3.4615384615384617,ריימונד אמסלם
__name__:עמית מושקוביץ,0.0018099547511312218,0.0,0.23070990736331096,0.0002712839827213378,עמית מושקוביץ,2,2,1,3.875506072874494,אלונה איב
סיון_נועם_שמעון,0.0018099547511312218,0.0,0.22506706631697268,0.00010198985542414729,סיון נועם שמעון,2,2,1,3.972672064777328,דביר בנדק
__name__:הדס ג'ייד סאקורי,0.0018099547511312218,0.0,0.22506706631697268,0.00010198985542414664,הדס ג'ייד סאקורי,2,2,1,3.972672064777328,דביר בנדק
רוי_מילר,0.0018099547511312218,0.0,0.20903649675677183,2.323529628561915e-05,רוי מילר,2,2,1,4.277327935222672,לירון לבו
__name__:יפית שלו,0.0018099547511312218,0.0,0.20903649675677183,2.3235296285618273e-05,יפית שלו,2,2,1,4.277327935222672,לירון לבו
__name__:אור עדי,0.004524886877828055,0.0,0.23302248359116792,0.0005796280441952135,אור עדי,5,5,1,3.8370445344129553,עמוס תמם
__name__:איתמר קליגר,0.004524886877828055,0.0,0.23302248359116792,0.0005796280441952128,איתמר קליגר,5,5,1,3.8370445344129553,עמוס תמם
__name__:רוני קדר,0.0018099547511312218,0.0,0.20401575872843364,9.610690734335046e-06,רוני קדר,2,2,1,4.382591093117409,סיון לוי
הגר_בן_אשר,0.0027149321266968325,0.0,0.22715048477606523,0.0011553416191666347,הגר בן אשר,3,3,1,3.9362348178137654,חיים זנאתי
__name__:עדי אבן טוב,0.0027149321266968325,0.0,0.22715048477606523,0.0011553416191666334,עדי אבן טוב,3,3,1,3.9362348178137654,חיים זנאתי
__name__:דני רוטנברג,0.0018099547511312218,0.0,0.19977119748849337,6.7787574895408226e-06,דני רוטנברג,2,2,1,4.4757085020242915,אביטל דיקר
תאמר_נפאר,0.005429864253393665,0.0,0.16325785165295098,5.016720747169965e-07,תאמר נפאר,6,6,1,5.47672064777328,מאיסה עבד אלהאדי
__name__:סאמר קופטי,0.005429864253393665,0.0,0.16325785165295098,5.016720747178008e-07,סאמר קופטי,6,6,1,5.47672064777328,מאיסה עבד אלהאדי
סלווה_נקארה,0.005429864253393665,0.0,0.16325785165295098,5.016720747168398e-07,סלווה נקארה,6,6,1,5.47672064777328,מאיסה עבד אלהאדי
__name__:סעיד דסוקי,0.005429864253393665,0.0,0.16325785165295098,5.016720747163501e-07,סעיד דסוקי,6,6,1,5.47672064777328,מאיסה עבד אלהאדי
__name__:אדיב ספדי,0.005429864253393665,0.0,0.16325785165295098,5.016720747177607e-07,אדיב ספדי,6,6,1,5.47672064777328,מאיסה עבד אלהאדי
__name__:טארק קופטי,0.005429864253393665,0.0,0.16325785165295098,5.016720747145457e-07,טארק קופטי,6,6,1,5.47672064777328,מאיסה עבד אלהאדי
און_רפאלי,0.00904977375565611,0.0,0.22018649932555276,0.00025974942753952406,און רפאלי,10,12,2,4.060728744939271,שראל פיטרמן
מתן_לקס,0.00904977375565611,0.0,0.22018649932555276,0.00025974942753952547,מתן לקס,10,12,2,4.060728744939271,שראל פיטרמן
דודו_ארז,0.00904977375565611,0.0,0.22018649932555276,0.00023684001532648538,דודו ארז,10,10,1,4.060728744939271,שראל פיטרמן
מולי_שולמן,0.00904977375565611,0.0,0.22018649932555276,0.00023684001532648755,מולי שולמן,10,10,1,4.060728744939271,שראל פיטרמן
אלינה_לוי,0.00904977375565611,0.0,0.22018649932555276,0.00023684001532648673,אלינה לוי,10,10,1,4.060728744939271,שראל פיטרמן
עמי_אנידג'ר,0.00904977375565611,0.0,0.22018649932555276,0.0002368400153264858,עמי אנידג'ר,10,10,1,4.060728744939271,שראל פיטרמן
רודי_סעדה,0.00904977375565611,0.0,0.22018649932555276,0.00023684001532648546,רודי סעדה,10,10,1,4.060728744939271,שראל פיטרמן
יאיר_ניצני,0.00904977375565611,0.0,0.22018649932555276,0.00023684001532648475,יאיר ניצני,10,10,1,4.060728744939271,שראל פיטרמן
דניאל_ג'יידלין,0.0018099547511312218,0.0,0.21947533796127147,0.0003613730470641902,דניאל ג'יידלין,2,2,1,4.073886639676114,יון תומרקין
רותם_סלע,0.004524886877828055,0.0,0.24579527971455695,0.00607441166552199,רותם סלע,5,5,1,3.6376518218623484,עפר שכטר
שירן_סנדל,0.0036199095022624436,0.0,0.21641064068939678,0.0006778960304202944,שירן סנדל,4,4,1,4.131578947368421,אליאנה תדהר
נוה_צור,0.0036199095022624436,0.0,0.21641064068939678,0.0006778960304202917,נוה צור,4,4,1,4.131578947368421,אליאנה תדהר
ניצה_שאול,0.0027149321266968325,0.0,0.19220805815798905,1.490066571017615e-05,ניצה שאול,3,3,1,4.651821862348178,אורי בנאי
מיקי_קם,0.004524886877828055,0.0,0.1727391934482045,1.1121554302265606e-06,מיקי קם,5,5,1,5.176113360323886,ליהי קורנובסקי
חגית_דסברג,0.0009049773755656109,0.0,0.0009049773755656109,,חגית דסברג,1,1,2,,
סימון_אבקריאן,0.004524886877828055,0.0,0.26417112299465245,0.008912151970776192,סימון אבקריאן,5,5,1,3.3846153846153846,אוולין הגואל
ציון_אשכנזי,0.0027149321266968325,0.0,0.15983141583030896,1.784429390130667e-07,ציון אשכנזי,3,3,1,5.59412955465587,תמר אלקן
עזרא_דגן,0.0027149321266968325,0.0,0.15983141583030896,1.7844293901268807e-07,עזרא דגן,3,3,1,5.59412955465587,תמר אלקן
שי_ורועי,0.0027149321266968325,0.0,0.19811353112673644,1.3533286295751514e-05,שי ורועי,3,3,1,4.5131578947368425,יובל שם-טוב
עודד_פז,0.0027149321266968325,0.0,0.19811353112673644,1.3533286295751221e-05,עודד פז,3,3,1,4.5131578947368425,יובל שם-טוב
לירית_בלבן,0.0027149321266968325,0.0,0.19811353112673644,1.3533286295749825e-05,לירית בלבן,3,3,1,4.5131578947368425,יובל שם-טוב
בסאם_זועמוט,0.0027149321266968325,0.0,0.2493333997443177,0.00022893904327698955,בסאם זועמוט,3,3,1,3.5860323886639676,משה איבגי
שני_כהן,0.005429864253393665,0.0,0.24423230171250143,0.0002908969741838766,שני כהן,6,6,1,3.6609311740890687,אורי פפר
לוסי_אהריש,0.005429864253393665,0.0,0.24423230171250143,0.0002908969741838778,לוסי אהריש,6,6,1,3.6609311740890687,אורי פפר
__name__:יונתן להב ויסברג,0.005429864253393665,0.0,0.24423230171250143,0.00029089697418387676,יונתן להב ויסברג,6,6,1,3.6609311740890687,אורי פפר
__name__:שירז אדרי,0.005429864253393665,0.0,0.24423230171250143,0.00029089697418387643,שירז אדרי,6,6,1,3.6609311740890687,אורי פפר
__name__:עלאי אלמודי,0.005429864253393665,0.0,0.24423230171250143,0.0002908969741838768,עלאי אלמודי,6,6,1,3.6609311740890687,אורי פפר
דנה_דבורין,0.0009049773755656109,0.0,0.19927548732102812,7.931575081844925e-06,דנה דבורין,1,1,1,4.4868421052631575,מילי אביטל
יוסף_כרמון,0.0018099547511312218,0.0,0.1931325394171661,1.0014322683126199e-05,יוסף כרמון,2,2,1,4.629554655870446,ליא קניג
__name__:חיים בוזגלו,0.0018099547511312218,0.0,0.21467514830962764,6.757364175992213e-05,חיים בוזגלו,2,2,1,4.16497975708502,עמוס לביא
ליאון_רוזנברג,0.0018099547511312218,0.0,0.21230190706419555,4.94866965711794e-05,ליאון רוזנברג,2,2,1,4.211538461538462,ריקי בליך
משה_דץ,0.005429864253393665,0.0,0.23064966978958684,6.909645908864112e-05,משה דץ,6,6,1,3.876518218623482,אורי הוכמן
__name__:אביה ברוש,0.005429864253393665,0.0,0.23064966978958684,6.909645908864236e-05,אביה ברוש,6,6,1,3.876518218623482,אורי הוכמן
__name__:אור יעקב,0.005429864253393665,0.0,0.23064966978958684,6.90964590886408e-05,אור יעקב,6,6,1,3.876518218623482,אורי הוכמן
מיכל_ינאי,0.005429864253393665,0.0,0.23064966978958684,6.909645908864183e-05,מיכל ינאי,6,6,1,3.876518218623482,אורי הוכמן
מנואל_אלקסלסי_ורדי,0.0018099547511312218,0.0,0.2174761780635445,0.00013558911348941302,מנואל אלקסלסי ורדי,2,2,1,4.111336032388664,מאור שוויצר
__name__:שון גיטלמן,0.005429864253393665,0.0,0.21153932837502817,4.057844890372746e-05,שון גיטלמן,6,6,1,4.22672064777328,נאיה פדרמן
__name__:יובל גל,0.005429864253393665,0.0,0.21153932837502817,4.057844890372681e-05,יובל גל,6,6,1,4.22672064777328,נאיה פדרמן
אודי_ואביעד,0.005429864253393665,0.0,0.21153932837502817,4.0578448903726166e-05,אודי ואביעד,6,6,1,4.22672064777328,נאיה פדרמן
שמוליק_לוי,0.005429864253393665,0.0,0.21153932837502817,4.0578448903726356e-05,שמוליק לוי,6,6,1,4.22672064777328,נאיה פדרמן
__name__:אלייזה וינטראוב,0.0018099547511312218,0.0,0.2251244228578282,4.327372927667425e-05,אלייזה וינטראוב,2,2,1,3.97165991902834,אקי אבני
__name__:נתן מגד,0.0018099547511312218,0.0,0.2251244228578282,4.327372927667531e-05,נתן מגד,2,2,1,3.97165991902834,אקי אבני
__name__:מיכל רנד,0.0027149321266968325,0.0,0.19283742311593927,5.214462713327019e-06,מיכל רנד,3,3,1,4.636639676113361,אילן גנני
__name__:שולי רנד,0.0027149321266968325,0.0,0.19283742311593927,5.2144627133270025e-06,שולי רנד,3,3,1,4.636639676113361,אילן גנני
פרנקו_נרו,0.0009049773755656109,0.0,0.0009049773755656109,,פרנקו נרו,1,1,1,,
רוזמונד_פייק,0.0,0.0,0.0,,רוזמונד פייק,0,0,1,,
שלמה_בר-שביט,0.0027149321266968325,0.0,0.22426713259561248,0.00018074557962882584,שלמה בר-שביט,3,3,1,3.986842105263158,אפרת דור
סשה_אגרונוב,0.0018099547511312218,0.0,0.22621977856443476,5.70568347980769e-05,סשה אגרונוב,2,2,1,3.9524291497975708,צחי גראד
דניאלה_וירצר,0.0027149321266968325,0.0,0.21849820313977683,2.166534201235012e-05,דניאלה וירצר,3,3,1,4.092105263157895,אוהד קנולר
אלון_פרידמן,0.0027149321266968325,0.0,0.21849820313977683,2.1665342012349905e-05,אלון פרידמן,3,3,1,4.092105263157895,אוהד קנולר
ירון_מוטולה,0.004524886877828055,0.0,0.24511327283410592,0.00011339698424420115,ירון מוטולה,5,5,1,3.6477732793522266,אורי הוכמן
__name__:תיעודי,0.0,0.0,0.0,,תיעודי,0,0,1,,
שרית_לארי,0.0036199095022624436,0.0,0.22832469250300277,0.0001318627893954743,שרית לארי,4,4,1,3.915991902834008,יחזקאל לזרוב
__name__:אבי שניידמן,0.0036199095022624436,0.0,0.22832469250300277,0.00013186278939547345,אבי שניידמן,4,4,1,3.915991902834008,יחזקאל לזרוב
יוסי_גרבר,0.0018099547511312218,0.0,0.22867932572977417,7.378131639201804e-05,יוסי גרבר,2,2,1,3.909919028340081,גילה אלמגור
__name__:רמי דוידוף,0.0018099547511312218,0.0,0.23998593732521534,0.00010875459690933742,רמי דוידוף,2,2,1,3.7257085020242915,אלון אבוטבול
ראובן_דיין,0.0018099547511312218,0.0,0.2564261931187569,0.0006795548497014546,ראובן דיין,2,2,1,3.486842105263158,אלברט אילוז
__name__:רואי אלסברג,0.0018099547511312218,0.0,0.2112863514216976,2.486095068287195e-05,רואי אלסברג,2,2,1,4.231781376518219,אורלי זילברשץ
__name__:יהודה אלמגור,0.0018099547511312218,0.0,0.2112863514216976,2.486095068287265e-05,יהודה אלמגור,2,2,1,4.231781376518219,אורלי זילברשץ
יואל_רוזנקיאר,0.006334841628959276,0.0,0.23259300560666604,0.003735010957678711,יואל רוזנקיאר,7,7,1,3.8441295546558703,דובר קוסאשווילי
__name__:מיכה רוזנקיאר,0.006334841628959276,0.0,0.23259300560666604,0.0037350109576787124,מיכה רוזנקיאר,7,7,1,3.8441295546558703,דובר קוסאשווילי
__name__:רוי קרניאל,0.006334841628959276,0.0,0.23259300560666604,0.003735010957678712,רוי קרניאל,7,7,1,3.8441295546558703,דובר קוסאשווילי
לינור_אברג'יל,0.01809954751131222,0.0,0.2740037950664137,0.10339666126619707,לינור אברג'יל,20,21,1,3.263157894736842,אוולין הגואל
ירון_לוי_סבג,0.01809954751131222,0.0,0.2740037950664137,0.10339666126619708,ירון לוי סבג,20,21,1,3.263157894736842,אוולין הגואל
יוסי_וידר,0.01809954751131222,0.0,0.2740037950664137,0.10339666126619708,יוסי וידר,20,21,1,3.263157894736842,אוולין הגואל
__name__:מיכל פורס,0.0027149321266968325,0.0,0.21774420391770216,2.4196817776725037e-05,מיכל פורס,3,3,1,4.1062753036437245,אוהד קנולר
הילה_מצקר-הלוי,0.0036199095022624436,0.0,0.18006282822953887,0.00016694531166397053,הילה מצקר-הלוי,4,4,1,4.965587044534413,מעין וינשטוק
לבן_סגינשווילי,0.02262443438914027,0.0,0.2731565353414093,0.11084675328616823,לבן סגינשווילי,25,25,1,3.2732793522267207,אוולין הגואל
__name__:ענבל גלאם,0.02262443438914027,0.0,0.2731565353414093,0.11084675328616822,ענבל גלאם,25,25,1,3.2732793522267207,אוולין הגואל
__name__:לירז עוזרי,0.02262443438914027,0.0,0.2731565353414093,0.11084675328616825,לירז עוזרי,25,25,1,3.2732793522267207,אוולין הגואל
__name__:יאיר פורטל,0.02262443438914027,0.0,0.2731565353414093,0.11084675328616825,יאיר פורטל,25,25,1,3.2732793522267207,אוולין הגואל
__name__:מישל גוריאשוילי,0.02262443438914027,0.0,0.2731565353414093,0.11084675328616819,מישל גוריאשוילי,25,25,1,3.2732793522267207,אוולין הגואל
__name__:מאיה ורדזאולי,0.02262443438914027,0.0,0.2731565353414093,0.11084675328616825,מאיה ורדזאולי,25,25,1,3.2732793522267207,אוולין הגואל
__name__:גנגה אליקשוילי,0.02262443438914027,0.0,0.2731565353414093,0.11084675328616822,גנגה אליקשוילי,25,25,1,3.2732793522267207,אוולין הגואל
__name__:פאטה גוליאשווילי ו,0.02262443438914027,0.0,0.2731565353414093,0.11084675328616826,פאטה גוליאשווילי ו,25,25,1,3.2732793522267207,אוולין הגואל
__name__:מעיין הרוש,0.0036199095022624436,0.0,0.18006282822953887,0.00016694531166397048,מעיין הרוש,4,4,1,4.965587044534413,מעין וינשטוק
אבשלום_פולק,0.0018099547511312218,0.0,0.217155416738967,6.444460295469875e-05,אבשלום פולק,2,2,1,4.117408906882591,שני קליין
__name__:נועה מנדל,0.0009049773755656109,0.0,0.0009049773755656109,,נועה מנדל,1,1,1,,
עדי_בילסקי,0.0036199095022624436,0.0,0.18006282822953887,0.0001669453116639702,עדי בילסקי,4,4,1,4.965587044534413,מעין וינשטוק
רוני_הדר,0.0018099547511312218,0.0,0.24031235998207773,0.00011739414975415173,רוני הדר,2,2,1,3.720647773279352,יעל אבקסיס
מי-רן_מנקס,0.0027149321266968325,0.0,0.0027149321266968325,,מי-רן מנקס,3,3,1,,
אסף_פרי,0.0027149321266968325,0.0,0.0027149321266968325,,אסף פרי,3,3,1,,
__name__:צחי סדן,0.0027149321266968325,0.0,0.0027149321266968325,,צחי סדן,3,3,1,,
__name__:אפרת וינטראוב,0.0027149321266968325,0.0,0.0027149321266968325,,אפרת וינטראוב,3,3,1,,
רמי_דנון,0.0018099547511312218,0.0,0.24031235998207773,0.00011739414975415292,רמי דנון,2,2,1,3.720647773279352,יעל אבקסיס
יונה_אליאן,0.0027149321266968325,0.0,0.2433576405768919,0.0011071931476120944,יונה אליאן,3,3,1,3.674089068825911,אורי גבריאל
אהרן_טרייטל,0.0036199095022624436,0.0,0.21678238902923133,6.539177130513692e-05,אהרן טרייטל,4,4,1,4.124493927125506,ריקי בליך
__name__:גור שטיינברג,0.0036199095022624436,0.0,0.21678238902923133,6.539177130513858e-05,גור שטיינברג,4,4,1,4.124493927125506,ריקי בליך
__name__:מיקה רייס,0.004524886877828055,0.0,0.22341634681186587,4.4094577591841016e-05,מיקה רייס,5,5,1,4.002024291497976,תיקי דיין
__name__:שמוליק כהן,0.004524886877828055,0.0,0.22341634681186587,4.409457759184141e-05,שמוליק כהן,5,5,1,4.002024291497976,תיקי דיין
__name__:משה ויידר,0.004524886877828055,0.0,0.22341634681186587,4.4094577591839796e-05,משה ויידר,5,5,1,4.002024291497976,תיקי דיין
אייל_נחמיאס,0.0009049773755656109,0.0,0.0009049773755656109,,אייל נחמיאס,1,1,1,,
גבי_דן,0.011764705882352941,0.0,0.26696531740529394,0.030956270357630208,גבי דן,13,13,1,3.3491902834008096,יגאל עדיקא
עודד_מנסטר,0.011764705882352941,0.0,0.26696531740529394,0.03095627035763023,עודד מנסטר,13,13,1,3.3491902834008096,יגאל עדיקא
אוהד_שחר,0.0036199095022624436,0.0,0.23689681826069126,7.293721017534826e-05,אוהד שחר,4,4,1,3.7742914979757085,אורי קלאוזנר
__name__:מוחמד גזאוי,0.0027149321266968325,0.0,0.20553472203213533,2.6444448876550953e-05,מוחמד גזאוי,3,3,1,4.350202429149798,ח'ליפה נאטור
ליאת_אקטע,0.011764705882352941,0.0,0.26696531740529394,0.030956270357630218,ליאת אקטע,13,13,1,3.3491902834008096,יגאל עדיקא
הילה_סורג'ון_פישר,0.0027149321266968325,0.0,0.20553472203213533,2.644444887655032e-05,הילה סורג'ון פישר,3,3,1,4.350202429149798,ח'ליפה נאטור
נוני_גפן,0.005429864253393665,0.0,0.23772557462166782,0.0002569518188692714,נוני גפן,6,6,1,3.7611336032388665,קובי פרג'
גאיה_טראוב,0.005429864253393665,0.0,0.23772557462166782,0.0002569518188692706,גאיה טראוב,6,6,1,3.7611336032388665,קובי פרג'
אלה_ארמוני,0.005429864253393665,0.0,0.23772557462166782,0.00025695181886926954,אלה ארמוני,6,6,1,3.7611336032388665,קובי פרג'
חלי_גולדנברג,0.0009049773755656109,0.0,0.0009049773755656109,,חלי גולדנברג,1,1,1,,
אורי_לייזרוביץ',0.0036199095022624436,0.0,0.22844278130181475,8.180504252147943e-05,אורי לייזרוביץ',4,4,1,3.9139676113360324,דניאל גל
__name__:דקל וקנין,0.011764705882352941,0.0,0.26696531740529394,0.03095627035763021,דקל וקנין,13,13,1,3.3491902834008096,יגאל עדיקא
__name__:צ'ינו אלמיזרק,0.011764705882352941,0.0,0.26696531740529394,0.030956270357630218,צ'ינו אלמיזרק,13,13,1,3.3491902834008096,יגאל עדיקא
__name__:אלמוג רוזנו,0.011764705882352941,0.0,0.26696531740529394,0.03095627035763021,אלמוג רוזנו,13,13,1,3.3491902834008096,יגאל עדיקא
אמיר_ח'ורי,0.007239819004524887,0.0,0.23432048681541587,0.0006366656390204655,אמיר ח'ורי,8,8,1,3.8157894736842106,אליאנה תדהר
אריק_קנלר,0.0036199095022624436,0.0,0.18131942432145273,6.817940656020395e-06,אריק קנלר,4,4,1,4.931174089068826,אסתי ירושלמי
__name__:דורון צברי,0.0036199095022624436,0.0,0.18131942432145273,6.817940656021361e-06,דורון צברי,4,4,1,4.931174089068826,אסתי ירושלמי
משי_קלינשטיין,0.007239819004524887,0.0,0.23432048681541587,0.0006366656390204634,משי קלינשטיין,8,8,1,3.8157894736842106,אליאנה תדהר
רון_שחר,0.0018099547511312218,0.0,0.2034519196900317,2.9778097915405474e-05,רון שחר,2,2,1,4.394736842105263,אילן דר
עלא_דקה,0.007239819004524887,0.0,0.23432048681541587,0.0006366656390204644,עלא דקה,8,8,1,3.8157894736842106,אליאנה תדהר
נטע_רוט,0.007239819004524887,0.0,0.23432048681541587,0.0006366656390204634,נטע רוט,8,8,1,3.8157894736842106,אליאנה תדהר
גבריאל_לוין,0.0018099547511312218,0.0,0.0018099547511312218,,גבריאל לוין,2,2,1,,
__name__:דוד מזרחי,0.0018099547511312218,0.0,0.0018099547511312218,,דוד מזרחי,2,2,1,,
ריימונד_אבקסיס,0.0009049773755656109,0.0,0.22529666801686243,0.005904217173724284,ריימונד אבקסיס,1,1,1,3.9686234817813766,יגאל עדיקא
__name__:איגור אובלוזה,0.0018099547511312218,0.0,0.0018099547511312218,,איגור אובלוזה,2,2,1,,
ידין_גלמן,0.013574660633484163,0.0,0.26568067226890757,0.008329322881594279,ידין גלמן,15,15,1,3.3653846153846154,יפה לוי
יעל_שטולמן,0.013574660633484163,0.0,0.26568067226890757,0.008329322881594279,יעל שטולמן,15,15,1,3.3653846153846154,יפה לוי
שמעון_מימרן,0.005429864253393665,0.0,0.2779698663606412,0.0008833265310043478,שמעון מימרן,6,6,1,3.216599190283401,דאנה איבגי
אורנה_כץ,0.013574660633484163,0.0,0.26568067226890757,0.008329322881594279,אורנה כץ,15,15,1,3.3653846153846154,יפה לוי
יותם_קושניר,0.013574660633484163,0.0,0.26568067226890757,0.008329322881594275,יותם קושניר,15,15,1,3.3653846153846154,יפה לוי
__name__:נועם שנהב,0.013574660633484163,0.0,0.26568067226890757,0.00832932288159428,נועם שנהב,15,15,1,3.3653846153846154,יפה לוי
גיל_וייס,0.013574660633484163,0.0,0.26568067226890757,0.008329322881594279,גיל וייס,15,15,1,3.3653846153846154,יפה לוי
__name__:ספיר יוסף,0.013574660633484163,0.0,0.26568067226890757,0.008329322881594282,ספיר יוסף,15,15,1,3.3653846153846154,יפה לוי
__name__:אודי קנבל,0.013574660633484163,0.0,0.26568067226890757,0.008329322881594279,אודי קנבל,15,15,1,3.3653846153846154,יפה לוי
לירון_לב,0.005429864253393665,0.0,0.24443504020313164,0.00019169915357044177,לירון לב,6,6,1,3.6578947368421053,קובי פרג'
שירי_גדני,0.005429864253393665,0.0,0.24443504020313164,0.0001916991535704418,שירי גדני,6,6,1,3.6578947368421053,קובי פרג'
עידו_מוסרי,0.005429864253393665,0.0,0.24443504020313164,0.00019169915357044128,עידו מוסרי,6,6,1,3.6578947368421053,קובי פרג'
__name__:אלינור קלוגר,0.0018099547511312218,0.0,0.17625463593258534,4.401824623176807e-06,אלינור קלוגר,2,2,1,5.0728744939271255,שרון פרידמן
__name__:ג'ניה צ'רניק,0.0,0.0,0.0,,ג'ניה צ'רניק,0,0,1,,
גל_פרידמן_(שחקן),0.0018099547511312218,0.0,0.23766161831964425,0.0007106905559679058,גל פרידמן,2,2,1,3.7621457489878543,רועי אסף
__name__:עמרי פירר,0.0027149321266968325,0.0,0.1746862241040375,1.6966256384978616e-06,עמרי פירר,3,3,1,5.118421052631579,שני בן חיים
עלי_נאסר,0.0027149321266968325,0.0,0.1746862241040375,1.6966256384985554e-06,עלי נאסר,3,3,1,5.118421052631579,שני בן חיים
__name__:רונית פלד,0.0027149321266968325,0.0,0.1746862241040375,1.6966256384964014e-06,רונית פלד,3,3,1,5.118421052631579,שני בן חיים
איילת_מרגלית,0.00904977375565611,0.0,0.1971408692912559,1.6600769786670537e-05,איילת מרגלית,10,10,1,4.5354251012145745,ג'רמי פינטו
__name__:סמדי וולפמן,0.004524886877828055,0.0,0.2346940051259611,0.00016198952319921594,סמדי וולפמן,5,5,1,3.8097165991902835,שי אביבי
__name__:אמיר פלדמן,0.004524886877828055,0.0,0.2346940051259611,0.0001619895231992187,אמיר פלדמן,5,5,1,3.8097165991902835,שי אביבי
שרון_זליקובסקי,0.004524886877828055,0.0,0.2346940051259611,0.00016198952319921588,שרון זליקובסקי,5,5,1,3.8097165991902835,שי אביבי
__name__:ישראל מאיר וולקן,0.006334841628959276,0.0,0.006334841628959276,,ישראל מאיר וולקן,7,7,1,,
__name__:הלל שמעון,0.006334841628959276,0.0,0.006334841628959276,,הלל שמעון,7,7,1,,
__name__:רפאל גרינשטיין,0.006334841628959276,0.0,0.006334841628959276,,רפאל גרינשטיין,7,7,1,,
ישי_לפידות,0.006334841628959276,0.0,0.006334841628959276,,ישי לפידות,7,7,1,,
ג'וש_שגיא,0.006334841628959276,0.0,0.006334841628959276,,ג'וש שגיא,7,7,1,,
ששי_גז,0.006334841628959276,0.0,0.006334841628959276,,ששי גז,7,7,1,,
__name__:אסף קליין,0.006334841628959276,0.0,0.006334841628959276,,אסף קליין,7,7,1,,
עמירן_דביר,0.006334841628959276,0.0,0.006334841628959276,,עמירן דביר,7,7,1,,
דוד_קוניו,0.0027149321266968325,0.0,0.248491768015223,0.00018447579982404773,דוד קוניו,3,3,1,3.598178137651822,משה איבגי
__name__:איתן קוניו,0.0027149321266968325,0.0,0.248491768015223,0.00018447579982404976,איתן קוניו,3,3,1,3.598178137651822,משה איבגי
__name__:גיטה אמלי,0.0027149321266968325,0.0,0.248491768015223,0.00018447579982404927,גיטה אמלי,3,3,1,3.598178137651822,משה איבגי
__name__:הגר בן-אשר,0.0018099547511312218,0.0,0.19740519224449557,8.758193249390831e-06,הגר בן-אשר,2,2,1,4.529352226720648,ישי גולן
מיכל_שטמלר,0.004524886877828055,0.0,0.2317995894238042,0.0002062751038886551,מיכל שטמלר,5,5,1,3.8572874493927127,אניה בוקשטיין
טלי_אורן,0.004524886877828055,0.0,0.2317995894238042,0.00020627510388865868,טלי אורן,5,5,1,3.8572874493927127,אניה בוקשטיין
פאני_ארדן,0.004524886877828055,0.0,0.2317995894238042,0.00020627510388865632,פאני ארדן,5,5,1,3.8572874493927127,אניה בוקשטיין
כרמית_מסילתי,0.00904977375565611,0.0,0.1971408692912559,1.66007697866712e-05,כרמית מסילתי,10,10,1,4.5354251012145745,ג'רמי פינטו
חווה_לוי_רוזלסקי,0.00904977375565611,0.0,0.1971408692912559,1.660076978667008e-05,חווה לוי רוזלסקי,10,10,1,4.5354251012145745,ג'רמי פינטו
גל_לב,0.004524886877828055,0.0,0.2576226991233939,0.0008207940222605041,גל לב,5,5,1,3.470647773279352,זאב רווח
מוריה_אקונס,0.00995475113122172,0.0,0.19945546066699427,1.0513270499167557e-05,מוריה אקונס,11,11,1,4.482793522267206,עידן אלתרמן
איציק_פצצתי,0.00995475113122172,0.0,0.19945546066699427,1.0513270499167759e-05,איציק פצצתי,11,11,1,4.482793522267206,עידן אלתרמן
טונה_(ראפר),0.00995475113122172,0.0,0.19945546066699427,1.05132704991671e-05,טונה,11,11,1,4.482793522267206,עידן אלתרמן
פלד_(ראפר),0.00995475113122172,0.0,0.19945546066699427,1.0513270499166588e-05,פלד,11,11,1,4.482793522267206,עידן אלתרמן
אקו_(ראפרית),0.00995475113122172,0.0,0.19945546066699427,1.0513270499168015e-05,אקו מורגנשטרן,11,11,1,4.482793522267206,עידן אלתרמן
סימה_ברמי,0.00995475113122172,0.0,0.19945546066699427,1.051327049916669e-05,סימה ברמי,11,11,1,4.482793522267206,עידן אלתרמן
טל_טירנגל,0.00995475113122172,0.0,0.19945546066699427,1.051327049916638e-05,טל טירנגל,11,11,1,4.482793522267206,עידן אלתרמן
__name__:עמית אולמן,0.00995475113122172,0.0,0.19945546066699427,1.0513270499168262e-05,עמית אולמן,11,11,1,4.482793522267206,עידן אלתרמן
__name__:עומר הברון,0.00995475113122172,0.0,0.19945546066699427,1.0513270499167925e-05,עומר הברון,11,11,1,4.482793522267206,עידן אלתרמן
__name__:ראובן טדורס,0.00995475113122172,0.0,0.19945546066699427,1.0513270499168565e-05,ראובן טדורס,11,11,1,4.482793522267206,עידן אלתרמן
נדיה_קוצ'ר,0.00904977375565611,0.0,0.1971408692912559,1.6600769786669494e-05,נדיה קוצ'ר,10,10,1,4.5354251012145745,ג'רמי פינטו
לני_כהן,0.00904977375565611,0.0,0.1971408692912559,1.6600769786670456e-05,לני כהן,10,10,1,4.5354251012145745,ג'רמי פינטו
סנדי_בר,0.0036199095022624436,0.0,0.2051052322484601,2.21116218870236e-05,סנדי בר,4,4,1,4.359311740890688,לירון בן-שלוש
רונלד_זרפלד,0.0036199095022624436,0.0,0.2051052322484601,2.2111621887021723e-05,רונלד זרפלד,4,4,1,4.359311740890688,לירון בן-שלוש
אסף_קורמן,0.0036199095022624436,0.0,0.2051052322484601,2.2111621887021153e-05,אסף קורמן,4,4,1,4.359311740890688,לירון בן-שלוש
__name__:עירית גדרון,0.004524886877828055,0.0,0.2432906183679751,0.0004740375443157683,עירית גדרון,5,5,1,3.675101214574899,דאנה איבגי
איתמר_רוטשילד,0.004524886877828055,0.0,0.2432906183679751,0.0004740375443157692,איתמר רוטשילד,5,5,1,3.675101214574899,דאנה איבגי
יניב_ביטון,0.004524886877828055,0.0,0.2432906183679751,0.0004740375443157676,יניב ביטון,5,5,1,3.675101214574899,דאנה איבגי
קאיפו_כהן,0.0018099547511312218,0.0,0.20335824937709893,6.64964474718992e-06,קאיפו כהן,2,2,1,4.396761133603239,ג'וליאנו מר
__name__:גילה אלמגור,0.0018099547511312218,0.0,0.20335824937709893,6.649644747190334e-06,גילה אלמגור,2,2,1,4.396761133603239,ג'וליאנו מר
אגם_אוזלבו,0.005429864253393665,0.0,0.2751988271944292,0.0021854933320798065,אגם אוזלבו,6,6,1,3.248987854251012,אורי גבריאל
יפה_תוסיה_כהן,0.00904977375565611,0.0,0.1971408692912559,1.6600769786670344e-05,יפה תוסיה כהן,10,10,1,4.5354251012145745,ג'רמי פינטו
__name__:דקר אלבז,0.00904977375565611,0.0,0.1971408692912559,1.6600769786669426e-05,דקר אלבז,10,10,1,4.5354251012145745,ג'רמי פינטו
אנה_זק,0.006334841628959276,0.0,0.22409645745665085,0.00016283798068244707,אנה זק,7,7,1,3.9898785425101213,אריה צ'רנר
__name__:עומר דהן,0.006334841628959276,0.0,0.22409645745665085,0.0001628379806824435,עומר דהן,7,7,1,3.9898785425101213,אריה צ'רנר
__name__:שחר כרמל,0.006334841628959276,0.0,0.22409645745665085,0.00016283798068244488,שחר כרמל,7,7,1,3.9898785425101213,אריה צ'רנר
__name__:עידן שרוקה,0.006334841628959276,0.0,0.22409645745665085,0.0001628379806824456,עידן שרוקה,7,7,1,3.9898785425101213,אריה צ'רנר
ברק_שמיר,0.006334841628959276,0.0,0.22409645745665085,0.00016283798068244653,ברק שמיר,7,7,1,3.9898785425101213,אריה צ'רנר
קובי_מאור,0.006334841628959276,0.0,0.22409645745665085,0.00016283798068244642,קובי מאור,7,7,1,3.9898785425101213,אריה צ'רנר
אולה_שור-סלקטר,0.006334841628959276,0.0,0.22409645745665085,0.00016283798068244466,אולה שור-סלקטר,7,7,1,3.9898785425101213,אריה צ'רנר
__name__:הילה קפלן,0.00904977375565611,0.0,0.1971408692912559,1.660076978667133e-05,הילה קפלן,10,10,1,4.5354251012145745,ג'רמי פינטו
__name__:דייוויד ששוני,0.00904977375565611,0.0,0.1971408692912559,1.6600769786670497e-05,דייוויד ששוני,10,10,1,4.5354251012145745,ג'רמי פינטו
דורון_תבורי,0.0018099547511312218,0.0,0.0018099547511312218,,דורון תבורי,2,2,1,,
__name__:מיטל ברדה,0.004524886877828055,0.0,0.2478642635505381,0.00035609288114536605,מיטל ברדה,5,5,1,3.6072874493927127,מנשה נוי
ריקי_גל,0.0018099547511312218,0.0,0.23034895314057827,6.034975958500019e-05,ריקי גל,2,2,1,3.8815789473684212,אקי אבני
__name__:אבי סויסה,0.0018099547511312218,0.0,0.0018099547511312218,,אבי סויסה,2,2,1,,
בבר_יוקו,0.0018099547511312218,0.0,0.0018099547511312218,,בבר יוקו,2,2,1,,
__name__:דני חדד,0.0018099547511312218,0.0,0.0018099547511312218,,דני חדד,2,2,1,,
גיא_אדלר_(שחקן),0.0027149321266968325,0.0,0.22867932572977417,0.0002300455682860861,גיא אדלר,3,3,1,3.909919028340081,עוז זהבי
ליאל_דניר,0.0027149321266968325,0.0,0.22867932572977417,0.00023004556828608657,ליאל דניר,3,3,1,3.909919028340081,עוז זהבי
ז'ולייט_בינוש,0.0018099547511312218,0.0,0.23759769642122583,0.00029748200003309533,ז'ולייט בינוש,2,2,1,3.763157894736842,דאנה איבגי
מלאני_פרס,0.0027149321266968325,0.0,0.22455216962229732,7.330659956710609e-05,מלאני פרס,3,3,1,3.9817813765182186,אורנה פורת
עלית_קרייז,0.0036199095022624436,0.0,0.24103362490971833,0.0002686026143925738,עלית קרייז,4,4,1,3.7095141700404857,שרון אלכסנדר
__name__:גל סלמון,0.0036199095022624436,0.0,0.24103362490971833,0.0002686026143925731,גל סלמון,4,4,1,3.7095141700404857,שרון אלכסנדר
__name__:אלכס בכרי,0.0009049773755656109,0.0,0.0009049773755656109,,אלכס בכרי,1,1,1,,
__name__:ג'ונה סולימאן,0.0009049773755656109,0.0,0.0009049773755656109,,ג'ונה סולימאן,1,1,1,,
__name__:שלומי אבקריאן,0.0018099547511312218,0.0,0.2209575375923256,0.0002498451404216906,שלומי אבקריאן,2,2,1,4.0465587044534415,רונית אלקבץ
__name__:יחיאל אלקבץ,0.0018099547511312218,0.0,0.2209575375923256,0.00024984514042168795,יחיאל אלקבץ,2,2,1,4.0465587044534415,רונית אלקבץ
לנה_פרייפלד,0.0027149321266968325,0.0,0.19661434126287952,1.7395536075339276e-05,לנה פרייפלד,3,3,1,4.547570850202429,יעקב זדה-דניאל
__name__:דשה טבורוננוביץ',0.0027149321266968325,0.0,0.19661434126287952,1.7395536075338988e-05,דשה טבורוננוביץ',3,3,1,4.547570850202429,יעקב זדה-דניאל
אברהם_שלום_לוי,0.0027149321266968325,0.0,0.19661434126287952,1.739553607533938e-05,אברהם שלום לוי,3,3,1,4.547570850202429,יעקב זדה-דניאל
מוקי,0.0009049773755656109,0.0,0.0009049773755656109,,מוקי,1,1,1,,
__name__:נרונה דה מאסדו קפלן,0.0009049773755656109,0.0,0.0009049773755656109,,נרונה דה מאסדו קפלן,1,1,1,,
__name__:יובלי ליבני,0.0018099547511312218,0.0,0.0018099547511312218,,יובלי ליבני,2,2,1,,
__name__:עינב מרקל,0.0018099547511312218,0.0,0.0018099547511312218,,עינב מרקל,2,2,1,,
עלמה_זק,0.006334841628959276,0.0,0.23506871615064334,8.995552981676433e-05,עלמה זק,7,7,1,3.8036437246963564,דב נבון
__name__:יהודה ברקן,0.0,0.0,0.0,,יהודה ברקן,0,0,1,,
יעל_טל,0.005429864253393665,0.0,0.23382430791268338,0.0002593905333142903,יעל טל,6,6,1,3.8238866396761133,מורן רוזנבלט
נילי_צרויה,0.005429864253393665,0.0,0.23382430791268338,0.0002593905333142921,נילי צרויה,6,6,1,3.8238866396761133,מורן רוזנבלט
מלי_לוי_גרשון,0.006334841628959276,0.0,0.2411652294005235,0.00012097281113594207,מלי לוי גרשון,7,7,1,3.70748987854251,יוסי מרשק
רותם_זיסמן_כהן,0.006334841628959276,0.0,0.2411652294005235,0.00012097281113594378,רותם זיסמן כהן,7,7,1,3.70748987854251,יוסי מרשק
__name__:ליה ברנט,0.005429864253393665,0.0,0.23382430791268338,0.000259390533314292,ליה ברנט,6,6,1,3.8238866396761133,מורן רוזנבלט
עמוס_שוב,0.0018099547511312218,0.0,0.21169140553417629,1.8599462408123364e-05,עמוס שוב,2,2,1,4.223684210526316,אסי דיין
__name__:עמוס גיתאי,0.0018099547511312218,0.0,0.21169140553417629,1.859946240812179e-05,עמוס גיתאי,2,2,1,4.223684210526316,אסי דיין
__name__:נאוה זיו,0.005429864253393665,0.0,0.23382430791268338,0.0002593905333142914,נאוה זיו,6,6,1,3.8238866396761133,מורן רוזנבלט
__name__:דידי פייר,0.0,0.0,0.0,,דידי פייר,0,0,1,,
תומר_שחורי,0.0036199095022624436,0.0,0.24057413815199283,0.0012992204771129026,תומר שחורי,4,4,1,3.716599190283401,ישראל אטיאס
שירה_נאור,0.006334841628959276,0.0,0.24169308763176955,0.0005762536338094992,שירה נאור,7,7,1,3.6993927125506074,מורן אטיאס
__name__:בן איתין,0.006334841628959276,0.0,0.24169308763176955,0.0005762536338094989,בן איתין,7,7,1,3.6993927125506074,מורן אטיאס
שחר_ישי,0.0018099547511312218,0.0,0.0018099547511312218,,שחר ישי,2,2,1,,
__name__:שחר פרץ,0.0018099547511312218,0.0,0.0018099547511312218,,שחר פרץ,2,2,1,,
מיכל_מוכתר,0.0018099547511312218,0.0,0.0018099547511312218,,מיכל מוכתר,2,2,1,,
__name__:אורן פרג',0.0027149321266968325,0.0,0.16919904908908595,5.724118683764757e-06,אורן פרג',3,3,1,5.284412955465587,אוהד הול
__name__:תמיר ביידר,0.0036199095022624436,0.0,0.24057413815199283,0.0012992204771129028,תמיר ביידר,4,4,1,3.716599190283401,ישראל אטיאס
__name__:הילי ישראל,0.0027149321266968325,0.0,0.16919904908908595,5.724118683764779e-06,הילי ישראל,3,3,1,5.284412955465587,אוהד הול
עדי_הימלבלוי,0.008144796380090498,0.0,0.24389515055055705,0.009188434329578717,עדי הימלבלוי,9,9,1,3.665991902834008,שלום אסייג
יוסוף_אבו_ורדה,0.0027149321266968325,0.0,0.2489820279859407,0.0001845793713959701,יוסוף אבו ורדה,3,3,1,3.591093117408907,משה איבגי
אורי_אברהמי,0.0027149321266968325,0.0,0.2489820279859407,0.0001845793713959689,אורי אברהמי,3,3,1,3.591093117408907,משה איבגי
יורם_זק,0.0018099547511312218,0.0,0.21384367835732698,0.0001266018307241973,יורם זק,2,2,1,4.181174089068826,גיא לואל
גיל_ססובר,0.0018099547511312218,0.0,0.21169140553417629,1.8599462408124448e-05,גיל ססובר,2,2,1,4.223684210526316,אסי דיין
הילה_רוח,0.007239819004524887,0.0,0.23308396709607326,0.00023586366712152347,הילה רוח,8,8,1,3.8360323886639676,טלי שרון
שרון_חזיז,0.008144796380090498,0.0,0.24389515055055705,0.009188434329578726,שרון חזיז,9,9,1,3.665991902834008,שלום אסייג
__name__:מלאני למברסקי,0.008144796380090498,0.0,0.24389515055055705,0.009188434329578724,מלאני למברסקי,9,9,1,3.665991902834008,שלום אסייג
טליה_ברטפלד,0.007239819004524887,0.0,0.23308396709607326,0.00023586366712152347,טליה ברטפלד,8,8,1,3.8360323886639676,טלי שרון
__name__:סימור דניאל,0.007239819004524887,0.0,0.23308396709607326,0.00023586366712152336,סימור דניאל,8,8,1,3.8360323886639676,טלי שרון
__name__:יבגני מוליבוגה,0.007239819004524887,0.0,0.23308396709607326,0.00023586366712152287,יבגני מוליבוגה,8,8,1,3.8360323886639676,טלי שרון
שרונה_אלימלך,0.008144796380090498,0.0,0.24389515055055705,0.009188434329578724,שרונה אלימלך,9,9,1,3.665991902834008,שלום אסייג
דנה_אברמוביץ',0.0018099547511312218,0.0,0.19670190053309233,1.33083202799508e-05,דנה ברקוביץ,2,2,1,4.545546558704453,נועה קולר
אנטולי_בליי,0.0018099547511312218,0.0,0.19670190053309233,1.330832027994969e-05,אנטולי בליי,2,2,1,4.545546558704453,נועה קולר
ליטל_שוורץ,0.006334841628959276,0.0,0.26182223926915166,0.007003281029383654,ליטל שוורץ,7,7,1,3.41497975708502,עדי אלון
שאדי_מרעי,0.006334841628959276,0.0,0.26182223926915166,0.007003281029383657,שאדי מרעי,7,7,1,3.41497975708502,עדי אלון
__name__:שושה גור,0.008144796380090498,0.0,0.24389515055055705,0.009188434329578722,שושה גור,9,9,1,3.665991902834008,שלום אסייג
דובי_גל,0.0027149321266968325,0.0,0.19220805815798905,1.4900665710175946e-05,דובי גל,3,3,1,4.651821862348178,אורי בנאי
ראידה_אדון,0.0018099547511312218,0.0,0.20993066428092153,0.0026132519419707007,ראידה אדון,2,2,1,4.2591093117408905,אלכסנדר סנדרוביץ'
יצחק_נאמן,0.0018099547511312218,0.0,0.20993066428092153,0.0026132519419707003,יצחק נאמן,2,2,1,4.2591093117408905,אלכסנדר סנדרוביץ'
רזיה_ישראלי,0.0018099547511312218,0.0,0.21358516327227217,1.4870537989489519e-05,רזיה ישראלי,2,2,1,4.186234817813765,מיטל דוהן
פולי_רשף,0.0036199095022624436,0.0,0.2345070972376208,0.00041565369083169815,פולי רשף,4,4,1,3.812753036437247,עוז זהבי
שירה_קצנלנבוגן,0.0036199095022624436,0.0,0.2345070972376208,0.00041565369083169815,שירה קצנלנבוגן,4,4,1,3.812753036437247,עוז זהבי
זהבה_בן,0.0,0.0,0.0,,זהבה בן,0,0,1,,
עידו_תדמור,0.0027149321266968325,0.0,0.2346940051259611,0.0001498634216927041,עידו תדמור,3,3,1,3.8097165991902835,נלי תגר
שרון_שטרק,0.0027149321266968325,0.0,0.2346940051259611,0.000149863421692703,שרון שטרק,3,3,1,3.8097165991902835,נלי תגר
עמנואל_הורי,0.008144796380090498,0.0,0.24389515055055705,0.009188434329578726,עמנואל הורי,9,9,1,3.665991902834008,שלום אסייג
__name__:ליאור סורוקה,0.0009049773755656109,0.0,0.15977360016171419,1.6965575044567505e-07,ליאור סורוקה,1,1,1,5.596153846153846,תמר אלקן
נעמה_אמית,0.0036199095022624436,0.0,0.195656309035242,1.1069764333559615e-05,נעמה אמית,4,4,1,4.569838056680162,יותם ישי
שרון_רג'יניאנו,0.00995475113122172,0.0,0.2342583493222269,0.0001085681423061395,שרון רג'יניאנו,11,11,1,3.8168016194331984,חנן סביון
__name__:נל ברלו,0.0036199095022624436,0.0,0.195656309035242,1.1069764333560455e-05,נל ברלו,4,4,1,4.569838056680162,יותם ישי
__name__:ג'ו סינדויג'ה,0.0036199095022624436,0.0,0.195656309035242,1.1069764333558629e-05,ג'ו סינדויג'ה,4,4,1,4.569838056680162,יותם ישי
__name__:יניב מויאל,0.00995475113122172,0.0,0.2342583493222269,0.00010856814230613946,יניב מויאל,11,11,1,3.8168016194331984,חנן סביון
ארז_כהנא,0.00995475113122172,0.0,0.2342583493222269,0.00010856814230613852,ארז כהנא,11,11,1,3.8168016194331984,חנן סביון
__name__:עמרי גבעון,0.00995475113122172,0.0,0.2342583493222269,0.00010856814230613901,עמרי גבעון,11,11,1,3.8168016194331984,חנן סביון
יעל_פרל_בקר,0.00995475113122172,0.0,0.2342583493222269,0.00010856814230613763,יעל פרל בקר,11,11,1,3.8168016194331984,חנן סביון
משה_פרסטר,0.004524886877828055,0.0,0.2365796023819276,7.723438960351492e-05,משה פרסטר,5,5,1,3.779352226720648,צחי גראד
נועה_מימן,0.0018099547511312218,0.0,0.2251244228578282,4.327372927667366e-05,נועה מימן,2,2,1,3.97165991902834,אקי אבני
יפתח_אופיר,0.0018099547511312218,0.0,0.2251244228578282,4.3273729276674305e-05,יפתח אופיר,2,2,1,3.97165991902834,אקי אבני
צביקה_שוורצברג,0.0,0.0,0.0,,צביקה שוורצברג,0,0,1,,
ענת_קלאוזנר,0.0009049773755656109,0.0,0.1868418433363193,1.0526379024420916e-05,ענת קלאוזנר,1,1,1,4.7854251012145745,סנדרה שדה
מאיה_בוסקילה,0.0018099547511312218,0.0,0.21420665259314203,7.325891834895441e-05,מאיה בוסקילה,2,2,1,4.174089068825911,ניר לוי
__name__:אמרי קאהן,0.0,0.0,0.0,,אמרי קאהן,0,0,1,,
גפן_ברקאי,0.0027149321266968325,0.0,0.20888820886595358,1.7565804172007236e-05,גפן ברקאי,3,3,1,4.280364372469635,יערה פלציג
גל_תורן,0.0027149321266968325,0.0,0.20888820886595358,1.7565804172009425e-05,גל תורן,3,3,1,4.280364372469635,יערה פלציג
שלומי_ארבע,0.006334841628959276,0.0,0.23664297757677943,0.0002925021905324502,שלומי ארבע,7,7,1,3.77834008097166,גיא לואל
__name__:מיכל זיס,0.006334841628959276,0.0,0.23664297757677943,0.00029250219053245015,מיכל זיס,7,7,1,3.77834008097166,גיא לואל
יפית_אסולין,0.00904977375565611,0.0,0.26151220701424444,0.01729719895603254,יפית אסולין,10,10,1,3.419028340080972,אוולין הגואל
שרון_אלימלך,0.00904977375565611,0.0,0.26151220701424444,0.017297198956032548,שרון אלימלך,10,10,1,3.419028340080972,אוולין הגואל
עידן_עמדי,0.005429864253393665,0.0,0.24389515055055705,0.000786907487611811,עידן עמדי,6,6,1,3.665991902834008,יגאל נאור
__name__:ריקי רייף סיני,0.0036199095022624436,0.0,0.25283006161823635,0.00020230675166180297,ריקי רייף סיני,4,4,1,3.5364372469635628,יעל אבקסיס
דיקלה,0.005429864253393665,0.0,0.24389515055055705,0.000786907487611812,דיקלה דורי,6,6,1,3.665991902834008,יגאל נאור
בועז_קונפורטי,0.005429864253393665,0.0,0.24389515055055705,0.0007869074876118129,בועז קונפורטי,6,6,1,3.665991902834008,יגאל נאור
אנסטסיה_פיין,0.005429864253393665,0.0,0.24389515055055705,0.0007869074876118114,אנסטסייה פיין,6,6,1,3.665991902834008,יגאל נאור
__name__:אריק איינשטיין,0.0018099547511312218,0.0,0.0018099547511312218,,אריק איינשטיין,2,2,1,,
__name__:מוני מושונוב,0.0018099547511312218,0.0,0.0018099547511312218,,מוני מושונוב,2,2,1,,
__name__:צבי שיסל,0.0018099547511312218,0.0,0.0018099547511312218,,צבי שיסל,2,2,1,,
בר_רפאלי,0.0036199095022624436,0.0,0.2580742726538468,0.0013185167872890795,בר רפאלי,4,4,1,3.464574898785425,ריימונד אמסלם
שרדי_ג'בארין,0.0036199095022624436,0.0,0.2580742726538468,0.0013185167872890795,שרדי ג'בארין,4,4,1,3.464574898785425,ריימונד אמסלם
סוול_אריאל_אור,0.006334841628959276,0.0,0.1877951180472189,1.8502315764281713e-05,סוול אריאל אור,7,7,1,4.761133603238866,אדם גבאי
יהונתן_וילוז'ני,0.006334841628959276,0.0,0.1877951180472189,1.8502315764282855e-05,יהונתן וילוז'ני,7,7,1,4.761133603238866,אדם גבאי
__name__:אורי אבינועם,0.0036199095022624436,0.0,0.25283006161823635,0.00020230675166180368,אורי אבינועם,4,4,1,3.5364372469635628,יעל אבקסיס
מילי_עשת,0.006334841628959276,0.0,0.1877951180472189,1.8502315764283244e-05,מילי עשת,7,7,1,4.761133603238866,אדם גבאי
ארז_עובד,0.006334841628959276,0.0,0.1877951180472189,1.850231576428185e-05,ארז עובד,7,7,1,4.761133603238866,אדם גבאי
ליר_כץ,0.006334841628959276,0.0,0.1877951180472189,1.850231576428251e-05,ליר כץ,7,7,1,4.761133603238866,אדם גבאי
בן_סולטן,0.0036199095022624436,0.0,0.25283006161823635,0.00020230675166180476,בן סולטן,4,4,1,3.5364372469635628,יעל אבקסיס
__name__:עפר גרינברג,0.006334841628959276,0.0,0.1877951180472189,1.8502315764282617e-05,עפר גרינברג,7,7,1,4.761133603238866,אדם גבאי
__name__:אליה סולימאן,0.0,0.0,0.0,,אליה סולימאן,0,0,1,,
תומר_רוסו,0.0027149321266968325,0.0,0.23064966978958684,7.920790194244468e-05,תומר רוסו,3,3,1,3.876518218623482,אורי קלאוזנר
עומר_דרור,0.005429864253393665,0.0,0.2235294117647059,0.00034051229625634553,עומר דרור,6,6,1,4.0,עמית פרקש
נועה_קירל,0.005429864253393665,0.0,0.2235294117647059,0.000340512296256342,נועה קירל,6,6,1,4.0,עמית פרקש
מור_פולנוהר,0.005429864253393665,0.0,0.2235294117647059,0.00034051229625634564,מור פולנוהר,6,6,1,4.0,עמית פרקש
נואל_ברקוביץ',0.005429864253393665,0.0,0.2235294117647059,0.00034051229625634396,נואל ברקוביץ',6,6,1,4.0,עמית פרקש
עמית_יגור,0.005429864253393665,0.0,0.2235294117647059,0.0003405122962563449,עמית יגור,6,6,1,4.0,עמית פרקש
אריאל_ברונז,0.0036199095022624436,0.0,0.2387535771065183,0.0004174041503031587,אריאל ברונז,4,4,1,3.7449392712550607,שרון אלכסנדר
אלכסיי_סרבריאקוב,0.0036199095022624436,0.0,0.2387535771065183,0.0004174041503031594,"עידית טפרסון, אלכסיי סרבריאקוב",4,4,1,3.7449392712550607,שרון אלכסנדר
__name__:נעמה פריס,0.0036199095022624436,0.0,0.2387535771065183,0.00041740415030316045,נעמה פריס,4,4,1,3.7449392712550607,שרון אלכסנדר
__name__:אורן בלנגה,0.0027149321266968325,0.0,0.16325785165295098,2.7277261216855577e-07,אורן בלנגה,3,3,1,5.47672064777328,אלון נוימן
עידית_צור,0.0018099547511312218,0.0,0.2097811055079833,1.5122493229122154e-05,עידית צור,2,2,1,4.262145748987854,דליה שימקו
__name__:אדם חתוכה פלד,0.004524886877828055,0.0,0.19457890645244885,0.00010447389937413898,אדם חתוכה פלד,5,5,1,4.5951417004048585,שמואל וילוז'ני
__name__:מעין ערמני,0.004524886877828055,0.0,0.19457890645244885,0.00010447389937414071,מעין ערמני,5,5,1,4.5951417004048585,שמואל וילוז'ני
דורית_לב-ארי,0.004524886877828055,0.0,0.19457890645244885,0.00010447389937413776,דורית לב-ארי,5,5,1,4.5951417004048585,שמואל וילוז'ני
__name__:אלי מנשה,0.004524886877828055,0.0,0.19457890645244885,0.00010447389937413834,אלי מנשה,5,5,1,4.5951417004048585,שמואל וילוז'ני
__name__:מאיה כהן,0.004524886877828055,0.0,0.19457890645244885,0.00010447389937413928,מאיה כהן,5,5,1,4.5951417004048585,שמואל וילוז'ני
גדליה_בסר,0.00904977375565611,0.0,0.2387535771065183,0.0003542091813987765,גדליה בסר,10,10,1,3.7449392712550607,רותם קינן
__name__:יפעת ברסי,0.0027149321266968325,0.0,0.16325785165295098,2.7277261216926204e-07,יפעת ברסי,3,3,1,5.47672064777328,אלון נוימן
עליזה_רוזן,0.0036199095022624436,0.0,0.24169308763176955,0.0006142267110163661,עליזה רוזן,4,4,1,3.6993927125506074,זאב רווח
אלונה_טל,0.0027149321266968325,0.0,0.2275600812195048,0.00021943308288706388,אלונה טל,3,3,1,3.92914979757085,אושרי כהן
__name__:חיים אלמקייס,0.0027149321266968325,0.0,0.2275600812195048,0.0002194330828870668,חיים אלמקייס,3,3,1,3.92914979757085,אושרי כהן
__name__:ארנון צדוק,0.0027149321266968325,0.0,0.2275600812195048,0.00021943308288706743,ארנון צדוק,3,3,1,3.92914979757085,אושרי כהן
__name__:אמיתי אשכנזי,0.0027149321266968325,0.0,0.16325785165295098,2.727726121697822e-07,אמיתי אשכנזי,3,3,1,5.47672064777328,אלון נוימן
מירב_גרובר,0.0018099547511312218,0.0,0.17749412001087356,8.241848013888341e-06,מירב גרובר,2,2,1,5.037449392712551,הילה וידור
__name__:יואב רונן,0.004524886877828055,0.0,0.20031479258370016,7.099805240711134e-05,יואב רונן,5,5,1,4.463562753036437,דין מירושניקוב
__name__:רועי אלה,0.004524886877828055,0.0,0.20031479258370016,7.099805240711204e-05,רועי אלה,5,5,1,4.463562753036437,דין מירושניקוב
סטיבן_דורף,0.0018099547511312218,0.0,0.0018099547511312218,,סטיבן דורף,2,2,1,,
הדס_קלדרון,0.004524886877828055,0.0,0.20031479258370016,7.099805240711122e-05,הדס קלדרון,5,5,1,4.463562753036437,דין מירושניקוב
__name__:נואית אב,0.004524886877828055,0.0,0.20031479258370016,7.0998052407113e-05,נואית אב,5,5,1,4.463562753036437,דין מירושניקוב
מוטי_גלעדי,0.0027149321266968325,0.0,0.2033114465579097,8.081805681201635e-06,מוטי גלעדי,3,3,1,4.397773279352227,מיקי לאון
__name__:מריה זריק,0.004524886877828055,0.0,0.21384367835732698,3.611375687407965e-05,מריה זריק,5,5,1,4.181174089068826,צחי הלוי
__name__:ח'אולה איברהם,0.004524886877828055,0.0,0.21384367835732698,3.611375687408029e-05,ח'אולה איברהם,5,5,1,4.181174089068826,צחי הלוי
__name__:בהירה בלאסי,0.004524886877828055,0.0,0.21384367835732698,3.611375687408078e-05,בהירה בלאסי,5,5,1,4.181174089068826,צחי הלוי
__name__:נעמה פרייס,0.004524886877828055,0.0,0.21384367835732698,3.611375687407929e-05,נעמה פרייס,5,5,1,4.181174089068826,צחי הלוי
עבדאללה_עקל,0.0018099547511312218,0.0,0.0018099547511312218,,עבדאללה עקל,2,2,1,,
חיים_שריר,0.0027149321266968325,0.0,0.21893140899482472,3.996965163137687e-05,חיים שריר,3,3,1,4.084008097165992,יפתח קליין
אייל_שכטר,0.0009049773755656109,0.0,0.17984288177811844,8.945214945850174e-07,אייל שכטר,1,1,1,4.97165991902834,ליאת גליק
פטריק_סטיוארט,0.0036199095022624436,0.0,0.26981925329692047,0.0009243046924942046,פטריק סטיוארט,4,4,1,3.3137651821862346,ששון גבאי
לואי_נופי,0.0018099547511312218,0.0,0.0018099547511312218,,לואי נופי,2,2,1,,
לירון_וייסמן,0.005429864253393665,0.0,0.2140509414330307,0.0002347055753452436,לירון וייסמן,6,6,1,4.1771255060728745,ציון ברוך
רעות_אלוש,0.006334841628959276,0.0,0.2349436795994994,0.0012365619483641062,רעות אלוש,7,7,1,3.805668016194332,ישראל אטיאס
אביה_מלכה,0.005429864253393665,0.0,0.2140509414330307,0.00023470557534524376,אביה מלכה,6,6,1,4.1771255060728745,ציון ברוך
מור_חן,0.006334841628959276,0.0,0.2349436795994994,0.001236561948364105,מור חן,7,7,1,3.805668016194332,ישראל אטיאס
אמה_מדינג,0.0036199095022624436,0.0,0.2139472596982605,0.0002231478070211489,אמה מדינג,4,4,1,4.17914979757085,ציון ברוך
אלכס_אנסקי,0.0018099547511312218,0.0,0.21958444824611428,3.366391093846022e-05,אלכס אנסקי,2,2,1,4.071862348178137,לירון בן-שלוש
__name__:שוהן ישורון,0.006334841628959276,0.0,0.2349436795994994,0.0012365619483641068,שוהן ישורון,7,7,1,3.805668016194332,ישראל אטיאס
טל_מוסרי,0.005429864253393665,0.0,0.2501807519949356,0.006743683876762154,טל מוסרי,6,6,1,3.5738866396761133,שלומי קוריאט
__name__:תמר זובידה,0.006334841628959276,0.0,0.2349436795994994,0.0012365619483641077,תמר זובידה,7,7,1,3.805668016194332,ישראל אטיאס
דנה_אברהם-סמו,0.005429864253393665,0.0,0.2501807519949356,0.006743683876762154,דנה אברהם-סמו,6,6,1,3.5738866396761133,שלומי קוריאט
צופית_גרנט,0.004524886877828055,0.0,0.23746995572422516,0.0002740642930409892,צופית גרנט,5,5,1,3.7651821862348176,יהורם גאון
דניאלה_קרטס,0.004524886877828055,0.0,0.23746995572422516,0.00027406429304098945,דניאלה קרטס,5,5,1,3.7651821862348176,יהורם גאון
עמנואל_הלפרין,0.004524886877828055,0.0,0.23746995572422516,0.00027406429304098956,עמנואל הלפרין,5,5,1,3.7651821862348176,יהורם גאון
צח_שפיצן,0.0018099547511312218,0.0,0.2253541416566627,3.919844070896574e-05,צח שפיצן,2,2,1,3.967611336032389,רמי הויברגר
נועה_קנולר,0.0027149321266968325,0.0,0.22963042248352422,0.0054797128225811875,נועה קנולר,3,3,1,3.8937246963562755,גרא סנדלר
__name__:מיכאל גלנסקי,0.0018099547511312218,0.0,0.2243240820960177,0.00014056198200240142,מיכאל גלנסקי,2,2,1,3.98582995951417,מאור שוויצר
אילן_קובץ',0.0036199095022624436,0.0,0.2327768735952879,9.714621244321918e-05,אילן קובץ',4,4,1,3.841093117408907,גורי אלפי
ליאור_דובדבני,0.0036199095022624436,0.0,0.2327768735952879,9.714621244321952e-05,ליאור דובדבני,4,4,1,3.841093117408907,גורי אלפי
תומר_חמד,0.006334841628959276,0.0,0.2349436795994994,0.0012365619483641083,תומר חמד,7,7,1,3.805668016194332,ישראל אטיאס
דובלה_גליקמן,0.0036199095022624436,0.0,0.25465212894036254,0.000277016339250029,דובלה גליקמן,4,4,1,3.5111336032388665,יחזקאל לזרוב
דורית_לב_ארי,0.0027149321266968325,0.0,0.22856099231413132,5.440686749531949e-05,דורית לב ארי,3,3,1,3.911943319838057,קרן מור
__name__:יואב כורש,0.0009049773755656109,0.0,0.20415720713984692,1.1158006532637257e-05,יואב כורש,1,1,1,4.379554655870446,אפרת בן צור
מריה_אובנוב,0.0027149321266968325,0.0,0.19220805815798905,1.4900665710174417e-05,מריה אובנוב,3,3,1,4.651821862348178,אורי בנאי
__name__:דן תורג'מן,0.0009049773755656109,0.0,0.19927548732102812,7.931575081844925e-06,דן תורג'מן,1,1,2,4.4868421052631575,מילי אביטל
אלישבע_וייל,0.0027149321266968325,0.0,0.19262717734280804,2.942147413306593e-06,אלישבע וייל,3,3,1,4.6417004048583,יואב הייט
לייב_לב_לוין,0.0027149321266968325,0.0,0.19262717734280804,2.9421474133043573e-06,לייב לב לוין,3,3,1,4.6417004048583,יואב הייט
__name__:הדר כץ,0.0027149321266968325,0.0,0.19262717734280804,2.9421474133038253e-06,הדר כץ,3,3,1,4.6417004048583,יואב הייט
בר_בלפר,0.0036199095022624436,0.0,0.22438106052682694,4.4572975176766696e-05,בר בלפר,4,4,1,3.9848178137651824,צחי גראד
__name__:ארקדיוש יקוביק,0.0027149321266968325,0.0,0.2262777242044359,0.0001109257407030544,ארקדיוש יקוביק,3,3,1,3.951417004048583,יבגניה דודינה
רינת_מטטוב,0.0036199095022624436,0.0,0.22438106052682694,4.457297517676703e-05,רינת מטטוב,4,4,1,3.9848178137651824,צחי גראד
יובל_מנדלסון,0.0036199095022624436,0.0,0.22438106052682694,4.4572975176767224e-05,יובל מנדלסון,4,4,1,3.9848178137651824,צחי גראד
רפי_תבור,0.0036199095022624436,0.0,0.24169308763176955,0.000614226711016367,רפי תבור,4,4,1,3.6993927125506074,זאב רווח
__name__:קתז'ינה לוביק,0.0027149321266968325,0.0,0.2262777242044359,0.00011092574070305243,קתז'ינה לוביק,3,3,1,3.951417004048583,יבגניה דודינה
__name__:מרטין אוגובו,0.0027149321266968325,0.0,0.2262777242044359,0.0001109257407030548,מרטין אוגובו,3,3,1,3.951417004048583,יבגניה דודינה
__name__:שמואל פולר,0.0009049773755656109,0.0,0.2298694341124428,0.00013685683326988948,שמואל פולר,1,1,1,3.889676113360324,רונית אלקבץ
יעל_רייך,0.0036199095022624436,0.0,0.2151456978310077,2.41673288029086e-05,יעל רייך,4,4,1,4.15587044534413,יפתח קליין
נצנת_מקונן,0.005429864253393665,0.0,0.16864991128180942,2.0933806859668e-06,נצנת מקונן,6,6,1,5.301619433198381,ערן איוניר
איתי_לב_(במאי),0.0036199095022624436,0.0,0.2151456978310077,2.4167328802907896e-05,איתי לב,4,4,1,4.15587044534413,יפתח קליין
גילי_סער,0.0036199095022624436,0.0,0.23077017640912165,0.0012191824374790377,גילי סער,4,4,1,3.874493927125506,חיים זנאתי
רובי_פורת_שובל,0.0036199095022624436,0.0,0.23077017640912165,0.0012191824374790372,רובי פורת שובל,4,4,1,3.874493927125506,חיים זנאתי
__name__:שרון צוקרמן,0.0009049773755656109,0.0,0.22529666801686243,0.005904217173724284,שרון צוקרמן,1,1,1,3.9686234817813766,יגאל עדיקא
שמואל_קלדרון,0.0027149321266968325,0.0,0.2454538025268457,0.0005124648029085512,שמואל קלדרון,3,3,1,3.6427125506072873,הילה סעדה
__name__:אימוס איינו,0.005429864253393665,0.0,0.16864991128180942,2.0933806859659215e-06,אימוס איינו,6,6,1,5.301619433198381,ערן איוניר
איתי_זבולון_(שחקן),0.0009049773755656109,0.0,0.20164077500436375,4.496795260531772e-05,איתי זבולון,1,1,1,4.434210526315789,אסף בן שמעון
__name__:סייבונגה מלונגיסי,0.0009049773755656109,0.0,0.20191731092436976,1.1599297353120474e-05,סייבונגה מלונגיסי,1,1,1,4.428137651821863,סלים דאו
__name__:חנוך וובה,0.005429864253393665,0.0,0.16864991128180942,2.093380685966144e-06,חנוך וובה,6,6,1,5.301619433198381,ערן איוניר
יסמין_עיון,0.004524886877828055,0.0,0.2583762021919034,0.0019079483518865256,יסמין עיון,5,5,1,3.460526315789474,אורי גבריאל
__name__:טטנה כבדה אספה,0.005429864253393665,0.0,0.16864991128180942,2.093380685965324e-06,טטנה כבדה אספה,6,6,1,5.301619433198381,ערן איוניר
__name__:ללא,0.0,0.0,0.0,,ללא,0,0,1,,
יוסי_קאנץ,0.01085972850678733,0.0,0.2081989713160777,0.0002206132993264466,יוסי קאנץ,12,12,1,4.294534412955466,אמיר דוליצקי
אלון_דהן,0.01085972850678733,0.0,0.2081989713160777,0.00022061329932644805,אלון דהן,12,12,1,4.294534412955466,אמיר דוליצקי
אתי_גרוטס,0.01085972850678733,0.0,0.2081989713160777,0.00022061329932644792,אתי גרוטס,12,12,1,4.294534412955466,אמיר דוליצקי
רן_יגיל,0.01085972850678733,0.0,0.2081989713160777,0.00022061329932644735,רן יגיל,12,12,1,4.294534412955466,אמיר דוליצקי
תמר_קינן,0.01085972850678733,0.0,0.2081989713160777,0.00022061329932644667,תמר קינן,12,12,1,4.294534412955466,אמיר דוליצקי
__name__:אילן חזן,0.005429864253393665,0.0,0.16864991128180942,2.093380685965252e-06,אילן חזן,6,6,1,5.301619433198381,ערן איוניר
__name__:דן קיזלר,0.01085972850678733,0.0,0.2081989713160777,0.00022061329932644605,דן קיזלר,12,12,1,4.294534412955466,אמיר דוליצקי
__name__:דני יגיל,0.01085972850678733,0.0,0.2081989713160777,0.0002206132993264469,דני יגיל,12,12,1,4.294534412955466,אמיר דוליצקי
__name__:אבי בירנבאום,0.01085972850678733,0.0,0.2081989713160777,0.0002206132993264478,אבי בירנבאום,12,12,1,4.294534412955466,אמיר דוליצקי
נמרוד_הוכנברג,0.0018099547511312218,0.0,0.2248951719180544,0.00031778687841113433,נמרוד הוכנברג,2,2,1,3.9757085020242915,דניאל גד
שירה_גפן,0.0009049773755656109,0.0,0.16099658015201707,9.992445168564766e-08,שירה גפן,1,1,1,5.553643724696356,אסי דיין
שייע_פייגנבוים,0.012669683257918552,0.0,0.22546917695102547,0.0005225202598546038,שייע פייגנבוים,14,14,1,3.965587044534413,ירון ברלד
ג'ובאני_רוסו,0.012669683257918552,0.0,0.22546917695102547,0.0005225202598546067,ג'ובאני רוסו,14,14,1,3.965587044534413,ירון ברלד
רז_זהבי,0.012669683257918552,0.0,0.22546917695102547,0.0005225202598546059,רז זהבי,14,14,1,3.965587044534413,ירון ברלד
מיכל_בת-אדם,0.0,0.0,0.0,,מיכל בת-אדם,0,0,1,,
אלעד_צפני,0.012669683257918552,0.0,0.22546917695102547,0.000522520259854606,אלעד צפני,14,14,1,3.965587044534413,ירון ברלד
אורי_ברויר,0.012669683257918552,0.0,0.22546917695102547,0.0005225202598546071,אורי ברויר,14,14,1,3.965587044534413,ירון ברלד
__name__:ליאם גולן,0.012669683257918552,0.0,0.22546917695102547,0.000522520259854608,ליאם גולן,14,14,1,3.965587044534413,ירון ברלד
__name__:פרפילאב מונגוזה,0.012669683257918552,0.0,0.22546917695102547,0.0005225202598546077,פרפילאב מונגוזה,14,14,1,3.965587044534413,ירון ברלד
__name__:קובי סויסה,0.012669683257918552,0.0,0.22546917695102547,0.0005225202598546072,קובי סויסה,14,14,1,3.965587044534413,ירון ברלד
__name__:חיים שועי,0.012669683257918552,0.0,0.22546917695102547,0.0005225202598546072,חיים שועי,14,14,1,3.965587044534413,ירון ברלד
__name__:.,0.012669683257918552,0.0,0.22546917695102547,0.0005225202598546048,.,14,14,1,3.965587044534413,ירון ברלד
__name__:גל זייד,0.0027149321266968325,0.0,0.24195788422188924,0.00011594715119133057,גל זייד,3,3,1,3.695344129554656,אלון אבוטבול
__name__:זוהר דינר,0.0027149321266968325,0.0,0.2038745061837336,6.536927254922873e-06,זוהר דינר,3,3,1,4.385627530364372,טינקרבל
__name__:גור בנטביץ',0.0027149321266968325,0.0,0.2038745061837336,6.536927254922466e-06,גור בנטביץ',3,3,1,4.385627530364372,טינקרבל
ליז_רביאן,0.007239819004524887,0.0,0.24689442014927832,0.0021305674045439186,ליז רביאן,8,8,1,3.6214574898785425,חיים זנאתי
מייקל_לואיס_(דוגמן),0.007239819004524887,0.0,0.24689442014927832,0.002130567404543917,מייקל לואיס,8,8,1,3.6214574898785425,חיים זנאתי
__name__:לאה שנירר,0.007239819004524887,0.0,0.24689442014927832,0.0021305674045439156,לאה שנירר,8,8,1,3.6214574898785425,חיים זנאתי
סמנתה_מורטון,0.0009049773755656109,0.0,0.0009049773755656109,,סמנתה מורטון,1,1,1,,
__name__:רונאלד אוקרופירידזה,0.0009049773755656109,0.0,0.18180453494425142,5.177303816948603e-06,רונאלד אוקרופירידזה,1,1,1,4.918016194331984,נטע ריסקין
תומאס_ג'יין,0.0009049773755656109,0.0,0.0009049773755656109,,תומאס ג'יין,1,1,1,,
אלי_קרן-אסף,0.0027149321266968325,0.0,0.22921334595073112,0.0001938136904611791,אלי קרן-אסף,3,3,1,3.9008097165991904,נטע שפיגלמן
דורי_בן_זאב,0.0027149321266968325,0.0,0.22715048477606523,0.0011553416191666327,דורי בן זאב,3,3,1,3.9362348178137654,חיים זנאתי
רועי_שגב,0.0009049773755656109,0.0,0.18815510868884294,5.898746670208347e-06,רועי שגב,1,1,1,4.752024291497976,בני אבני
__name__:ז'ניה וסרמן,0.0018099547511312218,0.0,0.17962347199961726,1.3203833975134196e-05,ז'ניה וסרמן,2,2,1,4.977732793522267,אולג לוין
__name__:אלכסיי שטוקין,0.0018099547511312218,0.0,0.17962347199961726,1.3203833975132353e-05,אלכסיי שטוקין,2,2,1,4.977732793522267,אולג לוין
__name__:דליה בגר,0.005429864253393665,0.0,0.25196469917116876,0.0005309602636408479,דליה בגר,6,6,1,3.548582995951417,שרון אלכסנדר
__name__:צח כהן,0.0,0.0,0.0,,צח כהן,0,0,1,,
עמי_ויינברג,0.0027149321266968325,0.0,0.2121999123934945,1.6114270225568405e-05,עמי ויינברג,3,3,1,4.213562753036437,לימור גולדשטיין
לטי_גרובמן,0.0009049773755656109,0.0,0.0009049773755656109,,לטי גרובמן,1,1,1,,
__name__:אייל בן אהרון,0.0009049773755656109,0.0,0.0009049773755656109,,אייל בן אהרון,1,1,1,,
__name__:ג'ון בנג'מין היקי,0.004524886877828055,0.0,0.1727391934482045,1.112155430228311e-06,ג'ון בנג'מין היקי,5,5,1,5.176113360323886,ליהי קורנובסקי
__name__:ניב ניסים,0.004524886877828055,0.0,0.1727391934482045,1.1121554302248057e-06,ניב ניסים,5,5,1,5.176113360323886,ליהי קורנובסקי
גבריאל_עמרי_לוקאס,0.004524886877828055,0.0,0.1727391934482045,1.1121554302268113e-06,עומרי לוקאס,5,5,1,5.176113360323886,ליהי קורנובסקי
בובי_לקס,0.004524886877828055,0.0,0.17524067353582973,5.444385244222642e-06,בובי לקס,5,5,1,5.102226720647773,אורי יניב
__name__:ג'ורג' אסכנדר,0.004524886877828055,0.0,0.17524067353582973,5.444385244221911e-06,ג'ורג' אסכנדר,5,5,1,5.102226720647773,אורי יניב
ארז_שפריר,0.004524886877828055,0.0,0.17524067353582973,5.444385244222385e-06,ארז שפריר,5,5,1,5.102226720647773,אורי יניב
__name__:מישקה זילברשטיין,0.0018099547511312218,0.0,0.0018099547511312218,,מישקה זילברשטיין,2,2,1,,
__name__:אייל סלמה,0.004524886877828055,0.0,0.17524067353582973,5.444385244219637e-06,אייל סלמה,5,5,1,5.102226720647773,אורי יניב
מיכאל_הנגבי,0.0009049773755656109,0.0,0.19170751633986927,3.1415728807032046e-06,מיכאל הנגבי,1,1,1,4.663967611336032,רומי אבולעפיה
לירז_צ'רכי,0.0009049773755656109,0.0,0.2130700036888851,0.00018260966973637684,לירז צ'רכי,1,1,1,4.196356275303644,נטע גרטי
__name__:יעל בן דור,0.0036199095022624436,0.0,0.2633049881651618,0.000958325432705133,יעל בן דור,4,4,1,3.395748987854251,ריימונד אמסלם
__name__:מקסים צ'רניך,0.0018099547511312218,0.0,0.0018099547511312218,,מקסים צ'רניך,2,2,1,,
למיס_עמאר,0.0036199095022624436,0.0,0.004072398190045248,,למיס עמאר,4,4,1,,
__name__:תמרה סמסונוב,0.0018099547511312218,0.0,0.0018099547511312218,,תמרה סמסונוב,2,2,1,,
__name__:הייתאם עומארי,0.0036199095022624436,0.0,0.004072398190045248,,הייתאם עומארי,4,4,1,,
__name__:חדיג'ה אל עאכד,0.0036199095022624436,0.0,0.004072398190045248,,חדיג'ה אל עאכד,4,4,1,,
__name__:ג'לאל מסרוה,0.0036199095022624436,0.0,0.004072398190045248,,ג'לאל מסרוה,4,4,1,,
__name__:יעל מפציר בוצר,0.0036199095022624436,0.0,0.22466638740949074,0.006238069002593499,יעל מפציר בוצר,4,4,1,3.979757085020243,מוטי בן ישי
__name__:ערן בן-צבי,0.0036199095022624436,0.0,0.22466638740949074,0.006238069002593498,ערן בן-צבי,4,4,1,3.979757085020243,מוטי בן ישי
אמל_מורקוס,0.008144796380090498,0.0,0.23804587315928796,0.0003427745069057772,אמל מורקוס,9,9,1,3.756072874493927,דאנה איבגי
ח'אולה_חאג'-דיבסי,0.008144796380090498,0.0,0.23804587315928796,0.0003427745069057784,ח'אולה חאג'-דיבסי,9,9,1,3.756072874493927,דאנה איבגי
ג'ואנה_סעיד,0.008144796380090498,0.0,0.23804587315928796,0.0003427745069057791,ג'ואנה סעיד,9,9,1,3.756072874493927,דאנה איבגי
יולי_הרגיל-שדה,0.008144796380090498,0.0,0.23804587315928796,0.0003427745069057802,יולי הרגיל-שדה,9,9,1,3.756072874493927,דאנה איבגי
אסיל_פרחאת,0.008144796380090498,0.0,0.23804587315928796,0.00034277450690578027,אסיל פרחאת,9,9,1,3.756072874493927,דאנה איבגי
__name__:רותי לנדאו,0.008144796380090498,0.0,0.23804587315928796,0.00034277450690578043,רותי לנדאו,9,9,1,3.756072874493927,דאנה איבגי
__name__:אורית סמואל,0.008144796380090498,0.0,0.23804587315928796,0.00034277450690578016,אורית סמואל,9,9,1,3.756072874493927,דאנה איבגי
__name__:ליאורה לוי,0.008144796380090498,0.0,0.23804587315928796,0.00034277450690577897,ליאורה לוי,9,9,1,3.756072874493927,דאנה איבגי
נטשה_מנור,0.0027149321266968325,0.0,0.22867932572977417,0.0005389431740484343,נטשה מנור,3,3,1,3.909919028340081,זאב רווח
נתן_גושן,0.004524886877828055,0.0,0.25182104768931524,0.0006162923386528998,נתן גושן,5,5,1,3.5506072874493926,ששון גבאי
__name__:רותי גולדברג,0.0018099547511312218,0.0,0.24926304607621833,0.0003160017019026548,רותי גולדברג,2,2,1,3.5870445344129553,ענת וקסמן
__name__:דן דויטש,0.0018099547511312218,0.0,0.19170751633986927,7.963438965084016e-05,דן דויטש,2,2,1,4.663967611336032,אנחל בונני
__name__:גיא קפולניק,0.0018099547511312218,0.0,0.19170751633986927,7.963438965084039e-05,גיא קפולניק,2,2,1,4.663967611336032,אנחל בונני
דני_שגב,0.0018099547511312218,0.0,0.14236716120775467,1.4467163720241204e-07,דני שגב,2,2,1,6.280364372469635,אסיה נייפלד
__name__:רפי קלמר,0.0018099547511312218,0.0,0.14236716120775467,1.4467163720064466e-07,רפי קלמר,2,2,1,6.280364372469635,אסיה נייפלד
__name__:הלל ינאי שני,0.004524886877828055,0.0,0.23651626112292307,0.003297045194780192,הלל ינאי שני,5,5,1,3.7803643724696356,מוריס כהן
עדי_גילת,0.004524886877828055,0.0,0.23651626112292307,0.003297045194780192,עדי גילת,5,5,1,3.7803643724696356,מוריס כהן
דר_זוזובסקי,0.007239819004524887,0.0,0.23888270289186528,0.0005126263734864179,דר זוזובסקי,8,8,1,3.742914979757085,נורמן עיסא
__name__:בני שיף,0.004524886877828055,0.0,0.23651626112292307,0.0032970451947801935,בני שיף,5,5,1,3.7803643724696356,מוריס כהן
נינה_קוטלר,0.0018099547511312218,0.0,0.22313418421169934,0.00020954982421549578,נינה קוטלר,2,2,1,4.007085020242915,דני גבע
דינה_סנדרסון,0.008144796380090498,0.0,0.2628349405814096,0.0010404833907623969,דינה סנדרסון,9,9,1,3.401821862348178,אביב אלוש
עדי_חבשוש,0.008144796380090498,0.0,0.2628349405814096,0.0010404833907623984,עדי חבשוש,9,9,1,3.401821862348178,אביב אלוש
גיה_באר_גורביץ',0.008144796380090498,0.0,0.2628349405814096,0.001040483390762399,גיה באר גורביץ',9,9,1,3.401821862348178,אביב אלוש
__name__:עמאל בויראט,0.0018099547511312218,0.0,0.0032579185520361987,,עמאל בויראט,2,2,1,,
__name__:חוסיין יאסין מחאג'נה,0.0018099547511312218,0.0,0.0032579185520361987,,חוסיין יאסין מחאג׳נה,2,2,1,,
נבו_קמחי,0.0027149321266968325,0.0,0.23914137392910606,0.0005185258572061815,נבו קמחי,3,3,1,3.7388663967611335,רותם זיסמן-כהן
רותי_אסרסאי,0.0018099547511312218,0.0,0.1564349628641965,1.3307065354807508e-07,רותי אסרסאי,2,2,1,5.715587044534413,מאיר דסה
__name__:דבבה אשטו,0.0018099547511312218,0.0,0.1564349628641965,1.3307065354678833e-07,דבבה אשטו,2,2,1,5.715587044534413,מאיר דסה
נווה_צור,0.0027149321266968325,0.0,0.2304090337230354,0.00017361193022580058,נווה צור,3,3,1,3.880566801619433,מאור שוויצר
__name__:בתיה בר,0.0018099547511312218,0.0,0.0018099547511312218,,בתיה בר,2,2,1,,
__name__:אלי בן רעי,0.0018099547511312218,0.0,0.0018099547511312218,,אלי בן רעי,2,2,1,,
גילי_בן_אוזיליו,0.0018099547511312218,0.0,0.0018099547511312218,,גילי בן אוזיליו,2,2,1,,
__name__:קרולניה רודריגז נרנג'ו,0.005429864253393665,0.0,0.2140509414330307,0.0002347055753452437,קרולניה רודריגז נרנג'ו,6,6,1,4.1771255060728745,ציון ברוך
עלי_סולימאן,0.0009049773755656109,0.0,0.18558576371725163,1.989481123578788e-06,עלי סולימאן,1,1,1,4.817813765182186,היאם עבאס
__name__:דניאל קיציס,0.0027149321266968325,0.0,0.2523245459280542,0.00020245661089989583,דניאל קיציס,3,3,1,3.5435222672064777,יעל אבקסיס
אפרת_בוימולד,0.0027149321266968325,0.0,0.22426713259561248,0.00018074557962882744,אפרת בוימולד,3,3,1,3.986842105263158,אפרת דור
נאיה_בינשטוק,0.007239819004524887,0.0,0.24156090656114784,0.0004514811078423108,נאיה בינשטוק,8,8,1,3.701417004048583,אורי פפר
יעל_שרוני,0.007239819004524887,0.0,0.23888270289186528,0.00051262637348642,יעל שרוני,8,8,1,3.742914979757085,נורמן עיסא
עדן_סבן,0.007239819004524887,0.0,0.24156090656114784,0.0004514811078423129,עדן סבן,8,8,1,3.701417004048583,אורי פפר
נדב_גדג',0.007239819004524887,0.0,0.24156090656114784,0.0004514811078423106,נדב גדג',8,8,1,3.701417004048583,אורי פפר
אלי_אילדיס,0.007239819004524887,0.0,0.24156090656114784,0.0004514811078423105,אלי אילדיס,8,8,1,3.701417004048583,אורי פפר
שירה_לוי,0.006334841628959276,0.0,0.23992075917819602,0.00017565895297738828,שירה לוי,7,7,1,3.7267206477732793,נועם אימבר
אברהם_ארנסון,0.006334841628959276,0.0,0.23992075917819602,0.00017565895297738757,אברהם ארנסון,7,7,1,3.7267206477732793,נועם אימבר
בר_כהן_מוראד,0.006334841628959276,0.0,0.23992075917819602,0.0001756589529773893,בר כהן מוראד,7,7,1,3.7267206477732793,נועם אימבר
__name__:יונתן שיראי,0.0027149321266968325,0.0,0.25210851463873224,0.0006124814359254869,יונתן שיראי,3,3,1,3.5465587044534415,ליאור אשכנזי
__name__:נור פיבק,0.006334841628959276,0.0,0.20688249070119852,3.5895909362828095e-05,נור פיבק,7,7,1,4.321862348178137,שרה פון שוורצה
גל_מלכה_(שחקנית),0.006334841628959276,0.0,0.20688249070119852,3.589590936282701e-05,גל מלכה,7,7,1,4.321862348178137,שרה פון שוורצה
מיכל_ויינברג,0.006334841628959276,0.0,0.20688249070119852,3.5895909362826774e-05,מיכל ויינברג,7,7,1,4.321862348178137,שרה פון שוורצה
רומי_אבירם,0.006334841628959276,0.0,0.20688249070119852,3.589590936282791e-05,רומי אבירם,7,7,1,4.321862348178137,שרה פון שוורצה
__name__:גור יערי,0.006334841628959276,0.0,0.20688249070119852,3.589590936282807e-05,גור יערי,7,7,1,4.321862348178137,שרה פון שוורצה
__name__:שרון בראדלי,0.006334841628959276,0.0,0.20688249070119852,3.5895909362826754e-05,שרון בראדלי,7,7,1,4.321862348178137,שרה פון שוורצה
גיא_מרוז,0.005429864253393665,0.0,0.23868906654799182,0.00030052295188413256,גיא מרוז,6,6,1,3.7459514170040484,שרון אלכסנדר
רועי_בר_נתן,0.005429864253393665,0.0,0.23868906654799182,0.0003005229518841334,רועי בר נתן,6,6,1,3.7459514170040484,שרון אלכסנדר
חיים_אתגר,0.005429864253393665,0.0,0.23868906654799182,0.00030052295188413364,חיים אתגר,6,6,1,3.7459514170040484,שרון אלכסנדר
אורי_חזקיה,0.0036199095022624436,0.0,0.21699539063967518,2.8658025347175723e-05,אורי חזקיה,4,4,1,4.120445344129554,אדיר מילר
__name__:מיכל טרבס,0.0036199095022624436,0.0,0.24255580321090547,0.00038051931310891234,מיכל טרבס,4,4,1,3.6862348178137654,מלי לוי
__name__:אלכסנדר פילינג,0.0036199095022624436,0.0,0.24255580321090547,0.00038051931310891326,אלכסנדר פילינג,4,4,1,3.6862348178137654,מלי לוי
דני_יוסטון,0.0,0.0,0.0,,דני יוסטון,0,0,1,,
__name__:ג'וש פייס,0.007239819004524887,0.0,0.23888270289186528,0.00051262637348642,ג'וש פייס,8,8,1,3.742914979757085,נורמן עיסא
ירדן_בר-כוכבא,0.0036199095022624436,0.0,0.24814276272306676,0.00041666364232233676,ירדן בר-כוכבא,4,4,1,3.603238866396761,דרור קרן
דור_פלס,0.0018099547511312218,0.0,0.19744931499645008,1.2657956275451724e-05,דור פלס,2,2,1,4.52834008097166,עומר ברנע
עדי_עזרוני,0.0018099547511312218,0.0,0.19744931499645008,1.2657956275450735e-05,עדי עזרוני,2,2,1,4.52834008097166,עומר ברנע
גיל_דסיאנו_ביטון,0.0027149321266968325,0.0,0.21980299459918332,0.00021312723181774308,גיל דסיאנו ביטון,3,3,1,4.067813765182186,עוז זהבי
ג'וני_ערביד,0.0027149321266968325,0.0,0.21980299459918332,0.00021312723181774156,ג'וני ערביד,3,3,1,4.067813765182186,עוז זהבי
נולי_עומר,0.0036199095022624436,0.0,0.2096815179905335,0.00016149617955248975,נולי עומר,4,4,1,4.26417004048583,דני גבע
טל_קלאי,0.0036199095022624436,0.0,0.2096815179905335,0.00016149617955249108,טל קלאי,4,4,1,4.26417004048583,דני גבע
אפרת_אביב,0.0036199095022624436,0.0,0.2096815179905335,0.00016149617955248975,אפרת אביב,4,4,1,4.26417004048583,דני גבע
יונה_עטרי,0.0027149321266968325,0.0,0.23143522014517098,0.00023584313337246266,יונה עטרי,3,3,1,3.86336032388664,שמיל בן ארי
__name__:ג'וליה סמסון,0.007239819004524887,0.0,0.23888270289186528,0.0005126263734864193,ג'וליה סמסון,8,8,1,3.742914979757085,נורמן עיסא
אורן_שבו,0.0036199095022624436,0.0,0.22438106052682694,0.000259689507020561,אורן שבו,4,4,1,3.9848178137651824,תומר שרון
סמי_הורי,0.0036199095022624436,0.0,0.22438106052682694,0.00025968950702056145,סמי הורי,4,4,1,3.9848178137651824,תומר שרון
אורלי_בן-גרטי,0.0027149321266968325,0.0,0.23972543698619206,0.000602537955753602,אורלי בן-גרטי,3,3,1,3.729757085020243,אלברט אילוז
__name__:ראובן בדלוב,0.0018099547511312218,0.0,0.2346940051259611,0.000153804352609875,ראובן בדלוב,2,2,1,3.8097165991902835,רונית אלקבץ
__name__:משי אולינסקי,0.0027149321266968325,0.0,0.21806670829279629,0.000176450351738057,משי אולינסקי,3,3,1,4.100202429149798,שרה אדלר
__name__:אדם צקמן,0.0027149321266968325,0.0,0.21806670829279629,0.0001764503517380551,אדם צקמן,3,3,1,4.100202429149798,שרה אדלר
__name__:סרין סאנוסיאן,0.007239819004524887,0.0,0.23888270289186528,0.0005126263734864194,סרין סאנוסיאן,8,8,1,3.742914979757085,נורמן עיסא
__name__:רובין רנוצ'י,0.0027149321266968325,0.0,0.2365796023819276,0.0007349384180315915,רובין רנוצ'י,3,3,1,3.779352226720648,ששון גבאי
__name__:אנדריאה פראול,0.0027149321266968325,0.0,0.2365796023819276,0.0007349384180315922,אנדריאה פראול,3,3,1,3.779352226720648,ששון גבאי
אבי_נשר,0.0009049773755656109,0.0,0.0009049773755656109,,אבי נשר,1,1,1,,
אנדריי_קשקר,0.0009049773755656109,0.0,0.1852743782076589,8.491884009344798e-06,אנדריי קשקר,1,1,1,4.825910931174089,הלנה ירלובה
אמיר_שורוש,0.004524886877828055,0.0,0.2332070314926393,9.55758030292578e-05,אמיר שורוש,5,5,1,3.834008097165992,קרן מור
יניב_סוויסה,0.004524886877828055,0.0,0.2332070314926393,9.557580302925748e-05,יניב סוויסה,5,5,1,3.834008097165992,קרן מור
דניאל_סטיופין,0.004524886877828055,0.0,0.2332070314926393,9.557580302925695e-05,דניאל סטיופין,5,5,1,3.834008097165992,קרן מור
אולגה_קורילנקו,0.0018099547511312218,0.0,0.19941043686097465,2.295799934940834e-05,אולגה קורילנקו,2,2,1,4.483805668016195,זהר שטראוס
נינט_טייב,0.0018099547511312218,0.0,0.19941043686097465,2.2957999349406546e-05,נינט טייב,2,2,1,4.483805668016195,זהר שטראוס
__name__:חליל אלוהב,0.0009049773755656109,0.0,0.2106816683267631,2.0319596242539174e-05,חליל אלוהב,1,1,1,4.243927125506073,לוסי דובינצ'יק
__name__:דניאל עדן,0.0018099547511312218,0.0,0.1931325394171661,1.0014322683125946e-05,דניאל עדן,2,2,1,4.629554655870446,ליא קניג
__name__:אלון אבוטבול,0.0027149321266968325,0.0,0.0027149321266968325,,אלון אבוטבול,3,3,1,,
__name__:צחי גראד,0.0027149321266968325,0.0,0.0027149321266968325,,צחי גראד,3,3,1,,
__name__:יובל שרף,0.0027149321266968325,0.0,0.0027149321266968325,,יובל שרף,3,3,1,,
__name__:טינקרבל,0.0027149321266968325,0.0,0.0027149321266968325,,טינקרבל,3,3,1,,
ליה_אללוף,0.004524886877828055,0.0,0.22500973899493573,0.0003013977777070276,ליה אללוף,5,5,1,3.973684210526316,נטע גרטי
דריה_רוזן,0.004524886877828055,0.0,0.22500973899493573,0.00030139777770702835,דריה רוזן,5,5,1,3.973684210526316,נטע גרטי
סמדר_סייר,0.0018099547511312218,0.0,0.0018099547511312218,,סמדר סייר,2,2,1,,
אירית_סוקי,0.0018099547511312218,0.0,0.0018099547511312218,,אירית סוקי,2,2,1,,
נעמה_שנדר,0.0018099547511312218,0.0,0.0018099547511312218,,נעמה שנדר,2,2,1,,
מרדכי_שפיגלר,0.00904977375565611,0.0,0.2387535771065183,0.0003542091813987765,מרדכי שפיגלר,10,10,1,3.7449392712550607,רותם קינן
יוגב_יפת,0.00904977375565611,0.0,0.2387535771065183,0.0003542091813987748,יוגב יפת,10,10,1,3.7449392712550607,רותם קינן
__name__:קתרינה ולסנקו,0.007239819004524887,0.0,0.23888270289186528,0.0005126263734864203,קתרינה ולסנקו,8,8,1,3.742914979757085,נורמן עיסא
עינת_ויצמן,0.00904977375565611,0.0,0.2387535771065183,0.00035420918139877065,עינת ויצמן,10,10,1,3.7449392712550607,רותם קינן
נתן_זהבי,0.00904977375565611,0.0,0.2387535771065183,0.0003542091813987745,נתן זהבי,10,10,1,3.7449392712550607,רותם קינן
יצחק_חזקיה,0.00904977375565611,0.0,0.2387535771065183,0.00035420918139876924,יצחק חזקיה,10,10,1,3.7449392712550607,רותם קינן
מתי_אטלס,0.0027149321266968325,0.0,0.2033114465579097,8.08180568119887e-06,מתי אטלס,3,3,1,4.397773279352227,מיקי לאון
רות_פרחי,0.0018099547511312218,0.0,0.1885567204469835,7.595430819531433e-06,רות פרחי,2,2,1,4.741902834008097,יהודה אפרוני
גברי_לוי,0.007239819004524887,0.0,0.2572475932714379,0.011599462781816566,גברי לוי,8,8,1,3.4757085020242915,יגאל עדיקא
שלומי_שבן,0.0018099547511312218,0.0,0.20888820886595358,4.639514731326057e-05,שלומי שבן,2,2,1,4.280364372469635,ריקי בליך
אושרי_סהר,0.0018099547511312218,0.0,0.20888820886595358,4.639514731326117e-05,אושרי סהר,2,2,1,4.280364372469635,ריקי בליך
אופיר_נהרי,0.0018099547511312218,0.0,0.18621168534867574,3.1252923192656936e-05,אופיר נהרי,2,2,1,4.801619433198381,מתי סרי
גלית_גיאת,0.0018099547511312218,0.0,0.18621168534867574,3.1252923192657234e-05,גלית גיאת,2,2,1,4.801619433198381,מתי סרי
אליענה_בקייר,0.0027149321266968325,0.0,0.21694210100543165,6.251200572909007e-05,אליענה בקייר,3,3,1,4.1214574898785425,מיכל אמדורסקי
ערן_בן_זאב,0.0027149321266968325,0.0,0.2543588353855795,0.0009011718881686001,ערן בן זאב,3,3,1,3.5151821862348176,ריימונד אמסלם
תומר_קפון,0.0027149321266968325,0.0,0.2517492833554054,0.0012105716843553512,תומר קפון,3,3,1,3.5516194331983804,אורי גבריאל
יהודה_נהרי,0.0018099547511312218,0.0,0.21483176928358894,0.00019200132223607015,יהודה נהרי,2,2,1,4.161943319838056,מורן רוזנבלט
אלינור_סלע,0.007239819004524887,0.0,0.23034895314057827,0.00014073618763072015,אלינור סלע,8,8,1,3.8815789473684212,דניאל סבג
מורין_אמור,0.007239819004524887,0.0,0.23034895314057827,0.00014073618763071996,מורין אמור,8,8,1,3.8815789473684212,דניאל סבג
יואב_לוי,0.007239819004524887,0.0,0.23034895314057827,0.00014073618763072013,יואב לוי,8,8,1,3.8815789473684212,דניאל סבג
רבקה_בכר,0.007239819004524887,0.0,0.23034895314057827,0.00014073618763072246,רבקה בכר,8,8,1,3.8815789473684212,דניאל סבג
ערן_מור,0.007239819004524887,0.0,0.23034895314057827,0.0001407361876307204,ערן מור,8,8,1,3.8815789473684212,דניאל סבג
__name__:עמירם עיני,0.0027149321266968325,0.0,0.0027149321266968325,,עמירם עיני,3,3,1,,
__name__:רומן גרשקוביץ',0.0027149321266968325,0.0,0.0027149321266968325,,רומן גרשקוביץ',3,3,1,,
__name__:אנה ווליקובסקי,0.0027149321266968325,0.0,0.0027149321266968325,,אנה ווליקובסקי,3,3,1,,
__name__:מיכאל לרנר,0.0027149321266968325,0.0,0.0027149321266968325,,מיכאל לרנר,3,3,1,,
אברהם_שלום,0.004524886877828055,0.0,0.004524886877828055,,אברהם שלום,5,5,1,,
יעקב_פרי,0.004524886877828055,0.0,0.004524886877828055,,יעקב פרי,5,5,1,,
כרמי_גילון,0.004524886877828055,0.0,0.004524886877828055,,כרמי גילון,5,5,1,,
עמי_אילון,0.004524886877828055,0.0,0.004524886877828055,,עמי אילון,5,5,1,,
אבי_דיכטר,0.004524886877828055,0.0,0.004524886877828055,,אבי דיכטר,5,5,1,,
יובל_דיסקין,0.004524886877828055,0.0,0.004524886877828055,,יובל דיסקין,5,5,1,,
גל_גדות,0.0036199095022624436,0.0,0.24926304607621833,0.00032550030338399707,גל גדות,4,4,1,3.5870445344129553,אושרי כהן
__name__:חנה אזולאי-הספרי,0.0018099547511312218,0.0,0.24409732945402535,0.00019536096591211543,חנה אזולאי-הספרי,2,2,1,3.6629554655870447,רונית אלקבץ
יאיר_לפיד,0.0009049773755656109,0.0,0.20312445051600775,7.3531184441075e-06,יאיר לפיד,1,1,1,4.401821862348178,דלית קהן
__name__:ענת לירי,0.0009049773755656109,0.0,0.1868418433363193,1.0526379024420916e-05,ענת לירי,1,1,1,4.7854251012145745,סנדרה שדה
__name__:גלי בן נר,0.0027149321266968325,0.0,0.23798174442190673,0.0001219435909601042,גלי בן נר,3,3,1,3.757085020242915,שי אביבי
מירי_מסיקה,0.0009049773755656109,0.0,0.22862014370965777,5.85041326422261e-05,מירי מסיקה,1,1,1,3.9109311740890687,גילה אלמגור
רוזינה_קמבוס,0.0036199095022624436,0.0,0.2583006535947712,0.0008696422485883778,רוזינה קמבוס,4,4,1,3.4615384615384617,ריימונד אמסלם
פיני_טבגר,0.004524886877828055,0.0,0.2262777242044359,0.000356000767419631,פיני טבגר,5,5,1,3.951417004048583,הילה סעדה
__name__:שרון ברק,0.004524886877828055,0.0,0.2262777242044359,0.0003560007674196311,שרון ברק,5,5,1,3.951417004048583,הילה סעדה
__name__:דניאל ניזרי,0.004524886877828055,0.0,0.2262777242044359,0.0003560007674196303,דניאל ניזרי,5,5,1,3.951417004048583,הילה סעדה
כרמל_נצר,0.004524886877828055,0.0,0.2262777242044359,0.00035600076741963124,כרמל נצר,5,5,1,3.951417004048583,הילה סעדה
__name__:יהלי פרידמן,0.0018099547511312218,0.0,0.1967457094196253,1.3419513967636729e-05,יהלי פרידמן,2,2,1,4.544534412955466,אודי פרסי
ירון_ברובינסקי,0.0009049773755656109,0.0,0.20688249070119852,0.00016041536272173003,ירון ברובינסקי,1,1,1,4.321862348178137,קרן ברגר
__name__:יאיר נשר,0.0018099547511312218,0.0,0.1885567204469835,7.595430819532353e-06,יאיר נשר,2,2,1,4.741902834008097,יהודה אפרוני
ישראל_פוליאקוב,0.0027149321266968325,0.0,0.2526854219948849,0.00030762567365749167,ישראל פוליאקוב,3,3,1,3.5384615384615383,שמיל בן ארי
__name__:נופר אוחיון,0.0027149321266968325,0.0,0.0027149321266968325,,נופר אוחיון,3,3,1,,
רפי_רותם,0.0027149321266968325,0.0,0.0027149321266968325,,רפי רותם,3,3,1,,
__name__:מורן לולו,0.0027149321266968325,0.0,0.0027149321266968325,,מורן לולו,3,3,1,,
__name__:דור בן אלישע,0.0027149321266968325,0.0,0.0027149321266968325,,דור בן אלישע,3,3,1,,
נועה_ברקאי,0.0027149321266968325,0.0,0.2355701960784314,0.0002772673784981207,נועה ברקאי,3,3,1,3.7955465587044532,מלי לוי
דנה_לרר,0.005429864253393665,0.0,0.18013626331446117,0.00017632048493563016,דנה לרר,6,6,1,4.963562753036437,מעין וינשטוק
אלכס_פלג,0.005429864253393665,0.0,0.24031235998207773,0.00011526767646204254,אלכס פלג,6,6,1,3.720647773279352,גילה אלמגור
גאולה_נוני,0.0009049773755656109,0.0,0.0009049773755656109,,גאולה נוני,1,1,1,,
__name__:תכלת סמל,0.0,0.0,0.0,,תכלת סמל,0,0,1,,
מעיין_לאוב,0.005429864253393665,0.0,0.18013626331446117,0.00017632048493563054,מעיין לאוב,6,6,1,4.963562753036437,מעין וינשטוק
דורין_כספי,0.0009049773755656109,0.0,0.22921334595073112,0.0001963562907625064,דורין כספי,1,1,1,3.9008097165991904,שמיל בן ארי
ורד_פלדמן,0.0018099547511312218,0.0,0.1967457094196253,1.3419513967636707e-05,ורד פלדמן,2,2,1,4.544534412955466,אודי פרסי
__name__:ניר ברק,0.005429864253393665,0.0,0.18013626331446117,0.00017632048493562813,ניר ברק,6,6,1,4.963562753036437,מעין וינשטוק
__name__:רומן אילין,0.0009049773755656109,0.0,0.0009049773755656109,,רומן אילין,1,1,1,,
ישראל_דמידוב,0.012669683257918552,0.0,0.27147763838172023,0.010310127092148747,ישראל דמידוב,14,14,1,3.2935222672064777,אריק משעלי
__name__:אנט כהן,0.012669683257918552,0.0,0.27147763838172023,0.010310127092148754,אנט כהן,14,14,1,3.2935222672064777,אריק משעלי
__name__:איציק זוהר,0.012669683257918552,0.0,0.27147763838172023,0.010310127092148747,איציק זוהר,14,14,1,3.2935222672064777,אריק משעלי
__name__:מיטל פארן,0.012669683257918552,0.0,0.27147763838172023,0.01031012709214875,מיטל פארן,14,14,1,3.2935222672064777,אריק משעלי
__name__:אקסל אזולאי,0.012669683257918552,0.0,0.27147763838172023,0.01031012709214875,אקסל אזולאי,14,14,1,3.2935222672064777,אריק משעלי
__name__:איתי בוזגלו,0.012669683257918552,0.0,0.27147763838172023,0.01031012709214875,איתי בוזגלו,14,14,1,3.2935222672064777,אריק משעלי
__name__:ג'נט סבג,0.012669683257918552,0.0,0.27147763838172023,0.010310127092148756,ג'נט סבג,14,14,1,3.2935222672064777,אריק משעלי
__name__:אורלי טובלי פולק,0.012669683257918552,0.0,0.27147763838172023,0.010310127092148763,אורלי טובלי פולק,14,14,1,3.2935222672064777,אריק משעלי
בת_חן_סבג,0.0027149321266968325,0.0,0.19918562238875256,1.7794389020207028e-05,בת חן סבג,3,3,1,4.488866396761134,ח'ליפה נאטור
__name__:אביתר מור,0.0027149321266968325,0.0,0.20731946380993138,2.2944750911078464e-05,אביתר מור,3,3,1,4.312753036437247,רועי ניק
אוגוסט_דיל,0.0036199095022624436,0.0,0.22921334595073112,0.00023878414145951594,אוגוסט דיל,4,4,1,3.9008097165991904,עוז זהבי
__name__:סילביה הוקס,0.0036199095022624436,0.0,0.22921334595073112,0.00023878414145951673,סילביה הוקס,4,4,1,3.9008097165991904,עוז זהבי
תמרה_קלינגון,0.0036199095022624436,0.0,0.18006282822953887,0.00016694531166397053,תמרה קלינגון,4,4,1,4.965587044534413,מעין וינשטוק
מאיר_סויסה,0.004524886877828055,0.0,0.23836703596711217,0.0004024806178309791,מאיר סויסה,5,5,1,3.751012145748988,אלישע בנאי
