actor_id,display_name,algorithm,community_id,community_size
גאולה_נוני,גאולה נוני,louvain,0,2
__name__:זאב רווח,זאב רווח,louvain,0,2
__name__:תכלת סמל,תכלת סמל,louvain,1,1
__name__:איגור אובלוזה,איגור אובלוזה,louvain,2,3
__name__:דוד מזרחי,דוד מזרחי,louvain,2,3
גבריאל_לוין,גבריאל לוין,louvain,2,3
__name__:שרון פרידמן,שרון פרידמן,louvain,3,66
יואב_דונט,יואב דונט,louvain,3,66
עידן_עמדי,עידן עמדי,louvain,3,66
דור_פלס,דור פלס,louvain,3,66
נולי_עומר,נולי עומר,louvain,3,66
__name__:גור יערי,גור יערי,louvain,3,66
רבקה_נוימן,רבקה נוימן,louvain,3,66
גל_מלכה_(שחקנית),גל מלכה,louvain,3,66
אפרת_אביב,אפרת אביב,louvain,3,66
אדם_הירש,אדם הירש,louvain,3,66
עומר_ברנע,עומר ברנע,louvain,3,66
עדי_עזרוני,עדי עזרוני,louvain,3,66
מירב_גרובר,מירב גרובר,louvain,3,66
תמר_אלקן,תמר אלקן,louvain,3,66
טינקרבל,טינקרבל,louvain,3,66
הילה_וידור,הילה וידור,louvain,3,66
__name__:נור פיבק,נור פיבק,louvain,3,66
בועז_קונפורטי,בועז קונפורטי,louvain,3,66
__name__:ענת לירי,ענת לירי,louvain,3,66
ריקי_גל,ריקי גל,louvain,3,66
סנדרה_שדה,סנדרה שדה,louvain,3,66
__name__:מעיין תורג'מן,מעיין תורג'מן,louvain,3,66
יובל_ינאי,יובל ינאי,louvain,3,66
__name__:שרון בראדלי,שרון בראדלי,louvain,3,66
אליענה_בקייר,אליענה בקייר,louvain,3,66
יעקב_בודו,יעקב בודו,louvain,3,66
אמיר_טסלר,אמיר טסלר,louvain,3,66
זהר_שטראוס,זהר שטראוס,louvain,3,66
ענת_קלאוזנר,ענת קלאוזנר,louvain,3,66
טל_קלאי,טל קלאי,louvain,3,66
עזרא_דגן,עזרא דגן,louvain,3,66
הילה_רוח,הילה רוח,louvain,3,66
שרה_פון_שוורצה,שרה פון שוורצה,louvain,3,66
__name__:גור בנטביץ',גור בנטביץ',louvain,3,66
גלעד_כהנא,גלעד כהנא,louvain,3,66
נטלי_פורטמן,נטלי פורטמן,louvain,3,66
__name__:סימור דניאל,סימור דניאל,louvain,3,66
שרון_הכהן-בר,שרון הכהן-בר,louvain,3,66
מיכל_ויינברג,מיכל ויינברג,louvain,3,66
נינט_טייב,נינט טייב,louvain,3,66
אסי_דיין,אסי דיין,louvain,3,66
מכרם_ח'ורי,מכרם ח'ורי,louvain,3,66
אולגה_קורילנקו,אולגה קורילנקו,louvain,3,66
אנסטסיה_פיין,אנסטסייה פיין,louvain,3,66
רומי_אבירם,רומי אבירם,louvain,3,66
נטע_מורן,נטע מורן,louvain,3,66
ציון_אשכנזי,ציון אשכנזי,louvain,3,66
עלי_סולימאן,עלי סולימאן,louvain,3,66
עמוס_שוב,עמוס שוב,louvain,3,66
__name__:אלינור קלוגר,אלינור קלוגר,louvain,3,66
הדס_ירון,הדס ירון,louvain,3,66
__name__:קוסטה קפלן,קוסטה קפלן,louvain,3,66
טליה_ברטפלד,טליה ברטפלד,louvain,3,66
__name__:ליאור סורוקה,ליאור סורוקה,louvain,3,66
לאורה_ריבלין,לאורה ריבלין,louvain,3,66
שירה_גפן,שירה גפן,louvain,3,66
גיל_ססובר,גיל ססובר,louvain,3,66
אורי_בלופרב,אורי בלופרב,louvain,3,66
__name__:זוהר דינר,זוהר דינר,louvain,3,66
טלי_שרון,טלי שרון,louvain,3,66
דני_גבע,דני גבע,louvain,3,66
__name__:עמוס גיתאי,עמוס גיתאי,louvain,3,66
__name__:יבגני מוליבוגה,יבגני מוליבוגה,louvain,3,66
__name__:אסי דיין,אסי דיין,louvain,3,66
היאם_עבאס,היאם עבאס,louvain,3,66
דיקלה,דיקלה דורי,louvain,3,66
__name__:רונית אלקבץ,רונית אלקבץ,louvain,4,135
__name__:סייבונגה מלונגיסי,סייבונגה מלונגיסי,louvain,4,135
__name__:רובין רנוצ'י,רובין רנוצ'י,louvain,4,135
אניה_בוקשטיין,אניה בוקשטיין,louvain,4,135
ששון_גבאי,ששון גבאי,louvain,4,135
אביטל_דיקר,אביטל דיקר,louvain,4,135
רזיה_ישראלי,רזיה ישראלי,louvain,4,135
גל_תורן,גל תורן,louvain,4,135
דן_תורג'מן,דן תורג'מן,louvain,4,135
שמעון_מימרן,שמעון מימרן,louvain,4,135
מוחמד_בכרי,מוחמד בכרי,louvain,4,135
אור_אילן,אור אילן,louvain,4,135
סימון_אבקריאן,סימון אבקריאן,louvain,4,135
מוני_מושונוב,מוני מושונוב,louvain,4,135
מילי_אביטל,מילי אביטל,louvain,4,135
__name__:גילה אלמגור,גילה אלמגור,louvain,4,135
__name__:איתן בלום,איתן בלום,louvain,4,135
אסיל_פרחאת,אסיל פרחאת,louvain,4,135
יולי_הרגיל-שדה,יולי הרגיל-שדה,louvain,4,135
דור_צויגנבום,דור צויגנבום,louvain,4,135
קרן_מור,קרן מור,louvain,4,135
__name__:דליה בגר,דליה בגר,louvain,4,135
מיכאלה_עשת,מיכאלה עשת,louvain,4,135
גל_זייד,גל זייד,louvain,4,135
יורם_חטב,יורם חטב,louvain,4,135
__name__:יחיאל אלקבץ,יחיאל אלקבץ,louvain,4,135
יעל_רייך,יעל רייך,louvain,4,135
סלים_דאו,סלים דאו,louvain,4,135
מיטל_דוהן,מיטל דוהן,louvain,4,135
__name__:רותי לנדאו,רותי לנדאו,louvain,4,135
ריטה_שוקרון,ריטה שוקרון,louvain,4,135
__name__:שלומי אבקריאן,שלומי אבקריאן,louvain,4,135
__name__:שמואל פולר,שמואל פולר,louvain,4,135
חנה_מרון,חנה מרון,louvain,4,135
אורי_חזקיה,אורי חזקיה,louvain,4,135
משה_איבגי,משה איבגי,louvain,4,135
__name__:מיכאל פלמן,מיכאל פלמן,louvain,4,135
גליה_ישי,גליה ישי,louvain,4,135
אמל_מורקוס,אמל מורקוס,louvain,4,135
אנה_דוברוביצקי,אנה דוברוביצקי,louvain,4,135
דפנה_דקל,דפנה דקל,louvain,4,135
פטריק_סטיוארט,פטריק סטיוארט,louvain,4,135
ח'אולה_חאג'-דיבסי,ח'אולה חאג'-דיבסי,louvain,4,135
__name__:קתז'ינה לוביק,קתז'ינה לוביק,louvain,4,135
נטלי_עטיה,נטלי עטיה,louvain,4,135
עירית_שלג,עירית שלג,louvain,4,135
אילנית_בן-יעקב,אילנית בן-יעקב,louvain,4,135
חיים_שריר,חיים שריר,louvain,4,135
אפרת_גוש,אפרת גוש,louvain,4,135
אתי_אנקרי,אתי אנקרי,louvain,4,135
איתי_לב_(במאי),איתי לב,louvain,4,135
סאלח_בכרי,סאלח בכרי,louvain,4,135
ישראל_פוליאקוב,ישראל פוליאקוב,louvain,4,135
__name__:ליאורה לוי,ליאורה לוי,louvain,4,135
שרון_טל,שרון טל,louvain,4,135
איתמר_רוטשילד,איתמר רוטשילד,louvain,4,135
ג'וליאנו_מר,ג'וליאנו מר,louvain,4,135
נתן_גושן,נתן גושן,louvain,4,135
ענת_עצמון,ענת עצמון,louvain,4,135
לירון_בן-שלוש,לירון בן-שלוש,louvain,4,135
יסמין_עיון,יסמין עיון,louvain,4,135
יבגניה_דודינה,יבגניה דודינה,louvain,4,135
ליאת_גליק,ליאת גליק,louvain,4,135
מנשה_נוי,מנשה נוי,louvain,4,135
דורית_לב_ארי,דורית לב ארי,louvain,4,135
מרלן_בג'אלי,מרלן בג'אלי,louvain,4,135
אייל_שכטר,אייל שכטר,louvain,4,135
חנה_אזולאי-הספרי,חנה אזולאי-הספרי,louvain,4,135
ריטה_זוהר,ריטה זוהר,louvain,4,135
שולי_רנד,שולי רנד,louvain,4,135
חן_יאני,חן יאני,louvain,4,135
קאיפו_כהן,קאיפו כהן,louvain,4,135
יאיר_לפיד,יאיר לפיד,louvain,4,135
__name__:יהלי פרידמן,יהלי פרידמן,louvain,4,135
שמיל_בן_ארי,שמיל בן ארי,louvain,4,135
סיגלית_פוקס,סיגלית פוקס,louvain,4,135
יוסף_שילוח,יוסף שילוח,louvain,4,135
דורין_כספי,דורין כספי,louvain,4,135
גפן_ברקאי,גפן ברקאי,louvain,4,135
ג'ואנה_סעיד,ג'ואנה סעיד,louvain,4,135
הילה_סורג'ון_פישר,הילה סורג'ון פישר,louvain,4,135
אורי_קלאוזנר,אורי קלאוזנר,louvain,4,135
__name__:מרטין אוגובו,מרטין אוגובו,louvain,4,135
__name__:מוחמד גזאוי,מוחמד גזאוי,louvain,4,135
__name__:גל זייד,גל זייד,louvain,4,135
__name__:איתן קוניו,איתן קוניו,louvain,4,135
אורי_אברהמי,אורי אברהמי,louvain,4,135
מיכאל_מושונוב,מיכאל מושונוב,louvain,4,135
דאנה_איבגי,דאנה איבגי,louvain,4,135
__name__:עירית גדרון,עירית גדרון,louvain,4,135
ז'ולייט_בינוש,ז'ולייט בינוש,louvain,4,135
דוד_קוניו,דוד קוניו,louvain,4,135
תאופיק_ברהום,תאופיק ברהום,louvain,4,135
__name__:חליל אלוהב,חליל אלוהב,louvain,4,135
יוסוף_אבו_ורדה,יוסוף אבו ורדה,louvain,4,135
ורד_פלדמן,ורד פלדמן,louvain,4,135
יניב_ביטון,יניב ביטון,louvain,4,135
מאיה_בוסקילה,מאיה בוסקילה,louvain,4,135
אביטל_אברג'יל,אביטל אברג'יל,louvain,4,135
__name__:דבורה קידר,דבורה קידר,louvain,4,135
__name__:ארקדיוש יקוביק,ארקדיוש יקוביק,louvain,4,135
דנה_דבורין,דנה דבורין,louvain,4,135
חנה_לסלאו,חנה לסלאו,louvain,4,135
לימור_גולדשטיין,לימור גולדשטיין,louvain,4,135
__name__:דניאל קיציס,דניאל קיציס,louvain,4,135
__name__:יעל בן דור,יעל בן דור,louvain,4,135
__name__:דני רוטנברג,דני רוטנברג,louvain,4,135
עמי_ויינברג,עמי ויינברג,louvain,4,135
רמי_דנון,רמי דנון,louvain,4,135
יפתח_קליין,יפתח קליין,louvain,4,135
אוהד_שחר,אוהד שחר,louvain,4,135
יונה_אליאן,יונה אליאן,louvain,4,135
משה_פרסטר,משה פרסטר,louvain,4,135
אבי_טולדנו,אבי טולדנו,louvain,4,135
__name__:דן תורג'מן,דן תורג'מן,louvain,4,135
אלון_אבוטבול,אלון אבוטבול,louvain,4,135
יעל_אבקסיס,יעל אבקסיס,louvain,4,135
רוני_הדר,רוני הדר,louvain,4,135
יובל_שרף,יובל שרף,louvain,4,135
תומר_קפון,תומר קפון,louvain,4,135
ח'ליפה_נאטור,ח'ליפה נאטור,louvain,4,135
__name__:אורית סמואל,אורית סמואל,louvain,4,135
בסאם_זועמוט,בסאם זועמוט,louvain,4,135
__name__:מיטל ברדה,מיטל ברדה,louvain,4,135
__name__:אנדריאה פראול,אנדריאה פראול,louvain,4,135
תומר_רוסו,תומר רוסו,louvain,4,135
__name__:נטליה פאוסט,נטליה פאוסט,louvain,4,135
רונית_אלקבץ,רונית אלקבץ,louvain,4,135
__name__:גיטה אמלי,גיטה אמלי,louvain,4,135
לוסי_דובינצ'יק,לוסי דובינצ'יק,louvain,4,135
יערה_פלציג,יערה פלציג,louvain,4,135
אודי_פרסי,אודי פרסי,louvain,4,135
יובל_סגל_(1971),יובל סגל,louvain,4,135
__name__:ג'ק אדליסט,ג'ק אדליסט,louvain,4,135
דלית_קהן,דלית קהן,louvain,4,135
רועי_שגב,רועי שגב,louvain,5,21
כרמית_מסילתי,כרמית מסילתי,louvain,5,21
__name__:רועי אסף,רועי אסף,louvain,5,21
יפה_תוסיה_כהן,יפה תוסיה כהן,louvain,5,21
__name__:אורנלה בס,אורנלה בס,louvain,5,21
__name__:רונאלד אוקרופירידזה,רונאלד אוקרופירידזה,louvain,5,21
__name__:דקר אלבז,דקר אלבז,louvain,5,21
לני_כהן,לני כהן,louvain,5,21
שלומי_ארבע,שלומי ארבע,louvain,5,21
יעקב_כהן_(שחקן),יעקב כהן,louvain,5,21
נדיה_קוצ'ר,נדיה קוצ'ר,louvain,5,21
__name__:ג'רמי פינטו,ג'רמי פינטו,louvain,5,21
__name__:הילה קפלן,הילה קפלן,louvain,5,21
__name__:דייוויד ששוני,דייוויד ששוני,louvain,5,21
נטע_ריסקין,נטע ריסקין,louvain,5,21
חווה_לוי_רוזלסקי,חווה לוי רוזלסקי,louvain,5,21
__name__:מיכל פורס,מיכל פורס,louvain,5,21
איילת_מרגלית,איילת מרגלית,louvain,5,21
__name__:מיכל זיס,מיכל זיס,louvain,5,21
בני_אבני,בני אבני,louvain,5,21
שמרית_לוסטיג,שמרית לוסטיג,louvain,5,21
דורון_תבורי,דורון תבורי,louvain,6,3
__name__:יובלי ליבני,יובלי ליבני,louvain,6,3
__name__:עינב מרקל,עינב מרקל,louvain,6,3
__name__:יהודה ברקן,יהודה ברקן,louvain,7,1
__name__:דידי פייר,דידי פייר,louvain,8,1
__name__:אליה סולימאן,אליה סולימאן,louvain,9,1
__name__:ראובן טדורס,ראובן טדורס,louvain,10,15
אקו_(ראפרית),אקו מורגנשטרן,louvain,10,15
מוריה_אקונס,מוריה אקונס,louvain,10,15
איציק_פצצתי,איציק פצצתי,louvain,10,15
טל_טירנגל,טל טירנגל,louvain,10,15
__name__:יפעת ברסי,יפעת ברסי,louvain,10,15
__name__:אורן בלנגה,אורן בלנגה,louvain,10,15
פלד_(ראפר),פלד,louvain,10,15
סימה_ברמי,סימה ברמי,louvain,10,15
__name__:עמית אולמן,עמית אולמן,louvain,10,15
אלון_נוימן,אלון נוימן,louvain,10,15
__name__:אמיתי אשכנזי,אמיתי אשכנזי,louvain,10,15
__name__:עומר הברון,עומר הברון,louvain,10,15
עידן_אלתרמן,עידן אלתרמן,louvain,10,15
טונה_(ראפר),טונה,louvain,10,15
סטיבן_דורף,סטיבן דורף,louvain,11,3
לואי_נופי,לואי נופי,louvain,11,3
עבדאללה_עקל,עבדאללה עקל,louvain,11,3
מארק_אליהו,מארק אליהו,louvain,12,39
__name__:אלי מנשה,אלי מנשה,louvain,12,39
יואל_רוזנקיאר,יואל רוזנקיאר,louvain,12,39
__name__:ליאם גולן,ליאם גולן,louvain,12,39
אלעד_צפני,אלעד צפני,louvain,12,39
__name__:מעין ערמני,מעין ערמני,louvain,12,39
__name__:חיים שועי,חיים שועי,louvain,12,39
__name__:טטנה כבדה אספה,טטנה כבדה אספה,louvain,12,39
אביבה_נגוסה,אביבה נגוסה,louvain,12,39
ירון_ברלד,ירון ברלד,louvain,12,39
__name__:אדם חתוכה פלד,אדם חתוכה פלד,louvain,12,39
__name__:קובי סויסה,קובי סויסה,louvain,12,39
הדס_קלדרון,הדס קלדרון,louvain,12,39
__name__:אימוס איינו,אימוס איינו,louvain,12,39
ניר_לוי,ניר לוי,louvain,12,39
רז_זהבי,רז זהבי,louvain,12,39
ערן_איוניר,ערן איוניר,louvain,12,39
__name__:נואית אב,נואית אב,louvain,12,39
__name__:יואב רונן,יואב רונן,louvain,12,39
__name__:מאיר דסה,מאיר דסה,louvain,12,39
__name__:.,.,louvain,12,39
זהר_ליבה,זהר ליבה,louvain,12,39
__name__:מאיה כהן,מאיה כהן,louvain,12,39
אורי_ברויר,אורי ברויר,louvain,12,39
דורית_לב-ארי,דורית לב-ארי,louvain,12,39
שמואל_וילוז'ני,שמואל וילוז'ני,louvain,12,39
__name__:מיכה רוזנקיאר,מיכה רוזנקיאר,louvain,12,39
אדר_גולד,אדר גולד,louvain,12,39
__name__:פרפילאב מונגוזה,פרפילאב מונגוזה,louvain,12,39
דין_מירושניקוב,דין מירושניקוב,louvain,12,39
שייע_פייגנבוים,שייע פייגנבוים,louvain,12,39
ג'ובאני_רוסו,ג'ובאני רוסו,louvain,12,39
__name__:חנוך וובה,חנוך וובה,louvain,12,39
__name__:רוי קרניאל,רוי קרניאל,louvain,12,39
רותי_אסרסאי,רותי אסרסאי,louvain,12,39
__name__:רועי אלה,רועי אלה,louvain,12,39
נצנת_מקונן,נצנת מקונן,louvain,12,39
__name__:דבבה אשטו,דבבה אשטו,louvain,12,39
__name__:אילן חזן,אילן חזן,louvain,12,39
מיכל_בת-אדם,מיכל בת-אדם,louvain,13,1
תומאס_ג'יין,תומאס ג'יין,louvain,14,2
סמנתה_מורטון,סמנתה מורטון,louvain,14,2
__name__:צח כהן,צח כהן,louvain,15,1
__name__:תמרה סמסונוב,תמרה סמסונוב,louvain,16,3
__name__:מקסים צ'רניך,מקסים צ'רניך,louvain,16,3
__name__:מישקה זילברשטיין,מישקה זילברשטיין,louvain,16,3
__name__:מורן לולו,מורן לולו,louvain,17,4
__name__:דור בן אלישע,דור בן אלישע,louvain,17,4
רפי_רותם,רפי רותם,louvain,17,4
__name__:נופר אוחיון,נופר אוחיון,louvain,17,4
__name__:נופר אלדיס,נופר אלדיס,louvain,18,33
רן_יגיל,רן יגיל,louvain,18,33
__name__:אוהד הול,אוהד הול,louvain,18,33
__name__:פיני גואטה,פיני גואטה,louvain,18,33
מעין_וינשטוק,מעין וינשטוק,louvain,18,33
__name__:דן קיזלר,דן קיזלר,louvain,18,33
__name__:יעל מפציר בוצר,יעל מפציר בוצר,louvain,18,33
מעיין_לאוב,מעיין לאוב,louvain,18,33
__name__:מעיין הרוש,מעיין הרוש,louvain,18,33
אלון_דהן,אלון דהן,louvain,18,33
הילה_מצקר-הלוי,הילה מצקר-הלוי,louvain,18,33
__name__:רפי קלמר,רפי קלמר,louvain,18,33
דבורה_קידר,דבורה קידר,louvain,18,33
__name__:הילי ישראל,הילי ישראל,louvain,18,33
יוסי_קאנץ,יוסי קאנץ,louvain,18,33
__name__:ערן בן-צבי,ערן בן-צבי,louvain,18,33
עדי_בילסקי,עדי בילסקי,louvain,18,33
תמר_קינן,תמר קינן,louvain,18,33
תמרה_קלינגון,תמרה קלינגון,louvain,18,33
עודד_תאומי,עודד תאומי,louvain,18,33
__name__:דני יגיל,דני יגיל,louvain,18,33
__name__:מוראד חסן,מוראד חסן,louvain,18,33
__name__:אבי בירנבאום,אבי בירנבאום,louvain,18,33
אתי_גרוטס,אתי גרוטס,louvain,18,33
__name__:ניר ברק,ניר ברק,louvain,18,33
יונתן_בר-אור_(1981),יונתן בר-אור,louvain,18,33
דנה_לרר,דנה לרר,louvain,18,33
אסיה_נייפלד,אסיה נייפלד,louvain,18,33
__name__:אורן פרג',אורן פרג',louvain,18,33
אמיר_דוליצקי,אמיר דוליצקי,louvain,18,33
מרים_זוהר,מרים זוהר,louvain,18,33
גדי_יגיל,גדי יגיל,louvain,18,33
דני_שגב,דני שגב,louvain,18,33
__name__:בן ציון,בן ציון,louvain,19,2
יהודה_ברקן,יהודה ברקן,louvain,19,2
יוסי_פולק,יוסי פולק,louvain,20,37
נילי_צרויה,נילי צרויה,louvain,20,37
רוי_מילר,רוי מילר,louvain,20,37
נתן_זהבי,נתן זהבי,louvain,20,37
רמי_הויברגר,רמי הויברגר,louvain,20,37
אריק_קנלר,אריק קנלר,louvain,20,37
גדליה_בסר,גדליה בסר,louvain,20,37
יוגב_יפת,יוגב יפת,louvain,20,37
מלאני_פרס,מלאני פרס,louvain,20,37
יעל_טל,יעל טל,louvain,20,37
ניצה_שאול,ניצה שאול,louvain,20,37
אסתי_ירושלמי,אסתי ירושלמי,louvain,20,37
עידית_צור,עידית צור,louvain,20,37
עינת_ויצמן,עינת ויצמן,louvain,20,37
אורי_בנאי,אורי בנאי,louvain,20,37
מריה_אובנוב,מריה אובנוב,louvain,20,37
__name__:ליה ברנט,ליה ברנט,louvain,20,37
ארז_שפריר,ארז שפריר,louvain,20,37
לירון_לבו,לירון לבו,louvain,20,37
אייל_רוזלס,אייל רוזלס,louvain,20,37
יצחק_חזקיה,יצחק חזקיה,louvain,20,37
דובי_גל,דובי גל,louvain,20,37
דליה_שימקו,דליה שימקו,louvain,20,37
__name__:נאוה זיו,נאוה זיו,louvain,20,37
__name__:דורון צברי,דורון צברי,louvain,20,37
אורי_גוטליב,אורי גוטליב,louvain,20,37
יהודה_נהרי,יהודה נהרי,louvain,20,37
__name__:ג'ורג' אסכנדר,ג'ורג' אסכנדר,louvain,20,37
מורן_רוזנבלט,מורן רוזנבלט,louvain,20,37
__name__:אייל סלמה,אייל סלמה,louvain,20,37
מרדכי_שפיגלר,מרדכי שפיגלר,louvain,20,37
אורי_יניב,אורי יניב,louvain,20,37
מאיה_מרון,מאיה מרון,louvain,20,37
שמוליק_קראוס,שמוליק קראוס,louvain,20,37
בובי_לקס,בובי לקס,louvain,20,37
אלדד_פריבס,אלדד פריבס,louvain,20,37
__name__:יפית שלו,יפית שלו,louvain,20,37
אריאל_זילבר,אריאל זילבר,louvain,21,1
__name__:יוסי אולו,יוסי אולו,louvain,22,3
__name__:סילביה דרורי,סילביה דרורי,louvain,22,3
אתל_קובינסקה,אתל קובינסקה,louvain,22,3
__name__:נועם קפלן,נועם קפלן,louvain,23,3
__name__:יותם אביבי,יותם אביבי,louvain,23,3
דני_קליין,דני קליין,louvain,23,3
סמי_סמיר,סמי סמיר,louvain,24,2
__name__:טטיאנה בלכר,טטיאנה בלכר,louvain,24,2
ניקי_גולדשטיין,ניקי גולדשטיין,louvain,25,3
__name__:אלעד סטפנסקי,אלעד סטפנסקי,louvain,25,3
עידו_לב,עידו לב,louvain,25,3
__name__:אשר אברהמי,אשר אברהמי,louvain,26,2
נוויד_נגהבאן,נוויד נגהבאן,louvain,26,2
יובל_סגל_(1980),יובל סגל,louvain,27,4
אהובה_קרן,אהובה קרן,louvain,27,4
__name__:איציק עצמון,איציק עצמון,louvain,27,4
שרון_צור,שרון צור,louvain,27,4
אבי_פניני,אבי פניני,louvain,28,58
__name__:איתי בוזגלו,איתי בוזגלו,louvain,28,58
__name__:אבי שניידמן,אבי שניידמן,louvain,28,58
נינה_קוטלר,נינה קוטלר,louvain,28,58
__name__:אקסל אזולאי,אקסל אזולאי,louvain,28,58
יחזקאל_לזרוב,יחזקאל לזרוב,louvain,28,58
אלברט_אילוז,אלברט אילוז,louvain,28,58
דרק_ג'קובי,דרק ג'קובי,louvain,28,58
עמוס_לביא,עמוס לביא,louvain,28,58
__name__:ענבר סוירפמן,ענבר סוירפמן,louvain,28,58
ערן_בן_זאב,ערן בן זאב,louvain,28,58
ענת_וקסמן,ענת וקסמן,louvain,28,58
אורנה_פורת,אורנה פורת,louvain,28,58
רובי_פורת_שובל,רובי פורת שובל,louvain,28,58
איילת_זורר,איילת זורר,louvain,28,58
דן_תורן,דן תורן,louvain,28,58
__name__:איציק זוהר,איציק זוהר,louvain,28,58
ראובן_דיין,ראובן דיין,louvain,28,58
ג'ף_גולדבלום,ג'ף גולדבלום,louvain,28,58
מיכל_זוארץ,מיכל זוארץ,louvain,28,58
אלון_דהן_(שחקן),אלון דהן,louvain,28,58
__name__:רותי גולדברג,רותי גולדברג,louvain,28,58
ישראל_דמידוב,ישראל דמידוב,louvain,28,58
__name__:מיטל פארן,מיטל פארן,louvain,28,58
יובל_זמיר,יובל זמיר,louvain,28,58
__name__:מיכל בת-אדם,מיכל בת-אדם,louvain,28,58
__name__:אנט כהן,אנט כהן,louvain,28,58
מוסקו_אלקלעי,מוסקו אלקלעי,louvain,28,58
סער_בדישי,סער בדישי,louvain,28,58
אסתר_רדא,אסתר רדא,louvain,28,58
גבי_עמרני,גבי עמרני,louvain,28,58
ארנון_צדוק,ארנון צדוק,louvain,28,58
חיים_זנאתי,חיים זנאתי,louvain,28,58
שמיל_בן-ארי,שמיל בן-ארי,louvain,28,58
__name__:חיים בוזגלו,חיים בוזגלו,louvain,28,58
חוה_אלברשטיין,חוה אלברשטיין,louvain,28,58
שרית_לארי,שרית לארי,louvain,28,58
ליז_רביאן,ליז רביאן,louvain,28,58
ז'רמן_אוניקובסקי,ז'רמן אוניקובסקי,louvain,28,58
שבתאי_קונורטי,שבתאי קונורטי,louvain,28,58
גילי_סער,גילי סער,louvain,28,58
אגם_רודברג,אגם רודברג,louvain,28,58
עדנה_בליליוס,עדנה בליליוס,louvain,28,58
__name__:ג'נט סבג,ג'נט סבג,louvain,28,58
הגר_בן_אשר,הגר בן אשר,louvain,28,58
זאב_רווח,זאב רווח,louvain,28,58
__name__:לאה שנירר,לאה שנירר,louvain,28,58
גילי_שושן,גילי שושן,louvain,28,58
__name__:יוגב קינן,יוגב קינן,louvain,28,58
__name__:עדי אבן טוב,עדי אבן טוב,louvain,28,58
הילה_סעדה,הילה סעדה,louvain,28,58
מייקל_לואיס_(דוגמן),מייקל לואיס,louvain,28,58
יגאל_נאור,יגאל נאור,louvain,28,58
יונה_עטרי,יונה עטרי,louvain,28,58
וילם_דפו,וילם דפו,louvain,28,58
דורי_בן_זאב,דורי בן זאב,louvain,28,58
__name__:אורלי טובלי פולק,אורלי טובלי פולק,louvain,28,58
סמדר_קילצ'ינסקי,סמדר קילצ'ינסקי,louvain,28,58
__name__:דרמה,דרמה,louvain,29,1
סלווה_נקארה,סלווה נקארה,louvain,30,11
__name__:מחמוד שלבי,מחמוד שלבי,louvain,30,11
__name__:אדיב ספדי,אדיב ספדי,louvain,30,11
בת_חן_סבג,בת חן סבג,louvain,30,11
__name__:טארק קופטי,טארק קופטי,louvain,30,11
__name__:סאמר קופטי,סאמר קופטי,louvain,30,11
תאמר_נפאר,תאמר נפאר,louvain,30,11
ריף_כהן,ריף כהן,louvain,30,11
מקס_אולארצ'יק,מקס אולארצ'יק,louvain,30,11
__name__:סעיד דסוקי,סעיד דסוקי,louvain,30,11
מאיסה_עבד_אלהאדי,מאיסה עבד אלהאדי,louvain,30,11
דנה_אברהם-סמו,דנה אברהם-סמו,louvain,31,41
אודי_ואביעד,אודי ואביעד,louvain,31,41
דובלה_גליקמן,דובלה גליקמן,louvain,31,41
חיים_אוסדון,חיים אוסדון,louvain,31,41
חני_נחמיאס,חני נחמיאס,louvain,31,41
__name__:אור יעקב,אור יעקב,louvain,31,41
מתן_לקס,מתן לקס,louvain,31,41
ברוך_ברנר,ברוך ברנר,louvain,31,41
עמי_אנידג'ר,עמי אנידג'ר,louvain,31,41
צופית_גרנט,צופית גרנט,louvain,31,41
דני_שטג,דני שטג,louvain,31,41
יובל_שם-טוב,יובל שם-טוב,louvain,31,41
רבקה_מיכאלי,רבקה מיכאלי,louvain,31,41
דודו_ארז,דודו ארז,louvain,31,41
גל_לב,גל לב,louvain,31,41
דניאלה_קרטס,דניאלה קרטס,louvain,31,41
אורן_שבו,אורן שבו,louvain,31,41
משה_דץ,משה דץ,louvain,31,41
נאיה_פדרמן,נאיה פדרמן,louvain,31,41
עמנואל_הלפרין,עמנואל הלפרין,louvain,31,41
סמי_הורי,סמי הורי,louvain,31,41
רודי_סעדה,רודי סעדה,louvain,31,41
הילה_ערן,הילה ערן,louvain,31,41
עודד_פז,עודד פז,louvain,31,41
אלינה_לוי,אלינה לוי,louvain,31,41
שי_ורועי,שי ורועי,louvain,31,41
מיכל_ינאי,מיכל ינאי,louvain,31,41
יהורם_גאון,יהורם גאון,louvain,31,41
__name__:יובל גל,יובל גל,louvain,31,41
יאיר_ניצני,יאיר ניצני,louvain,31,41
יעל_הדר,יעל הדר,louvain,31,41
תומר_שרון,תומר שרון,louvain,31,41
מאיר_סוויסה,מאיר סוויסה,louvain,31,41
טל_מוסרי,טל מוסרי,louvain,31,41
אורלי_בן-גרטי,אורלי בן-גרטי,louvain,31,41
לירית_בלבן,לירית בלבן,louvain,31,41
__name__:אביה ברוש,אביה ברוש,louvain,31,41
מולי_שולמן,מולי שולמן,louvain,31,41
__name__:שון גיטלמן,שון גיטלמן,louvain,31,41
און_רפאלי,און רפאלי,louvain,31,41
שמוליק_לוי,שמוליק לוי,louvain,31,41
אייל_נחמיאס,אייל נחמיאס,louvain,32,2
חגית_דסברג,חגית דסברג,louvain,32,2
פרנקו_נרו,פרנקו נרו,louvain,33,2
אשר_צרפתי,אשר צרפתי,louvain,33,2
רוזמונד_פייק,רוזמונד פייק,louvain,34,1
__name__:עמית מושקוביץ,עמית מושקוביץ,louvain,35,19
אלונה_איב,אלונה איב,louvain,35,19
הנרי_דוד,הנרי דוד,louvain,35,19
__name__:יונתן שיראי,יונתן שיראי,louvain,35,19
סשה_אגרונוב,סשה אגרונוב,louvain,35,19
__name__:סמירה סארייה,סמירה סארייה,louvain,35,19
__name__:אור ברק,אור ברק,louvain,35,19
__name__:נדיה טיכונובה,נדיה טיכונובה,louvain,35,19
__name__:משי אולינסקי,משי אולינסקי,louvain,35,19
שרה_אדלר,שרה אדלר,louvain,35,19
__name__:אדם צקמן,אדם צקמן,louvain,35,19
נועה_קנולר,נועה קנולר,louvain,35,19
ליא_קניג,ליא קניג,louvain,35,19
__name__:דניאל עדן,דניאל עדן,louvain,35,19
__name__:עדן חלילי,עדן חלילי,louvain,35,19
זהרירה_חריפאי,זהרירה חריפאי,louvain,35,19
שירה_האס,שירה האס,louvain,35,19
יוסף_כרמון,יוסף כרמון,louvain,35,19
__name__:תמיר מולא,תמיר מולא,louvain,35,19
__name__:תיעודי,תיעודי,louvain,36,1
אורי_גבריאל,אורי גבריאל,louvain,37,74
אוולין_הגואל,אוולין הגואל,louvain,37,74
טיילור_מלכוב,טיילור מלכוב,louvain,37,74
ראידה_אדון,ראידה אדון,louvain,37,74
עפר_שכטר,עפר שכטר,louvain,37,74
שלום_אסייג,שלום אסייג,louvain,37,74
יפית_אסולין,יפית אסולין,louvain,37,74
דניאל_סוויסה,דניאל סוויסה,louvain,37,74
לינור_אברג'יל,לינור אברג'יל,louvain,37,74
אברהם_סלקטר,אברהם סלקטר,louvain,37,74
אורנה_בנאי,אורנה בנאי,louvain,37,74
__name__:אלמוג רוזנו,אלמוג רוזנו,louvain,37,74
דניאל_אסייג,דניאל אסייג,louvain,37,74
מוריס_כהן_(שחקן),מוריס כהן,louvain,37,74
אריה_מוסקונה,אריה מוסקונה,louvain,37,74
רני_בלייר,רני בלייר,louvain,37,74
__name__:צ'ינו אלמיזרק,צ'ינו אלמיזרק,louvain,37,74
שרונה_אלימלך,שרונה אלימלך,louvain,37,74
אבי_אוריה,אבי אוריה,louvain,37,74
שלומי_קוריאט,שלומי קוריאט,louvain,37,74
אלכסנדר_סנדרוביץ',אלכסנדר סנדרוביץ',louvain,37,74
__name__:שרון צוקרמן,שרון צוקרמן,louvain,37,74
אריק_משעלי,אריק משעלי,louvain,37,74
__name__:לירז עוזרי,לירז עוזרי,louvain,37,74
__name__:שושה גור,שושה גור,louvain,37,74
חי_דוידוב,חי דוידוב,louvain,37,74
ליאת_אקטע,ליאת אקטע,louvain,37,74
גברי_לוי,גברי לוי,louvain,37,74
ישראל_אוגלבו,ישראל אוגלבו,louvain,37,74
__name__:גנגה אליקשוילי,גנגה אליקשוילי,louvain,37,74
שרלין_חזיזה,שרלין חזיזה,louvain,37,74
אוולין_קפלון,אוולין קפלון,louvain,37,74
אורלי_פרל,אורלי פרל,louvain,37,74
אגם_אוזלבו,אגם אוזלבו,louvain,37,74
גרא_סנדלר,גרא סנדלר,louvain,37,74
עדי_הימלבלוי,עדי הימלבלוי,louvain,37,74
מוטי_בן_ישי,מוטי בן ישי,louvain,37,74
__name__:רז מזרחי,רז מזרחי,louvain,37,74
צביקה_הדר,צביקה הדר,louvain,37,74
צחי_נוי,צחי נוי,louvain,37,74
אסי_לוי,אסי לוי,louvain,37,74
הרצל_טובי,הרצל טובי,louvain,37,74
גבי_דן,גבי דן,louvain,37,74
עינת_שרוף,עינת שרוף,louvain,37,74
פלורנס_בלוך,פלורנס בלוך,louvain,37,74
יפה_לוי,יפה לוי,louvain,37,74
__name__:ענבל גלאם,ענבל גלאם,louvain,37,74
__name__:נאור ואטורי,נאור ואטורי,louvain,37,74
דובר_קוסאשווילי,דובר קוסאשווילי,louvain,37,74
ישראל_אטיאס,ישראל אטיאס,louvain,37,74
ירון_לוי_סבג,ירון לוי סבג,louvain,37,74
לבן_סגינשווילי,לבן סגינשווילי,louvain,37,74
עומר_חזן,עומר חזן,louvain,37,74
__name__:מאיה ורדזאולי,מאיה ורדזאולי,louvain,37,74
יוסי_וידר,יוסי וידר,louvain,37,74
__name__:מלאני למברסקי,מלאני למברסקי,louvain,37,74
__name__:דקל וקנין,דקל וקנין,louvain,37,74
יצחק_נאמן,יצחק נאמן,louvain,37,74
__name__:מישל גוריאשוילי,מישל גוריאשוילי,louvain,37,74
אסתי_זקהיים,אסתי זקהיים,louvain,37,74
רמי_קאשי,רמי קאשי,louvain,37,74
עמנואל_הורי,עמנואל הורי,louvain,37,74
שרון_אלימלך,שרון אלימלך,louvain,37,74
ריימונד_אבקסיס,ריימונד אבקסיס,louvain,37,74
שרון_חזיז,שרון חזיז,louvain,37,74
אוראל_צברי,אוראל צברי,louvain,37,74
עודד_מנסטר,עודד מנסטר,louvain,37,74
ג'וליה_מסלאווי,ג'וליה מסלאווי,louvain,37,74
__name__:פאטה גוליאשווילי ו,פאטה גוליאשווילי ו,louvain,37,74
יגאל_עדיקא,יגאל עדיקא,louvain,37,74
__name__:יאיר פורטל,יאיר פורטל,louvain,37,74
עדי_אלון,עדי אלון,louvain,37,74
אופירה_רחמים,אופירה רחמים,louvain,37,74
איציק_כהן_(שחקן),איציק כהן,louvain,37,74
אסף_פרי,אסף פרי,louvain,38,4
__name__:אפרת וינטראוב,אפרת וינטראוב,louvain,38,4
__name__:צחי סדן,צחי סדן,louvain,38,4
מי-רן_מנקס,מי-רן מנקס,louvain,38,4
יקי_רייסנר,יקי רייסנר,louvain,39,32
אלי_קרן-אסף,אלי קרן-אסף,louvain,39,32
גל_פרידמן_(שחקן),גל פרידמן,louvain,39,32
גל_אמיתי,גל אמיתי,louvain,39,32
בר_כהן_מוראד,בר כהן מוראד,louvain,39,32
מאור_לוי_(שחקן),מאור לוי,louvain,39,32
חן_אמסלם-זגורי,חן אמסלם-זגורי,louvain,39,32
עמית_מורשת,עמית מורשת,louvain,39,32
נועם_אימבר,נועם אימבר,louvain,39,32
עודד_לאופולד,עודד לאופולד,louvain,39,32
עלי_סלימאן,עלי סלימאן,louvain,39,32
שראל_פיטרמן,שראל פיטרמן,louvain,39,32
עמוס_תמם,עמוס תמם,louvain,39,32
ריימונד_אמסלם,ריימונד אמסלם,louvain,39,32
מאור_שוויצר,מאור שוויצר,louvain,39,32
__name__:אור עדי,אור עדי,louvain,39,32
שאדי_מרעי,שאדי מרעי,louvain,39,32
אסף_בן_שמעון,אסף בן שמעון,louvain,39,32
__name__:איתמר קליגר,איתמר קליגר,louvain,39,32
עמית_רהב,עמית רהב,louvain,39,32
איתי_זבולון_(שחקן),איתי זבולון,louvain,39,32
רועי_אסף,רועי אסף,louvain,39,32
ליאנה_עיון,ליאנה עיון,louvain,39,32
עומר_נודלמן,עומר נודלמן,louvain,39,32
ניב_סולטן,ניב סולטן,louvain,39,32
שירה_לוי,שירה לוי,louvain,39,32
נטע_שפיגלמן,נטע שפיגלמן,louvain,39,32
אברהם_ארנסון,אברהם ארנסון,louvain,39,32
רותם_זיסמן-כהן,רותם זיסמן-כהן,louvain,39,32
גיא_לואל,גיא לואל,louvain,39,32
עירית_קפלן,עירית קפלן,louvain,39,32
ליטל_שוורץ,ליטל שוורץ,louvain,39,32
__name__:ג'ניה צ'רניק,ג'ניה צ'רניק,louvain,40,1
__name__:רפאל גרינשטיין,רפאל גרינשטיין,louvain,41,8
__name__:הלל שמעון,הלל שמעון,louvain,41,8
ישי_לפידות,ישי לפידות,louvain,41,8
ששי_גז,ששי גז,louvain,41,8
__name__:אסף קליין,אסף קליין,louvain,41,8
עמירן_דביר,עמירן דביר,louvain,41,8
__name__:ישראל מאיר וולקן,ישראל מאיר וולקן,louvain,41,8
ג'וש_שגיא,ג'וש שגיא,louvain,41,8
__name__:עידן ברדך,עידן ברדך,louvain,42,64
__name__:יניב מויאל,יניב מויאל,louvain,42,64
שירה_נאור,שירה נאור,louvain,42,64
עליזה_רוזן,עליזה רוזן,louvain,42,64
__name__:מיכל טרבס,מיכל טרבס,louvain,42,64
יונתן_צ'רצ'י,יונתן צ'רצ'י,louvain,42,64
נועה_קולר,נועה קולר,louvain,42,64
__name__:מריה זריק,מריה זריק,louvain,42,64
לבנה_פינקלשטיין,לבנה פינקלשטיין,louvain,42,64
רון_שחר,רון שחר,louvain,42,64
צחי_הלוי,צחי הלוי,louvain,42,64
קלרה_ח'ורי,קלרה ח'ורי,louvain,42,64
אלונה_טל,אלונה טל,louvain,42,64
מלי_לוי,מלי לוי,louvain,42,64
דב_נבון,דב נבון,louvain,42,64
__name__:נעמה פרייס,נעמה פרייס,louvain,42,64
__name__:אורי אבינועם,אורי אבינועם,louvain,42,64
נעמי_לבוב,נעמי לבוב,louvain,42,64
אמיר_שורוש,אמיר שורוש,louvain,42,64
אריה_אליאס,אריה אליאס,louvain,42,64
דניאל_סטיופין,דניאל סטיופין,louvain,42,64
גיא_עמיר,גיא עמיר,louvain,42,64
נבו_קמחי,נבו קמחי,louvain,42,64
__name__:דניאל קלטג'ירונה,דניאל קלטג'ירונה,louvain,42,64
מריאנו_אידלמן,מריאנו אידלמן,louvain,42,64
אילן_דר,אילן דר,louvain,42,64
__name__:בן איתין,בן איתין,louvain,42,64
אסי_כהן,אסי כהן,louvain,42,64
אנטולי_בליי,אנטולי בליי,louvain,42,64
רותם_אבוהב,רותם אבוהב,louvain,42,64
שרון_רג'יניאנו,שרון רג'יניאנו,louvain,42,64
אלי_פיניש,אלי פיניש,louvain,42,64
ארז_כהנא,ארז כהנא,louvain,42,64
עלמה_זק,עלמה זק,louvain,42,64
אוהד_קנולר,אוהד קנולר,louvain,42,64
טל_פרידמן,טל פרידמן,louvain,42,64
יניב_סוויסה,יניב סוויסה,louvain,42,64
__name__:חיים אלמקייס,חיים אלמקייס,louvain,42,64
שמואל_קלדרון,שמואל קלדרון,louvain,42,64
חנן_סביון,חנן סביון,louvain,42,64
אבי_דנגור,אבי דנגור,louvain,42,64
לנה_אטינגר,לנה אטינגר,louvain,42,64
__name__:עמרי גבעון,עמרי גבעון,louvain,42,64
אבי_גרייניק,אבי גרייניק,louvain,42,64
יובל_סמו,יובל סמו,louvain,42,64
גל_גדות,גל גדות,louvain,42,64
__name__:בהירה בלאסי,בהירה בלאסי,louvain,42,64
בן_סולטן,בן סולטן,louvain,42,64
חני_פירסטנברג,חני פירסטנברג,louvain,42,64
אורי_הוכמן,אורי הוכמן,louvain,42,64
__name__:אלכסנדר פילינג,אלכסנדר פילינג,louvain,42,64
__name__:ריקי רייף סיני,ריקי רייף סיני,louvain,42,64
__name__:ח'אולה איברהם,ח'אולה איברהם,louvain,42,64
יוסי_מרשק,יוסי מרשק,louvain,42,64
רפי_תבור,רפי תבור,louvain,42,64
__name__:ארנון צדוק,ארנון צדוק,louvain,42,64
אושרי_כהן,אושרי כהן,louvain,42,64
דנה_אברמוביץ',דנה ברקוביץ,louvain,42,64
רוני_דלומי,רוני דלומי,louvain,42,64
יהודה_לוי_(שחקן),יהודה לוי,louvain,42,64
איה_קורן,איה קורן,louvain,42,64
מורן_אטיאס,מורן אטיאס,louvain,42,64
יעל_פרל_בקר,יעל פרל בקר,louvain,42,64
מאור_כהן,מאור כהן,louvain,42,64
בבר_יוקו,בבר יוקו,louvain,43,3
__name__:דני חדד,דני חדד,louvain,43,3
__name__:אבי סויסה,אבי סויסה,louvain,43,3
__name__:אלכס בכרי,אלכס בכרי,louvain,44,2
__name__:ג'ונה סולימאן,ג'ונה סולימאן,louvain,44,2
אפרת_בן_צור,אפרת בן צור,louvain,45,56
__name__:ז'וזפין דראי,ז'וזפין דראי,louvain,45,56
בת_אל_מוסרי,בת אל מוסרי,louvain,45,56
__name__:דשה טבורוננוביץ',דשה טבורוננוביץ',louvain,45,56
לנה_פרייפלד,לנה פרייפלד,louvain,45,56
עדי_גילת,עדי גילת,louvain,45,56
שלום_מיכאלשווילי,שלום מיכאלשווילי,louvain,45,56
אמה_מדינג,אמה מדינג,louvain,45,56
עידו_טאקו,עידו טאקו,louvain,45,56
דריה_רוזן,דריה רוזן,louvain,45,56
__name__:דן דויטש,דן דויטש,louvain,45,56
עלית_קרייז,עלית קרייז,louvain,45,56
שרון_זליקובסקי,שרון זליקובסקי,louvain,45,56
__name__:היאלי יוסף זאדה,היאלי יוסף זאדה,louvain,45,56
__name__:עומר דהן,עומר דהן,louvain,45,56
קובי_מאור,קובי מאור,louvain,45,56
אברהם_שלום_לוי,אברהם שלום לוי,louvain,45,56
לירון_וייסמן,לירון וייסמן,louvain,45,56
נלי_תגר,נלי תגר,louvain,45,56
אנה_זק,אנה זק,louvain,45,56
__name__:הלל ינאי שני,הלל ינאי שני,louvain,45,56
__name__:גלי בן נר,גלי בן נר,louvain,45,56
__name__:הדר דרור,הדר דרור,louvain,45,56
ציון_ברוך,ציון ברוך,louvain,45,56
שי_אביבי,שי אביבי,louvain,45,56
__name__:סמדי וולפמן,סמדי וולפמן,louvain,45,56
אופק_פסח,אופק פסח,louvain,45,56
שרון_שטרק,שרון שטרק,louvain,45,56
בר_רפאלי,בר רפאלי,louvain,45,56
לירז_צ'רכי,לירז צ'רכי,louvain,45,56
__name__:גיא קפולניק,גיא קפולניק,louvain,45,56
__name__:עידן שרוקה,עידן שרוקה,louvain,45,56
__name__:בני שיף,בני שיף,louvain,45,56
נטע_גרטי,נטע גרטי,louvain,45,56
עידו_תדמור,עידו תדמור,louvain,45,56
__name__:גל סלמון,גל סלמון,louvain,45,56
אביה_מלכה,אביה מלכה,louvain,45,56
__name__:תמר ירושלמי,תמר ירושלמי,louvain,45,56
__name__:מיקה רייס,מיקה רייס,louvain,45,56
ברק_שמיר,ברק שמיר,louvain,45,56
__name__:משה ויידר,משה ויידר,louvain,45,56
ליה_אללוף,ליה אללוף,louvain,45,56
__name__:תומר שטיינהוף,תומר שטיינהוף,louvain,45,56
__name__:שמוליק כהן,שמוליק כהן,louvain,45,56
רונית_יודקביץ',רונית יודקביץ',louvain,45,56
אנחל_בונני,אנחל בונני,louvain,45,56
__name__:אמיר פלדמן,אמיר פלדמן,louvain,45,56
שרדי_ג'בארין,שרדי ג'בארין,louvain,45,56
אריה_צ'רנר,אריה צ'רנר,louvain,45,56
__name__:שחר כרמל,שחר כרמל,louvain,45,56
__name__:יואב כורש,יואב כורש,louvain,45,56
אסי_ישראלוף,אסי ישראלוף,louvain,45,56
יעקב_זדה-דניאל,יעקב זדה-דניאל,louvain,45,56
אולה_שור-סלקטר,אולה שור-סלקטר,louvain,45,56
__name__:קרולניה רודריגז נרנג'ו,קרולניה רודריגז נרנג'ו,louvain,45,56
דוד_שאול,דוד שאול,louvain,45,56
__name__:נרונה דה מאסדו קפלן,נרונה דה מאסדו קפלן,louvain,46,2
מוקי,מוקי,louvain,46,2
יאנה_יוסף,יאנה יוסף,louvain,47,59
דרור_קרן,דרור קרן,louvain,47,59
אסתי_קוסוביצקי,אסתי קוסוביצקי,louvain,47,59
יורם_זק,יורם זק,louvain,47,59
__name__:שני בן חיים,שני בן חיים,louvain,47,59
ירדן_בר-כוכבא,ירדן בר-כוכבא,louvain,47,59
יואב_לוי,יואב לוי,louvain,47,59
אמירה_בוזגלו,אמירה בוזגלו,louvain,47,59
ערן_מור,ערן מור,louvain,47,59
עלי_נאסר,עלי נאסר,louvain,47,59
אהרן_טרייטל,אהרן טרייטל,louvain,47,59
שלמה_בראבא,שלמה בראבא,louvain,47,59
אדיר_מילר,אדיר מילר,louvain,47,59
ירדן_תוסייה_כהן,ירדן תוסייה כהן,louvain,47,59
עידית_טפרסון,עידית טפרסון,louvain,47,59
__name__:רונית פלד,רונית פלד,louvain,47,59
דניאל_סבג,דניאל סבג,louvain,47,59
מיכל_שטמלר,מיכל שטמלר,louvain,47,59
מלי_לוי_גרשון,מלי לוי גרשון,louvain,47,59
מיכאל_הנגבי,מיכאל הנגבי,louvain,47,59
מורין_אמור,מורין אמור,louvain,47,59
טלי_אורן,טלי אורן,louvain,47,59
נתי_רביץ,נתי רביץ,louvain,47,59
אושרי_סהר,אושרי סהר,louvain,47,59
אסנת_חכים,אסנת חכים,louvain,47,59
תיקי_דיין,תיקי דיין,louvain,47,59
ריקי_בליך,ריקי בליך,louvain,47,59
רומי_אבולעפיה,רומי אבולעפיה,louvain,47,59
נתן_רביץ,נתן רביץ,louvain,47,59
אנה_ארונוב,אנה ארונוב,louvain,47,59
סיון_לוי,סיון לוי,louvain,47,59
מיה_דגן,מיה דגן,louvain,47,59
יעל_לבנטל,יעל לבנטל,louvain,47,59
__name__:אביתר מור,אביתר מור,louvain,47,59
אילנית_לוי,אילנית לוי,louvain,47,59
ניב_מג'ר,ניב מג'ר,louvain,47,59
מיכל_אמדורסקי,מיכל אמדורסקי,louvain,47,59
אלינור_סלע,אלינור סלע,louvain,47,59
ליאון_רוזנברג,ליאון רוזנברג,louvain,47,59
רבקה_בכר,רבקה בכר,louvain,47,59
רותם_זיסמן_כהן,רותם זיסמן כהן,louvain,47,59
גיל_פרנק,גיל פרנק,louvain,47,59
רועי_ניק,רועי ניק,louvain,47,59
רועי_ויינברג,רועי ויינברג,louvain,47,59
רמי_ברוך,רמי ברוך,louvain,47,59
דניאלה_וירצר,דניאלה וירצר,louvain,47,59
פאני_ארדן,פאני ארדן,louvain,47,59
הדר_לוי,הדר לוי,louvain,47,59
שלומי_שבן,שלומי שבן,louvain,47,59
יוסף_סוויד,יוסף סוויד,louvain,47,59
__name__:עמרי פירר,עמרי פירר,louvain,47,59
איתי_טיראן,איתי טיראן,louvain,47,59
אסף_הרץ,אסף הרץ,louvain,47,59
__name__:רוני קדר,רוני קדר,louvain,47,59
__name__:גור שטיינברג,גור שטיינברג,louvain,47,59
פנינה_רוזנבלום,פנינה רוזנבלום,louvain,47,59
אלכס_אנסקי,אלכס אנסקי,louvain,47,59
אלון_פרידמן,אלון פרידמן,louvain,47,59
אורית_פוקס,אורית פוקס,louvain,47,59
שחר_ישי,שחר ישי,louvain,48,3
__name__:שחר פרץ,שחר פרץ,louvain,48,3
מיכל_מוכתר,מיכל מוכתר,louvain,48,3
תום_אבני,תום אבני,louvain,49,62
__name__:עלאי אלמודי,עלאי אלמודי,louvain,49,62
__name__:שירז אדרי,שירז אדרי,louvain,49,62
פיני_טבגר,פיני טבגר,louvain,49,62
דניאל_גד,דניאל גד,louvain,49,62
אביגיל_הררי,אביגיל הררי,louvain,49,62
אליאנה_תדהר,אליאנה תדהר,louvain,49,62
רונלד_זרפלד,רונלד זרפלד,louvain,49,62
אורי_פפר,אורי פפר,louvain,49,62
שירן_סנדל,שירן סנדל,louvain,49,62
ליהי_קורנובסקי,ליהי קורנובסקי,louvain,49,62
נדב_גדג',נדב גדג',louvain,49,62
עלא_דקה,עלא דקה,louvain,49,62
רותם_סלע,רותם סלע,louvain,49,62
סוול_אריאל_אור,סוול אריאל אור,louvain,49,62
אביגיל_אריאלי,אביגיל אריאלי,louvain,49,62
רן_דנקר,רן דנקר,louvain,49,62
לוסי_אהריש,לוסי אהריש,louvain,49,62
שירה_קצנלנבוגן,שירה קצנלנבוגן,louvain,49,62
סנדי_בר,סנדי בר,louvain,49,62
__name__:יהודה אלמגור,יהודה אלמגור,louvain,49,62
__name__:ניב ניסים,ניב ניסים,louvain,49,62
נמרוד_הוכנברג,נמרוד הוכנברג,louvain,49,62
עדן_סבן,עדן סבן,louvain,49,62
כרמל_נצר,כרמל נצר,louvain,49,62
מיכה_סלקטר,מיכה סלקטר,louvain,49,62
ארז_עובד,ארז עובד,louvain,49,62
__name__:דניאל ניזרי,דניאל ניזרי,louvain,49,62
__name__:רואי אלסברג,רואי אלסברג,louvain,49,62
מילי_עשת,מילי עשת,louvain,49,62
__name__:יואב סעדיאן רוזנברג,יואב סעדיאן רוזנברג,louvain,49,62
אמיר_ח'ורי,אמיר ח'ורי,louvain,49,62
אסף_קורמן,אסף קורמן,louvain,49,62
נווה_צור,נווה צור,louvain,49,62
פולי_רשף,פולי רשף,louvain,49,62
תמיר_גינזבורג,תמיר גינזבורג,louvain,49,62
__name__:יונתן להב ויסברג,יונתן להב ויסברג,louvain,49,62
יעל_פולמן,יעל פולמן,louvain,49,62
__name__:עפר גרינברג,עפר גרינברג,louvain,49,62
__name__:ג'ון בנג'מין היקי,ג'ון בנג'מין היקי,louvain,49,62
בר_מיניאלי,בר מיניאלי,louvain,49,62
יהונתן_וילוז'ני,יהונתן וילוז'ני,louvain,49,62
מאיר_סויסה,מאיר סויסה,louvain,49,62
תובל_שפיר,תובל שפיר,louvain,49,62
__name__:שרון ברק,שרון ברק,louvain,49,62
שני_כהן,שני כהן,louvain,49,62
ליר_כץ,ליר כץ,louvain,49,62
משי_קלינשטיין,משי קלינשטיין,louvain,49,62
אורלי_זילברשץ,אורלי זילברשץ,louvain,49,62
נוה_צור,נוה צור,louvain,49,62
מיקי_קם,מיקי קם,louvain,49,62
גבריאל_עמרי_לוקאס,עומרי לוקאס,louvain,49,62
אלישע_בנאי,אלישע בנאי,louvain,49,62
עידן_ברקאי,עידן ברקאי,louvain,49,62
אלי_אילדיס,אלי אילדיס,louvain,49,62
אדם_גבאי,אדם גבאי,louvain,49,62
נאיה_בינשטוק,נאיה בינשטוק,louvain,49,62
ג'וי_ריגר,ג'וי ריגר,louvain,49,62
קווין_רובין,קווין רובין,louvain,49,62
נטע_רוט,נטע רוט,louvain,49,62
דניאל_מורשת,דניאל מורשת,louvain,49,62
נתי_קלוגר,נתי קלוגר,louvain,49,62
זהבה_בן,זהבה בן,louvain,50,1
צביקה_שוורצברג,צביקה שוורצברג,louvain,51,1
__name__:אמרי קאהן,אמרי קאהן,louvain,52,1
נעמה_אמית,נעמה אמית,louvain,53,78
ירון_מוטולה,ירון מוטולה,louvain,53,78
גאיה_טראוב,גאיה טראוב,louvain,53,78
אסנת_פישמן,אסנת פישמן,louvain,53,78
עידו_מוסרי,עידו מוסרי,louvain,53,78
__name__:אליה ענבר,אליה ענבר,louvain,53,78
שני_קליין,שני קליין,louvain,53,78
אינה_בקלמן,אינה בקלמן,louvain,53,78
אולג_לוין,אולג לוין,louvain,53,78
__name__:אלכסיי שטוקין,אלכסיי שטוקין,louvain,53,78
קרן_ברגר,קרן ברגר,louvain,53,78
צחי_גראד,צחי גראד,louvain,53,78
מתי_סרי,מתי סרי,louvain,53,78
מעיין_בלום,מעיין בלום,louvain,53,78
משה_אשכנזי_(שחקן),משה אשכנזי,louvain,53,78
__name__:ז'ניה וסרמן,ז'ניה וסרמן,louvain,53,78
יותם_ישי,יותם ישי,louvain,53,78
שירי_גדני,שירי גדני,louvain,53,78
קובי_פרג',קובי פרג',louvain,53,78
הילי_ילון,הילי ילון,louvain,53,78
אילן_קובץ',אילן קובץ',louvain,53,78
שלמה_בר-שביט,שלמה בר-שביט,louvain,53,78
__name__:נל ברלו,נל ברלו,louvain,53,78
דנה_פרידר,דנה פרידר,louvain,53,78
אורי_לייזרוביץ',אורי לייזרוביץ',louvain,53,78
אלישבע_וייל,אלישבע וייל,louvain,53,78
יעל_בר_זוהר,יעל בר זוהר,louvain,53,78
רעות_אלוש,רעות אלוש,louvain,53,78
אפרת_בוימולד,אפרת בוימולד,louvain,53,78
__name__:תמר זובידה,תמר זובידה,louvain,53,78
__name__:שולי רנד,שולי רנד,louvain,53,78
אפרת_דור,אפרת דור,louvain,53,78
גילת_אנקורי,גילת אנקורי,louvain,53,78
גיה_באר_גורביץ',גיה באר גורביץ',louvain,53,78
גלית_גיאת,גלית גיאת,louvain,53,78
רינת_מטטוב,רינת מטטוב,louvain,53,78
עופר_שכטר,עופר שכטר,louvain,53,78
גורי_אלפי,גורי אלפי,louvain,53,78
__name__:ראובן בדלוב,ראובן בדלוב,louvain,53,78
לייב_לב_לוין,לייב לב לוין,louvain,53,78
דניאל_גל,דניאל גל,louvain,53,78
נטשה_מנור,נטשה מנור,louvain,53,78
__name__:מיכאל גלנסקי,מיכאל גלנסקי,louvain,53,78
אבשלום_פולק,אבשלום פולק,louvain,53,78
__name__:שוהן ישורון,שוהן ישורון,louvain,53,78
צח_שפיצן,צח שפיצן,louvain,53,78
סיון_נועם_שמעון,סיון נועם שמעון,louvain,53,78
אילן_גנני,אילן גנני,louvain,53,78
גור_בנטביץ',גור בנטביץ',louvain,53,78
נועה_ברקאי,נועה ברקאי,louvain,53,78
בר_בלפר,בר בלפר,louvain,53,78
__name__:ניתאי גבירץ,ניתאי גבירץ,louvain,53,78
עדי_חבשוש,עדי חבשוש,louvain,53,78
__name__:רמי דוידוף,רמי דוידוף,louvain,53,78
דודו_טסה,דודו טסה,louvain,53,78
אופיר_נהרי,אופיר נהרי,louvain,53,78
ליאור_דובדבני,ליאור דובדבני,louvain,53,78
__name__:הדר כץ,הדר כץ,louvain,53,78
דינה_סנדרסון,דינה סנדרסון,louvain,53,78
__name__:הדס ג'ייד סאקורי,הדס ג'ייד סאקורי,louvain,53,78
__name__:ג'ו סינדויג'ה,ג'ו סינדויג'ה,louvain,53,78
עופר_חיון,עופר חיון,louvain,53,78
נוני_גפן,נוני גפן,louvain,53,78
__name__:מיכל רנד,מיכל רנד,louvain,53,78
ליאור_אשכנזי,ליאור אשכנזי,louvain,53,78
ירון_ברובינסקי,ירון ברובינסקי,louvain,53,78
מור_חן,מור חן,louvain,53,78
אלה_ארמוני,אלה ארמוני,louvain,53,78
עמי_סמולרצ'יק,עמי סמולרצ'יק,louvain,53,78
תומר_חמד,תומר חמד,louvain,53,78
יובל_מנדלסון,יובל מנדלסון,louvain,53,78
אביב_אלוש,אביב אלוש,louvain,53,78
מיטל_גל_סויסה,מיטל גל סויסה,louvain,53,78
לירון_לב,לירון לב,louvain,53,78
דביר_בנדק,דביר בנדק,louvain,53,78
שאול_מזרחי,שאול מזרחי,louvain,53,78
__name__:יבגני אורלוב,יבגני אורלוב,louvain,53,78
יואב_הייט,יואב הייט,louvain,53,78
__name__:צבי שיסל,צבי שיסל,louvain,54,3
__name__:מוני מושונוב,מוני מושונוב,louvain,54,3
__name__:אריק איינשטיין,אריק איינשטיין,louvain,54,3
רועי_בר_נתן,רועי בר נתן,louvain,55,38
__name__:ספיר יוסף,ספיר יוסף,louvain,55,38
עמית_יגור,עמית יגור,louvain,55,38
דפנה_רכטר,דפנה רכטר,louvain,55,38
אלכסיי_סרבריאקוב,"עידית טפרסון, אלכסיי סרבריאקוב",louvain,55,38
דב_גליקמן,דב גליקמן,louvain,55,38
ידין_גלמן,ידין גלמן,louvain,55,38
יואב_רוטמן,יואב רוטמן,louvain,55,38
__name__:אודי קנבל,אודי קנבל,louvain,55,38
עמית_פרקש,עמית פרקש,louvain,55,38
אריאל_ברונז,אריאל ברונז,louvain,55,38
יותם_קושניר,יותם קושניר,louvain,55,38
__name__:נעמה פריס,נעמה פריס,louvain,55,38
תומר_שחורי,תומר שחורי,louvain,55,38
עומר_דרור,עומר דרור,louvain,55,38
מור_פולנוהר,מור פולנוהר,louvain,55,38
אורנה_פיטוסי,אורנה פיטוסי,louvain,55,38
יעל_גרובגלס,יעל גרובגלס,louvain,55,38
__name__:תמיר ביידר,תמיר ביידר,louvain,55,38
שרון_אלכסנדר,שרון אלכסנדר,louvain,55,38
נועה_קירל,נועה קירל,louvain,55,38
נואל_ברקוביץ',נואל ברקוביץ',louvain,55,38
יהודה_אפרוני,יהודה אפרוני,louvain,55,38
__name__:נועם שנהב,נועם שנהב,louvain,55,38
גיל_וייס,גיל וייס,louvain,55,38
גיא_מרוז,גיא מרוז,louvain,55,38
אבי_קושניר,אבי קושניר,louvain,55,38
דניאל_ג'יידלין,דניאל ג'יידלין,louvain,55,38
יון_תומרקין,יון תומרקין,louvain,55,38
__name__:מנשה נוי,מנשה נוי,louvain,55,38
אורנה_כץ,אורנה כץ,louvain,55,38
יעל_שטולמן,יעל שטולמן,louvain,55,38
רותם_קינן,רותם קינן,louvain,55,38
__name__:יאיר נשר,יאיר נשר,louvain,55,38
רות_פרחי,רות פרחי,louvain,55,38
חיים_אתגר,חיים אתגר,louvain,55,38
דור_הררי,דור הררי,louvain,55,38
דניאל_ליטמן,דניאל ליטמן,louvain,55,38
מוטי_גלעדי,מוטי גלעדי,louvain,56,51
שמואל_אדלמן,שמואל אדלמן,louvain,56,51
איצ'ו_אביטל,איצ'ו אביטל,louvain,56,51
ליאל_דניר,ליאל דניר,louvain,56,51
__name__:סרין סאנוסיאן,סרין סאנוסיאן,louvain,56,51
__name__:קתרינה ולסנקו,קתרינה ולסנקו,louvain,56,51
גיא_אדלר_(שחקן),גיא אדלר,louvain,56,51
יעל_שרוני,יעל שרוני,louvain,56,51
הילה_פלדמן,הילה פלדמן,louvain,56,51
ישי_גולן,ישי גולן,louvain,56,51
רוזינה_קמבוס,רוזינה קמבוס,louvain,56,51
אלכס_פלג,אלכס פלג,louvain,56,51
משה_פולקנפליק,משה פולקנפליק,louvain,56,51
__name__:חנה אזולאי-הספרי,חנה אזולאי-הספרי,louvain,56,51
__name__:הגר בן-אשר,הגר בן-אשר,louvain,56,51
גילה_אלמגור,גילה אלמגור,louvain,56,51
אנדריי_קשקר,אנדריי קשקר,louvain,56,51
__name__:אלייזה וינטראוב,אלייזה וינטראוב,louvain,56,51
אלי_גורנשטיין,אלי גורנשטיין,louvain,56,51
איתי_תורג'מן,איתי תורג'מן,louvain,56,51
מנואל_אלקסלסי_ורדי,מנואל אלקסלסי ורדי,louvain,56,51
מירי_מסיקה,מירי מסיקה,louvain,56,51
חיים_בנאי,חיים בנאי,louvain,56,51
מיכאל_אלוני,מיכאל אלוני,louvain,56,51
__name__:ג'וש פייס,ג'וש פייס,louvain,56,51
אוגוסט_דיל,אוגוסט דיל,louvain,56,51
מיקי_לאון,מיקי לאון,louvain,56,51
__name__:סילביה הוקס,סילביה הוקס,louvain,56,51
ג'וני_ערביד,ג'וני ערביד,louvain,56,51
אווה_חדד,אווה חדד,louvain,56,51
נועה_מימן,נועה מימן,louvain,56,51
ברוך_דוד,ברוך דוד,louvain,56,51
ג'יזל_סילבר,ג'יזל סילבר,louvain,56,51
נורמן_עיסא,נורמן עיסא,louvain,56,51
יוסי_גרבר,יוסי גרבר,louvain,56,51
גיל_דסיאנו_ביטון,גיל דסיאנו ביטון,louvain,56,51
מארק_איווניר,מארק איווניר,louvain,56,51
__name__:ג'וליה סמסון,ג'וליה סמסון,louvain,56,51
דר_זוזובסקי,דר זוזובסקי,louvain,56,51
אקי_אבני,אקי אבני,louvain,56,51
יעל_טוקר,יעל טוקר,louvain,56,51
ולדימיר_פרידמן,ולדימיר פרידמן,louvain,56,51
הלנה_ירלובה,הלנה ירלובה,louvain,56,51
__name__:אדם אבולעפיה,אדם אבולעפיה,louvain,56,51
יפתח_אופיר,יפתח אופיר,louvain,56,51
__name__:נתן מגד,נתן מגד,louvain,56,51
מתי_אטלס,מתי אטלס,louvain,56,51
נתן_דטנר,נתן דטנר,louvain,56,51
עוז_זהבי,עוז זהבי,louvain,56,51
אלי_אלטוניו,אלי אלטוניו,louvain,56,51
__name__:גיא גארנר,גיא גארנר,louvain,56,51
__name__:ללא,ללא,louvain,57,1
לטי_גרובמן,לטי גרובמן,louvain,58,2
__name__:אייל בן אהרון,אייל בן אהרון,louvain,58,2
רובא_בלאל-עספור,רובא בלאל-עספור,louvain,59,7
__name__:עמאל בויראט,עמאל בויראט,louvain,59,7
__name__:חוסיין יאסין מחאג'נה,חוסיין יאסין מחאג׳נה,louvain,59,7
למיס_עמאר,למיס עמאר,louvain,59,7
__name__:הייתאם עומארי,הייתאם עומארי,louvain,59,7
__name__:חדיג'ה אל עאכד,חדיג'ה אל עאכד,louvain,59,7
__name__:ג'לאל מסרוה,ג'לאל מסרוה,louvain,59,7
__name__:אלי בן רעי,אלי בן רעי,louvain,60,3
גילי_בן_אוזיליו,גילי בן אוזיליו,louvain,60,3
__name__:בתיה בר,בתיה בר,louvain,60,3
דני_יוסטון,דני יוסטון,louvain,61,1
אבי_נשר,אבי נשר,louvain,62,2
חלי_גולדנברג,חלי גולדנברג,louvain,62,2
__name__:צחי גראד,צחי גראד,louvain,63,4
__name__:יובל שרף,יובל שרף,louvain,63,4
__name__:אלון אבוטבול,אלון אבוטבול,louvain,63,4
__name__:טינקרבל,טינקרבל,louvain,63,4
אירית_סוקי,אירית סוקי,louvain,64,3
סמדר_סייר,סמדר סייר,louvain,64,3
נעמה_שנדר,נעמה שנדר,louvain,64,3
__name__:אנה ווליקובסקי,אנה ווליקובסקי,louvain,65,4
__name__:מיכאל לרנר,מיכאל לרנר,louvain,65,4
__name__:רומן גרשקוביץ',רומן גרשקוביץ',louvain,65,4
__name__:עמירם עיני,עמירם עיני,louvain,65,4
אברהם_שלום,אברהם שלום,louvain,66,6
עמי_אילון,עמי אילון,louvain,66,6
יעקב_פרי,יעקב פרי,louvain,66,6
יובל_דיסקין,יובל דיסקין,louvain,66,6
אבי_דיכטר,אבי דיכטר,louvain,66,6
כרמי_גילון,כרמי גילון,louvain,66,6
__name__:נועה מנדל,נועה מנדל,louvain,67,2
__name__:רומן אילין,רומן אילין,louvain,67,2
__name__:רונית אלקבץ,רונית אלקבץ,greedy_modularity,0,223
יואב_דונט,יואב דונט,greedy_modularity,0,223
__name__:סייבונגה מלונגיסי,סייבונגה מלונגיסי,greedy_modularity,0,223
ירון_מוטולה,ירון מוטולה,greedy_modularity,0,223
__name__:רובין רנוצ'י,רובין רנוצ'י,greedy_modularity,0,223
דובלה_גליקמן,דובלה גליקמן,greedy_modularity,0,223
אניה_בוקשטיין,אניה בוקשטיין,greedy_modularity,0,223
__name__:מיכל טרבס,מיכל טרבס,greedy_modularity,0,223
אביגיל_הררי,אביגיל הררי,greedy_modularity,0,223
ששון_גבאי,ששון גבאי,greedy_modularity,0,223
דב_גליקמן,דב גליקמן,greedy_modularity,0,223
גל_תורן,גל תורן,greedy_modularity,0,223
דן_תורג'מן,דן תורג'מן,greedy_modularity,0,223
__name__:אליה ענבר,אליה ענבר,greedy_modularity,0,223
נועה_קולר,נועה קולר,greedy_modularity,0,223
אסתי_ירושלמי,אסתי ירושלמי,greedy_modularity,0,223
__name__:מריה זריק,מריה זריק,greedy_modularity,0,223
שמעון_מימרן,שמעון מימרן,greedy_modularity,0,223
לבנה_פינקלשטיין,לבנה פינקלשטיין,greedy_modularity,0,223
מיכל_שטמלר,מיכל שטמלר,greedy_modularity,0,223
מלי_לוי_גרשון,מלי לוי גרשון,greedy_modularity,0,223
מיכאל_הנגבי,מיכאל הנגבי,greedy_modularity,0,223
מוחמד_בכרי,מוחמד בכרי,greedy_modularity,0,223
אור_אילן,אור אילן,greedy_modularity,0,223
סימון_אבקריאן,סימון אבקריאן,greedy_modularity,0,223
צחי_הלוי,צחי הלוי,greedy_modularity,0,223
מוני_מושונוב,מוני מושונוב,greedy_modularity,0,223
יותם_ישי,יותם ישי,greedy_modularity,0,223
רומי_אבולעפיה,רומי אבולעפיה,greedy_modularity,0,223
סיון_לוי,סיון לוי,greedy_modularity,0,223
מיה_דגן,מיה דגן,greedy_modularity,0,223
__name__:איתן בלום,איתן בלום,greedy_modularity,0,223
__name__:נל ברלו,נל ברלו,greedy_modularity,0,223
__name__:אורי אבינועם,אורי אבינועם,greedy_modularity,0,223
אמיר_שורוש,אמיר שורוש,greedy_modularity,0,223
יעל_בר_זוהר,יעל בר זוהר,greedy_modularity,0,223
__name__:יונתן להב ויסברג,יונתן להב ויסברג,greedy_modularity,0,223
קרן_מור,קרן מור,greedy_modularity,0,223
__name__:דליה בגר,דליה בגר,greedy_modularity,0,223
רותם_זיסמן_כהן,רותם זיסמן כהן,greedy_modularity,0,223
מיכאלה_עשת,מיכאלה עשת,greedy_modularity,0,223
גל_זייד,גל זייד,greedy_modularity,0,223
יורם_חטב,יורם חטב,greedy_modularity,0,223
סלים_דאו,סלים דאו,greedy_modularity,0,223
__name__:יחיאל אלקבץ,יחיאל אלקבץ,greedy_modularity,0,223
שני_כהן,שני כהן,greedy_modularity,0,223
מיטל_דוהן,מיטל דוהן,greedy_modularity,0,223
__name__:תומר שטיינהוף,תומר שטיינהוף,greedy_modularity,0,223
ולדימיר_פרידמן,ולדימיר פרידמן,greedy_modularity,0,223
ליטל_שוורץ,ליטל שוורץ,greedy_modularity,0,223
רונית_יודקביץ',רונית יודקביץ',greedy_modularity,0,223
ריטה_שוקרון,ריטה שוקרון,greedy_modularity,0,223
הלנה_ירלובה,הלנה ירלובה,greedy_modularity,0,223
__name__:שלומי אבקריאן,שלומי אבקריאן,greedy_modularity,0,223
__name__:שמואל פולר,שמואל פולר,greedy_modularity,0,223
אגם_אוזלבו,אגם אוזלבו,greedy_modularity,0,223
אורי_חזקיה,אורי חזקיה,greedy_modularity,0,223
משה_איבגי,משה איבגי,greedy_modularity,0,223
אמיר_טסלר,אמיר טסלר,greedy_modularity,0,223
__name__:מיכאל פלמן,מיכאל פלמן,greedy_modularity,0,223
גליה_ישי,גליה ישי,greedy_modularity,0,223
דור_הררי,דור הררי,greedy_modularity,0,223
אנה_דוברוביצקי,אנה דוברוביצקי,greedy_modularity,0,223
__name__:שירז אדרי,שירז אדרי,greedy_modularity,0,223
דפנה_דקל,דפנה דקל,greedy_modularity,0,223
דרור_קרן,דרור קרן,greedy_modularity,0,223
לייב_לב_לוין,לייב לב לוין,greedy_modularity,0,223
פטריק_סטיוארט,פטריק סטיוארט,greedy_modularity,0,223
__name__:קתז'ינה לוביק,קתז'ינה לוביק,greedy_modularity,0,223
נטלי_עטיה,נטלי עטיה,greedy_modularity,0,223
אסי_לוי,אסי לוי,greedy_modularity,0,223
נטלי_פורטמן,נטלי פורטמן,greedy_modularity,0,223
עירית_שלג,עירית שלג,greedy_modularity,0,223
__name__:בן איתין,בן איתין,greedy_modularity,0,223
אילנית_בן-יעקב,אילנית בן-יעקב,greedy_modularity,0,223
אנטולי_בליי,אנטולי בליי,greedy_modularity,0,223
חיים_שריר,חיים שריר,greedy_modularity,0,223
שלמה_בראבא,שלמה בראבא,greedy_modularity,0,223
אפרת_גוש,אפרת גוש,greedy_modularity,0,223
עידית_טפרסון,עידית טפרסון,greedy_modularity,0,223
אתי_אנקרי,אתי אנקרי,greedy_modularity,0,223
סיון_נועם_שמעון,סיון נועם שמעון,greedy_modularity,0,223
מכרם_ח'ורי,מכרם ח'ורי,greedy_modularity,0,223
סאלח_בכרי,סאלח בכרי,greedy_modularity,0,223
ישראל_פוליאקוב,ישראל פוליאקוב,greedy_modularity,0,223
טלי_אורן,טלי אורן,greedy_modularity,0,223
פלורנס_בלוך,פלורנס בלוך,greedy_modularity,0,223
נועה_ברקאי,נועה ברקאי,greedy_modularity,0,223
עמוס_תמם,עמוס תמם,greedy_modularity,0,223
שרון_טל,שרון טל,greedy_modularity,0,223
איתמר_רוטשילד,איתמר רוטשילד,greedy_modularity,0,223
נתן_גושן,נתן גושן,greedy_modularity,0,223
שי_אביבי,שי אביבי,greedy_modularity,0,223
שאדי_מרעי,שאדי מרעי,greedy_modularity,0,223
יעל_גרובגלס,יעל גרובגלס,greedy_modularity,0,223
ענת_עצמון,ענת עצמון,greedy_modularity,0,223
אנדריי_קשקר,אנדריי קשקר,greedy_modularity,0,223
נתן_רביץ,נתן רביץ,greedy_modularity,0,223
__name__:ג'ו סינדויג'ה,ג'ו סינדויג'ה,greedy_modularity,0,223
לירון_בן-שלוש,לירון בן-שלוש,greedy_modularity,0,223
עופר_חיון,עופר חיון,greedy_modularity,0,223
יבגניה_דודינה,יבגניה דודינה,greedy_modularity,0,223
בן_סולטן,בן סולטן,greedy_modularity,0,223
מנשה_נוי,מנשה נוי,greedy_modularity,0,223
גיל_פרנק,גיל פרנק,greedy_modularity,0,223
דורית_לב_ארי,דורית לב ארי,greedy_modularity,0,223
__name__:אלכסנדר פילינג,אלכסנדר פילינג,greedy_modularity,0,223
__name__:ח'אולה איברהם,ח'אולה איברהם,greedy_modularity,0,223
אורי_בלופרב,אורי בלופרב,greedy_modularity,0,223
יוסף_סוויד,יוסף סוויד,greedy_modularity,0,223
__name__:רוני קדר,רוני קדר,greedy_modularity,0,223
שרדי_ג'בארין,שרדי ג'בארין,greedy_modularity,0,223
אלכס_אנסקי,אלכס אנסקי,greedy_modularity,0,223
חנה_אזולאי-הספרי,חנה אזולאי-הספרי,greedy_modularity,0,223
ריטה_זוהר,ריטה זוהר,greedy_modularity,0,223
מורן_אטיאס,מורן אטיאס,greedy_modularity,0,223
דביר_בנדק,דביר בנדק,greedy_modularity,0,223
שולי_רנד,שולי רנד,greedy_modularity,0,223
נעמה_אמית,נעמה אמית,greedy_modularity,0,223
שירה_נאור,שירה נאור,greedy_modularity,0,223
אסנת_פישמן,אסנת פישמן,greedy_modularity,0,223
מאור_לוי_(שחקן),מאור לוי,greedy_modularity,0,223
__name__:יהלי פרידמן,יהלי פרידמן,greedy_modularity,0,223
ירדן_בר-כוכבא,ירדן בר-כוכבא,greedy_modularity,0,223
יעקב_כהן_(שחקן),יעקב כהן,greedy_modularity,0,223
אדיר_מילר,אדיר מילר,greedy_modularity,0,223
אינה_בקלמן,אינה בקלמן,greedy_modularity,0,223
שמיל_בן_ארי,שמיל בן ארי,greedy_modularity,0,223
סיגלית_פוקס,סיגלית פוקס,greedy_modularity,0,223
דורין_כספי,דורין כספי,greedy_modularity,0,223
רן_דנקר,רן דנקר,greedy_modularity,0,223
גפן_ברקאי,גפן ברקאי,greedy_modularity,0,223
קרן_ברגר,קרן ברגר,greedy_modularity,0,223
צחי_גראד,צחי גראד,greedy_modularity,0,223
אורי_קלאוזנר,אורי קלאוזנר,greedy_modularity,0,223
__name__:מרטין אוגובו,מרטין אוגובו,greedy_modularity,0,223
קלרה_ח'ורי,קלרה ח'ורי,greedy_modularity,0,223
מלי_לוי,מלי לוי,greedy_modularity,0,223
__name__:איתן קוניו,איתן קוניו,greedy_modularity,0,223
הילי_ילון,הילי ילון,greedy_modularity,0,223
דב_נבון,דב נבון,greedy_modularity,0,223
__name__:נעמה פרייס,נעמה פרייס,greedy_modularity,0,223
רועי_אסף,רועי אסף,greedy_modularity,0,223
אלישבע_וייל,אלישבע וייל,greedy_modularity,0,223
דאנה_איבגי,דאנה איבגי,greedy_modularity,0,223
אבי_קושניר,אבי קושניר,greedy_modularity,0,223
__name__:עירית גדרון,עירית גדרון,greedy_modularity,0,223
ז'ולייט_בינוש,ז'ולייט בינוש,greedy_modularity,0,223
דוד_קוניו,דוד קוניו,greedy_modularity,0,223
רותם_זיסמן-כהן,רותם זיסמן-כהן,greedy_modularity,0,223
דניאל_סטיופין,דניאל סטיופין,greedy_modularity,0,223
גיא_עמיר,גיא עמיר,greedy_modularity,0,223
ורד_פלדמן,ורד פלדמן,greedy_modularity,0,223
יניב_ביטון,יניב ביטון,greedy_modularity,0,223
יעל_טוקר,יעל טוקר,greedy_modularity,0,223
איתי_טיראן,איתי טיראן,greedy_modularity,0,223
__name__:דבורה קידר,דבורה קידר,greedy_modularity,0,223
__name__:ארקדיוש יקוביק,ארקדיוש יקוביק,greedy_modularity,0,223
חנה_לסלאו,חנה לסלאו,greedy_modularity,0,223
__name__:עלאי אלמודי,עלאי אלמודי,greedy_modularity,0,223
יפתח_קליין,יפתח קליין,greedy_modularity,0,223
__name__:יעל בן דור,יעל בן דור,greedy_modularity,0,223
__name__:דניאל קלטג'ירונה,דניאל קלטג'ירונה,greedy_modularity,0,223
רמי_דנון,רמי דנון,greedy_modularity,0,223
__name__:ראובן בדלוב,ראובן בדלוב,greedy_modularity,0,223
רוי_מילר,רוי מילר,greedy_modularity,0,223
גל_פרידמן_(שחקן),גל פרידמן,greedy_modularity,0,223
גלעד_כהנא,גלעד כהנא,greedy_modularity,0,223
אוהד_שחר,אוהד שחר,greedy_modularity,0,223
אורי_פפר,אורי פפר,greedy_modularity,0,223
דרק_ג'קובי,דרק ג'קובי,greedy_modularity,0,223
רותם_אבוהב,רותם אבוהב,greedy_modularity,0,223
משה_פרסטר,משה פרסטר,greedy_modularity,0,223
אבי_טולדנו,אבי טולדנו,greedy_modularity,0,223
גור_בנטביץ',גור בנטביץ',greedy_modularity,0,223
יניב_סוויסה,יניב סוויסה,greedy_modularity,0,223
איילת_זורר,איילת זורר,greedy_modularity,0,223
לוסי_אהריש,לוסי אהריש,greedy_modularity,0,223
ג'ף_גולדבלום,ג'ף גולדבלום,greedy_modularity,0,223
עלי_סולימאן,עלי סולימאן,greedy_modularity,0,223
חנן_סביון,חנן סביון,greedy_modularity,0,223
אלון_אבוטבול,אלון אבוטבול,greedy_modularity,0,223
__name__:ניתאי גבירץ,ניתאי גבירץ,greedy_modularity,0,223
רוני_הדר,רוני הדר,greedy_modularity,0,223
יובל_שרף,יובל שרף,greedy_modularity,0,223
יעל_אבקסיס,יעל אבקסיס,greedy_modularity,0,223
תומר_קפון,תומר קפון,greedy_modularity,0,223
אסף_בן_שמעון,אסף בן שמעון,greedy_modularity,0,223
אבי_גרייניק,אבי גרייניק,greedy_modularity,0,223
שרון_אלכסנדר,שרון אלכסנדר,greedy_modularity,0,223
__name__:הדר כץ,הדר כץ,greedy_modularity,0,223
__name__:הדס ג'ייד סאקורי,הדס ג'ייד סאקורי,greedy_modularity,0,223
בסאם_זועמוט,בסאם זועמוט,greedy_modularity,0,223
איתי_זבולון_(שחקן),איתי זבולון,greedy_modularity,0,223
לירון_לבו,לירון לבו,greedy_modularity,0,223
__name__:מיטל ברדה,מיטל ברדה,greedy_modularity,0,223
__name__:בהירה בלאסי,בהירה בלאסי,greedy_modularity,0,223
__name__:אנדריאה פראול,אנדריאה פראול,greedy_modularity,0,223
תומר_רוסו,תומר רוסו,greedy_modularity,0,223
ליאור_אשכנזי,ליאור אשכנזי,greedy_modularity,0,223
אורי_הוכמן,אורי הוכמן,greedy_modularity,0,223
ירון_ברובינסקי,ירון ברובינסקי,greedy_modularity,0,223
__name__:נטליה פאוסט,נטליה פאוסט,greedy_modularity,0,223
פאני_ארדן,פאני ארדן,greedy_modularity,0,223
__name__:ריקי רייף סיני,ריקי רייף סיני,greedy_modularity,0,223
רותם_קינן,רותם קינן,greedy_modularity,0,223
רונית_אלקבץ,רונית אלקבץ,greedy_modularity,0,223
יוסי_מרשק,יוסי מרשק,greedy_modularity,0,223
__name__:גיטה אמלי,גיטה אמלי,greedy_modularity,0,223
דנה_אברמוביץ',דנה ברקוביץ,greedy_modularity,0,223
דני_גבע,דני גבע,greedy_modularity,0,223
אריה_צ'רנר,אריה צ'רנר,greedy_modularity,0,223
יערה_פלציג,יערה פלציג,greedy_modularity,0,223
מיטל_גל_סויסה,מיטל גל סויסה,greedy_modularity,0,223
ג'וי_ריגר,ג'וי ריגר,greedy_modularity,0,223
אודי_פרסי,אודי פרסי,greedy_modularity,0,223
וילם_דפו,וילם דפו,greedy_modularity,0,223
יובל_סגל_(1971),יובל סגל,greedy_modularity,0,223
היאם_עבאס,היאם עבאס,greedy_modularity,0,223
__name__:ג'ק אדליסט,ג'ק אדליסט,greedy_modularity,0,223
__name__:יפית שלו,יפית שלו,greedy_modularity,0,223
בר_רפאלי,בר רפאלי,greedy_modularity,0,223
יואב_הייט,יואב הייט,greedy_modularity,0,223
__name__:עידן ברדך,עידן ברדך,greedy_modularity,1,112
__name__:ראובן טדורס,ראובן טדורס,greedy_modularity,1,112
__name__:יניב מויאל,יניב מויאל,greedy_modularity,1,112
קאיפו_כהן,קאיפו כהן,greedy_modularity,1,112
יאיר_לפיד,יאיר לפיד,greedy_modularity,1,112
דור_פלס,דור פלס,greedy_modularity,1,112
עידו_מוסרי,עידו מוסרי,greedy_modularity,1,112
יונתן_צ'רצ'י,יונתן צ'רצ'י,greedy_modularity,1,112
נדיה_קוצ'ר,נדיה קוצ'ר,greedy_modularity,1,112
רזיה_ישראלי,רזיה ישראלי,greedy_modularity,1,112
נטע_ריסקין,נטע ריסקין,greedy_modularity,1,112
רבקה_נוימן,רבקה נוימן,greedy_modularity,1,112
__name__:אמיתי אשכנזי,אמיתי אשכנזי,greedy_modularity,1,112
__name__:עומר הברון,עומר הברון,greedy_modularity,1,112
חווה_לוי_רוזלסקי,חווה לוי רוזלסקי,greedy_modularity,1,112
עידית_צור,עידית צור,greedy_modularity,1,112
דלית_קהן,דלית קהן,greedy_modularity,1,112
אדם_הירש,אדם הירש,greedy_modularity,1,112
עדי_עזרוני,עדי עזרוני,greedy_modularity,1,112
מוריה_אקונס,מוריה אקונס,greedy_modularity,1,112
עומר_ברנע,עומר ברנע,greedy_modularity,1,112
טינקרבל,טינקרבל,greedy_modularity,1,112
אלונה_טל,אלונה טל,greedy_modularity,1,112
שירי_גדני,שירי גדני,greedy_modularity,1,112
__name__:גילה אלמגור,גילה אלמגור,greedy_modularity,1,112
שמרית_לוסטיג,שמרית לוסטיג,greedy_modularity,1,112
רועי_שגב,רועי שגב,greedy_modularity,1,112
__name__:ענת לירי,ענת לירי,greedy_modularity,1,112
__name__:רונאלד אוקרופירידזה,רונאלד אוקרופירידזה,greedy_modularity,1,112
יפה_תוסיה_כהן,יפה תוסיה כהן,greedy_modularity,1,112
ריקי_גל,ריקי גל,greedy_modularity,1,112
סנדרה_שדה,סנדרה שדה,greedy_modularity,1,112
__name__:דייוויד ששוני,דייוויד ששוני,greedy_modularity,1,112
__name__:מעיין תורג'מן,מעיין תורג'מן,greedy_modularity,1,112
אריה_אליאס,אריה אליאס,greedy_modularity,1,112
דניאלה_וירצר,דניאלה וירצר,greedy_modularity,1,112
טונה_(ראפר),טונה,greedy_modularity,1,112
אקי_אבני,אקי אבני,greedy_modularity,1,112
__name__:שולי רנד,שולי רנד,greedy_modularity,1,112
__name__:מיכל פורס,מיכל פורס,greedy_modularity,1,112
טל_טירנגל,טל טירנגל,greedy_modularity,1,112
יפתח_אופיר,יפתח אופיר,greedy_modularity,1,112
__name__:נתן מגד,נתן מגד,greedy_modularity,1,112
אלון_פרידמן,אלון פרידמן,greedy_modularity,1,112
חנה_מרון,חנה מרון,greedy_modularity,1,112
זהר_שטראוס,זהר שטראוס,greedy_modularity,1,112
ענת_קלאוזנר,ענת קלאוזנר,greedy_modularity,1,112
הילה_רוח,הילה רוח,greedy_modularity,1,112
אקו_(ראפרית),אקו מורגנשטרן,greedy_modularity,1,112
כרמית_מסילתי,כרמית מסילתי,greedy_modularity,1,112
__name__:גור בנטביץ',גור בנטביץ',greedy_modularity,1,112
מריאנו_אידלמן,מריאנו אידלמן,greedy_modularity,1,112
__name__:דקר אלבז,דקר אלבז,greedy_modularity,1,112
סימה_ברמי,סימה ברמי,greedy_modularity,1,112
__name__:סימור דניאל,סימור דניאל,greedy_modularity,1,112
אלון_נוימן,אלון נוימן,greedy_modularity,1,112
שרון_הכהן-בר,שרון הכהן-בר,greedy_modularity,1,112
אסי_כהן,אסי כהן,greedy_modularity,1,112
נינט_טייב,נינט טייב,greedy_modularity,1,112
שרון_רג'יניאנו,שרון רג'יניאנו,greedy_modularity,1,112
אלי_פיניש,אלי פיניש,greedy_modularity,1,112
אסי_דיין,אסי דיין,greedy_modularity,1,112
ארז_כהנא,ארז כהנא,greedy_modularity,1,112
אילן_גנני,אילן גנני,greedy_modularity,1,112
אולגה_קורילנקו,אולגה קורילנקו,greedy_modularity,1,112
עידן_אלתרמן,עידן אלתרמן,greedy_modularity,1,112
עלמה_זק,עלמה זק,greedy_modularity,1,112
אוהד_קנולר,אוהד קנולר,greedy_modularity,1,112
טל_פרידמן,טל פרידמן,greedy_modularity,1,112
נטע_מורן,נטע מורן,greedy_modularity,1,112
__name__:חיים אלמקייס,חיים אלמקייס,greedy_modularity,1,112
איציק_פצצתי,איציק פצצתי,greedy_modularity,1,112
איילת_מרגלית,איילת מרגלית,greedy_modularity,1,112
עמוס_שוב,עמוס שוב,greedy_modularity,1,112
ג'וליאנו_מר,ג'וליאנו מר,greedy_modularity,1,112
בני_אבני,בני אבני,greedy_modularity,1,112
__name__:אורן בלנגה,אורן בלנגה,greedy_modularity,1,112
פלד_(ראפר),פלד,greedy_modularity,1,112
הדס_ירון,הדס ירון,greedy_modularity,1,112
__name__:קוסטה קפלן,קוסטה קפלן,greedy_modularity,1,112
__name__:עמרי גבעון,עמרי גבעון,greedy_modularity,1,112
__name__:אלייזה וינטראוב,אלייזה וינטראוב,greedy_modularity,1,112
טליה_ברטפלד,טליה ברטפלד,greedy_modularity,1,112
יובל_סמו,יובל סמו,greedy_modularity,1,112
שירה_גפן,שירה גפן,greedy_modularity,1,112
לאורה_ריבלין,לאורה ריבלין,greedy_modularity,1,112
גל_גדות,גל גדות,greedy_modularity,1,112
__name__:מיכל רנד,מיכל רנד,greedy_modularity,1,112
לני_כהן,לני כהן,greedy_modularity,1,112
נועה_מימן,נועה מימן,greedy_modularity,1,112
__name__:הילה קפלן,הילה קפלן,greedy_modularity,1,112
דליה_שימקו,דליה שימקו,greedy_modularity,1,112
חני_פירסטנברג,חני פירסטנברג,greedy_modularity,1,112
גיל_ססובר,גיל ססובר,greedy_modularity,1,112
עמי_סמולרצ'יק,עמי סמולרצ'יק,greedy_modularity,1,112
__name__:ארנון צדוק,ארנון צדוק,greedy_modularity,1,112
__name__:זוהר דינר,זוהר דינר,greedy_modularity,1,112
אושרי_כהן,אושרי כהן,greedy_modularity,1,112
טלי_שרון,טלי שרון,greedy_modularity,1,112
מרים_זוהר,מרים זוהר,greedy_modularity,1,112
__name__:עמוס גיתאי,עמוס גיתאי,greedy_modularity,1,112
__name__:יפעת ברסי,יפעת ברסי,greedy_modularity,1,112
__name__:יבגני מוליבוגה,יבגני מוליבוגה,greedy_modularity,1,112
__name__:עמית אולמן,עמית אולמן,greedy_modularity,1,112
__name__:אסי דיין,אסי דיין,greedy_modularity,1,112
יהודה_לוי_(שחקן),יהודה לוי,greedy_modularity,1,112
איה_קורן,איה קורן,greedy_modularity,1,112
מאיה_מרון,מאיה מרון,greedy_modularity,1,112
לירון_לב,לירון לב,greedy_modularity,1,112
שאול_מזרחי,שאול מזרחי,greedy_modularity,1,112
יעל_פרל_בקר,יעל פרל בקר,greedy_modularity,1,112
מאור_כהן,מאור כהן,greedy_modularity,1,112
__name__:עמית מושקוביץ,עמית מושקוביץ,greedy_modularity,2,92
מוטי_גלעדי,מוטי גלעדי,greedy_modularity,2,92
איצ'ו_אביטל,איצ'ו אביטל,greedy_modularity,2,92
עידו_טאקו,עידו טאקו,greedy_modularity,2,92
עדי_גילת,עדי גילת,greedy_modularity,2,92
__name__:דשה טבורוננוביץ',דשה טבורוננוביץ',greedy_modularity,2,92
__name__:סרין סאנוסיאן,סרין סאנוסיאן,greedy_modularity,2,92
לנה_פרייפלד,לנה פרייפלד,greedy_modularity,2,92
__name__:קתרינה ולסנקו,קתרינה ולסנקו,greedy_modularity,2,92
__name__:דן דויטש,דן דויטש,greedy_modularity,2,92
שרון_זליקובסקי,שרון זליקובסקי,greedy_modularity,2,92
גיא_אדלר_(שחקן),גיא אדלר,greedy_modularity,2,92
__name__:היאלי יוסף זאדה,היאלי יוסף זאדה,greedy_modularity,2,92
יעל_שרוני,יעל שרוני,greedy_modularity,2,92
הילה_פלדמן,הילה פלדמן,greedy_modularity,2,92
רוזינה_קמבוס,רוזינה קמבוס,greedy_modularity,2,92
אברהם_שלום_לוי,אברהם שלום לוי,greedy_modularity,2,92
נלי_תגר,נלי תגר,greedy_modularity,2,92
דן_תורן,דן תורן,greedy_modularity,2,92
__name__:הלל ינאי שני,הלל ינאי שני,greedy_modularity,2,92
שירה_קצנלנבוגן,שירה קצנלנבוגן,greedy_modularity,2,92
דבורה_קידר,דבורה קידר,greedy_modularity,2,92
__name__:סמדי וולפמן,סמדי וולפמן,greedy_modularity,2,92
שרון_שטרק,שרון שטרק,greedy_modularity,2,92
איתי_תורג'מן,איתי תורג'מן,greedy_modularity,2,92
לירז_צ'רכי,לירז צ'רכי,greedy_modularity,2,92
מירי_מסיקה,מירי מסיקה,greedy_modularity,2,92
חיים_בנאי,חיים בנאי,greedy_modularity,2,92
פולי_רשף,פולי רשף,greedy_modularity,2,92
אלונה_איב,אלונה איב,greedy_modularity,2,92
אסתר_רדא,אסתר רדא,greedy_modularity,2,92
__name__:ג'וש פייס,ג'וש פייס,greedy_modularity,2,92
__name__:בני שיף,בני שיף,greedy_modularity,2,92
אוגוסט_דיל,אוגוסט דיל,greedy_modularity,2,92
נטע_גרטי,נטע גרטי,greedy_modularity,2,92
אווה_חדד,אווה חדד,greedy_modularity,2,92
בר_מיניאלי,בר מיניאלי,greedy_modularity,2,92
__name__:גל סלמון,גל סלמון,greedy_modularity,2,92
__name__:תמר ירושלמי,תמר ירושלמי,greedy_modularity,2,92
נורמן_עיסא,נורמן עיסא,greedy_modularity,2,92
__name__:מיקה רייס,מיקה רייס,greedy_modularity,2,92
__name__:משה ויידר,משה ויידר,greedy_modularity,2,92
ליה_אללוף,ליה אללוף,greedy_modularity,2,92
גיל_דסיאנו_ביטון,גיל דסיאנו ביטון,greedy_modularity,2,92
מארק_איווניר,מארק איווניר,greedy_modularity,2,92
__name__:שמוליק כהן,שמוליק כהן,greedy_modularity,2,92
דר_זוזובסקי,דר זוזובסקי,greedy_modularity,2,92
עידן_ברקאי,עידן ברקאי,greedy_modularity,2,92
__name__:אדם אבולעפיה,אדם אבולעפיה,greedy_modularity,2,92
__name__:אמיר פלדמן,אמיר פלדמן,greedy_modularity,2,92
נתן_דטנר,נתן דטנר,greedy_modularity,2,92
עוז_זהבי,עוז זהבי,greedy_modularity,2,92
אלי_אלטוניו,אלי אלטוניו,greedy_modularity,2,92
__name__:גיא גארנר,גיא גארנר,greedy_modularity,2,92
דניאל_ליטמן,דניאל ליטמן,greedy_modularity,2,92
אפרת_בן_צור,אפרת בן צור,greedy_modularity,2,92
שמואל_אדלמן,שמואל אדלמן,greedy_modularity,2,92
__name__:ז'וזפין דראי,ז'וזפין דראי,greedy_modularity,2,92
ליאל_דניר,ליאל דניר,greedy_modularity,2,92
__name__:אבי שניידמן,אבי שניידמן,greedy_modularity,2,92
בת_אל_מוסרי,בת אל מוסרי,greedy_modularity,2,92
עלית_קרייז,עלית קרייז,greedy_modularity,2,92
דריה_רוזן,דריה רוזן,greedy_modularity,2,92
יחזקאל_לזרוב,יחזקאל לזרוב,greedy_modularity,2,92
ישי_גולן,ישי גולן,greedy_modularity,2,92
אלכס_פלג,אלכס פלג,greedy_modularity,2,92
__name__:חנה אזולאי-הספרי,חנה אזולאי-הספרי,greedy_modularity,2,92
__name__:הדר דרור,הדר דרור,greedy_modularity,2,92
__name__:הגר בן-אשר,הגר בן-אשר,greedy_modularity,2,92
אופק_פסח,אופק פסח,greedy_modularity,2,92
גילה_אלמגור,גילה אלמגור,greedy_modularity,2,92
מיכה_סלקטר,מיכה סלקטר,greedy_modularity,2,92
אלי_גורנשטיין,אלי גורנשטיין,greedy_modularity,2,92
עודד_תאומי,עודד תאומי,greedy_modularity,2,92
__name__:יואב סעדיאן רוזנברג,יואב סעדיאן רוזנברג,greedy_modularity,2,92
__name__:גיא קפולניק,גיא קפולניק,greedy_modularity,2,92
מיכאל_אלוני,מיכאל אלוני,greedy_modularity,2,92
מיקי_לאון,מיקי לאון,greedy_modularity,2,92
ברוך_דוד,ברוך דוד,greedy_modularity,2,92
__name__:סילביה הוקס,סילביה הוקס,greedy_modularity,2,92
ג'וני_ערביד,ג'וני ערביד,greedy_modularity,2,92
שרית_לארי,שרית לארי,greedy_modularity,2,92
עידו_תדמור,עידו תדמור,greedy_modularity,2,92
אגם_רודברג,אגם רודברג,greedy_modularity,2,92
ג'יזל_סילבר,ג'יזל סילבר,greedy_modularity,2,92
יוסי_גרבר,יוסי גרבר,greedy_modularity,2,92
__name__:ג'וליה סמסון,ג'וליה סמסון,greedy_modularity,2,92
אנחל_בונני,אנחל בונני,greedy_modularity,2,92
מתי_אטלס,מתי אטלס,greedy_modularity,2,92
__name__:יואב כורש,יואב כורש,greedy_modularity,2,92
יעקב_זדה-דניאל,יעקב זדה-דניאל,greedy_modularity,2,92
נתי_קלוגר,נתי קלוגר,greedy_modularity,2,92
מתן_לקס,מתן לקס,greedy_modularity,3,91
חני_נחמיאס,חני נחמיאס,greedy_modularity,3,91
__name__:ספיר יוסף,ספיר יוסף,greedy_modularity,3,91
עמית_יגור,עמית יגור,greedy_modularity,3,91
ברוך_ברנר,ברוך ברנר,greedy_modularity,3,91
בר_כהן_מוראד,בר כהן מוראד,greedy_modularity,3,91
שלומי_ארבע,שלומי ארבע,greedy_modularity,3,91
עמי_אנידג'ר,עמי אנידג'ר,greedy_modularity,3,91
צופית_גרנט,צופית גרנט,greedy_modularity,3,91
עמית_מורשת,עמית מורשת,greedy_modularity,3,91
יובל_שם-טוב,יובל שם-טוב,greedy_modularity,3,91
ידין_גלמן,ידין גלמן,greedy_modularity,3,91
__name__:אודי קנבל,אודי קנבל,greedy_modularity,3,91
יואב_רוטמן,יואב רוטמן,greedy_modularity,3,91
רבקה_מיכאלי,רבקה מיכאלי,greedy_modularity,3,91
עמית_פרקש,עמית פרקש,greedy_modularity,3,91
דודו_ארז,דודו ארז,greedy_modularity,3,91
עודד_לאופולד,עודד לאופולד,greedy_modularity,3,91
עלי_סלימאן,עלי סלימאן,greedy_modularity,3,91
יותם_קושניר,יותם קושניר,greedy_modularity,3,91
ירון_ברלד,ירון ברלד,greedy_modularity,3,91
אסנת_חכים,אסנת חכים,greedy_modularity,3,91
מור_פולנוהר,מור פולנוהר,greedy_modularity,3,91
__name__:אור עדי,אור עדי,greedy_modularity,3,91
משה_דץ,משה דץ,greedy_modularity,3,91
מנואל_אלקסלסי_ורדי,מנואל אלקסלסי ורדי,greedy_modularity,3,91
עמית_רהב,עמית רהב,greedy_modularity,3,91
ליאנה_עיון,ליאנה עיון,greedy_modularity,3,91
__name__:רועי אסף,רועי אסף,greedy_modularity,3,91
גיל_וייס,גיל וייס,greedy_modularity,3,91
עומר_נודלמן,עומר נודלמן,greedy_modularity,3,91
ניב_סולטן,ניב סולטן,greedy_modularity,3,91
יון_תומרקין,יון תומרקין,greedy_modularity,3,91
שי_ורועי,שי ורועי,greedy_modularity,3,91
מיכל_ינאי,מיכל ינאי,greedy_modularity,3,91
שירה_לוי,שירה לוי,greedy_modularity,3,91
יהורם_גאון,יהורם גאון,greedy_modularity,3,91
יאיר_ניצני,יאיר ניצני,greedy_modularity,3,91
עדנה_בליליוס,עדנה בליליוס,greedy_modularity,3,91
אורנה_כץ,אורנה כץ,greedy_modularity,3,91
עירית_קפלן,עירית קפלן,greedy_modularity,3,91
מאיר_סוויסה,מאיר סוויסה,greedy_modularity,3,91
מולי_שולמן,מולי שולמן,greedy_modularity,3,91
קווין_רובין,קווין רובין,greedy_modularity,3,91
דנה_אברהם-סמו,דנה אברהם-סמו,greedy_modularity,3,91
אודי_ואביעד,אודי ואביעד,greedy_modularity,3,91
יקי_רייסנר,יקי רייסנר,greedy_modularity,3,91
יורם_זק,יורם זק,greedy_modularity,3,91
חיים_אוסדון,חיים אוסדון,greedy_modularity,3,91
__name__:אור יעקב,אור יעקב,greedy_modularity,3,91
אלי_קרן-אסף,אלי קרן-אסף,greedy_modularity,3,91
גל_אמיתי,גל אמיתי,greedy_modularity,3,91
__name__:מיכאל גלנסקי,מיכאל גלנסקי,greedy_modularity,3,91
חן_אמסלם-זגורי,חן אמסלם-זגורי,greedy_modularity,3,91
נועם_אימבר,נועם אימבר,greedy_modularity,3,91
ערן_בן_זאב,ערן בן זאב,greedy_modularity,3,91
משה_פולקנפליק,משה פולקנפליק,greedy_modularity,3,91
שראל_פיטרמן,שראל פיטרמן,greedy_modularity,3,91
דניאלה_קרטס,דניאלה קרטס,greedy_modularity,3,91
תומר_שחורי,תומר שחורי,greedy_modularity,3,91
עומר_דרור,עומר דרור,greedy_modularity,3,91
תיקי_דיין,תיקי דיין,greedy_modularity,3,91
ריימונד_אמסלם,ריימונד אמסלם,greedy_modularity,3,91
מאור_שוויצר,מאור שוויצר,greedy_modularity,3,91
__name__:תמיר ביידר,תמיר ביידר,greedy_modularity,3,91
נועה_קירל,נועה קירל,greedy_modularity,3,91
נאיה_פדרמן,נאיה פדרמן,greedy_modularity,3,91
נואל_ברקוביץ',נואל ברקוביץ',greedy_modularity,3,91
__name__:איתמר קליגר,איתמר קליגר,greedy_modularity,3,91
עמנואל_הלפרין,עמנואל הלפרין,greedy_modularity,3,91
רודי_סעדה,רודי סעדה,greedy_modularity,3,91
הילה_ערן,הילה ערן,greedy_modularity,3,91
__name__:אורנלה בס,אורנלה בס,greedy_modularity,3,91
__name__:נועם שנהב,נועם שנהב,greedy_modularity,3,91
עודד_פז,עודד פז,greedy_modularity,3,91
אלינה_לוי,אלינה לוי,greedy_modularity,3,91
דניאל_ג'יידלין,דניאל ג'יידלין,greedy_modularity,3,91
__name__:ג'רמי פינטו,ג'רמי פינטו,greedy_modularity,3,91
נטע_שפיגלמן,נטע שפיגלמן,greedy_modularity,3,91
__name__:יובל גל,יובל גל,greedy_modularity,3,91
אברהם_ארנסון,אברהם ארנסון,greedy_modularity,3,91
גיא_לואל,גיא לואל,greedy_modularity,3,91
יעל_שטולמן,יעל שטולמן,greedy_modularity,3,91
תומר_שרון,תומר שרון,greedy_modularity,3,91
טל_מוסרי,טל מוסרי,greedy_modularity,3,91
__name__:מיכל זיס,מיכל זיס,greedy_modularity,3,91
__name__:אביה ברוש,אביה ברוש,greedy_modularity,3,91
לירית_בלבן,לירית בלבן,greedy_modularity,3,91
__name__:שון גיטלמן,שון גיטלמן,greedy_modularity,3,91
און_רפאלי,און רפאלי,greedy_modularity,3,91
שמוליק_לוי,שמוליק לוי,greedy_modularity,3,91
עידן_עמדי,עידן עמדי,greedy_modularity,4,91
__name__:מעין ערמני,מעין ערמני,greedy_modularity,4,91
טיילור_מלכוב,טיילור מלכוב,greedy_modularity,4,91
רמי_הויברגר,רמי הויברגר,greedy_modularity,4,91
יפית_אסולין,יפית אסולין,greedy_modularity,4,91
__name__:גור יערי,גור יערי,greedy_modularity,4,91
אברהם_סלקטר,אברהם סלקטר,greedy_modularity,4,91
גל_מלכה_(שחקנית),גל מלכה,greedy_modularity,4,91
אורנה_בנאי,אורנה בנאי,greedy_modularity,4,91
שני_קליין,שני קליין,greedy_modularity,4,91
אולג_לוין,אולג לוין,greedy_modularity,4,91
אריאל_ברונז,אריאל ברונז,greedy_modularity,4,91
__name__:אלכסיי שטוקין,אלכסיי שטוקין,greedy_modularity,4,91
אביבה_נגוסה,אביבה נגוסה,greedy_modularity,4,91
רני_בלייר,רני בלייר,greedy_modularity,4,91
__name__:נעמה פריס,נעמה פריס,greedy_modularity,4,91
מתי_סרי,מתי סרי,greedy_modularity,4,91
אלון_דהן_(שחקן),אלון דהן,greedy_modularity,4,91
מעיין_בלום,מעיין בלום,greedy_modularity,4,91
__name__:יהודה אלמגור,יהודה אלמגור,greedy_modularity,4,91
__name__:ז'ניה וסרמן,ז'ניה וסרמן,greedy_modularity,4,91
משה_אשכנזי_(שחקן),משה אשכנזי,greedy_modularity,4,91
__name__:אדם חתוכה פלד,אדם חתוכה פלד,greedy_modularity,4,91
__name__:נור פיבק,נור פיבק,greedy_modularity,4,91
קובי_פרג',קובי פרג',greedy_modularity,4,91
אילן_קובץ',אילן קובץ',greedy_modularity,4,91
בועז_קונפורטי,בועז קונפורטי,greedy_modularity,4,91
שלמה_בר-שביט,שלמה בר-שביט,greedy_modularity,4,91
אורי_לייזרוביץ',אורי לייזרוביץ',greedy_modularity,4,91
דנה_פרידר,דנה פרידר,greedy_modularity,4,91
מיכאל_מושונוב,מיכאל מושונוב,greedy_modularity,4,91
שמיל_בן-ארי,שמיל בן-ארי,greedy_modularity,4,91
יעל_פולמן,יעל פולמן,greedy_modularity,4,91
רעות_אלוש,רעות אלוש,greedy_modularity,4,91
שמואל_וילוז'ני,שמואל וילוז'ני,greedy_modularity,4,91
תאופיק_ברהום,תאופיק ברהום,greedy_modularity,4,91
מאיר_סויסה,מאיר סויסה,greedy_modularity,4,91
אפרת_בוימולד,אפרת בוימולד,greedy_modularity,4,91
__name__:מיכה רוזנקיאר,מיכה רוזנקיאר,greedy_modularity,4,91
__name__:תמר זובידה,תמר זובידה,greedy_modularity,4,91
ישראל_אוגלבו,ישראל אוגלבו,greedy_modularity,4,91
__name__:שרון בראדלי,שרון בראדלי,greedy_modularity,4,91
גילי_שושן,גילי שושן,greedy_modularity,4,91
אלישע_בנאי,אלישע בנאי,greedy_modularity,4,91
אפרת_דור,אפרת דור,greedy_modularity,4,91
גיה_באר_גורביץ',גיה באר גורביץ',greedy_modularity,4,91
גלית_גיאת,גלית גיאת,greedy_modularity,4,91
עופר_שכטר,עופר שכטר,greedy_modularity,4,91
__name__:אלי מנשה,אלי מנשה,greedy_modularity,4,91
__name__:רז מזרחי,רז מזרחי,greedy_modularity,4,91
יואל_רוזנקיאר,יואל רוזנקיאר,greedy_modularity,4,91
שרה_פון_שוורצה,שרה פון שוורצה,greedy_modularity,4,91
__name__:דניאל קיציס,דניאל קיציס,greedy_modularity,4,91
גורי_אלפי,גורי אלפי,greedy_modularity,4,91
יוסי_פולק,יוסי פולק,greedy_modularity,4,91
אלכסיי_סרבריאקוב,"עידית טפרסון, אלכסיי סרבריאקוב",greedy_modularity,4,91
דניאל_גל,דניאל גל,greedy_modularity,4,91
מלאני_פרס,מלאני פרס,greedy_modularity,4,91
אבשלום_פולק,אבשלום פולק,greedy_modularity,4,91
מיכל_ויינברג,מיכל ויינברג,greedy_modularity,4,91
__name__:שוהן ישורון,שוהן ישורון,greedy_modularity,4,91
צח_שפיצן,צח שפיצן,greedy_modularity,4,91
__name__:ענבר סוירפמן,ענבר סוירפמן,greedy_modularity,4,91
עינת_שרוף,עינת שרוף,greedy_modularity,4,91
אורנה_פורת,אורנה פורת,greedy_modularity,4,91
דיקלה,דיקלה דורי,greedy_modularity,4,91
דניאל_סבג,דניאל סבג,greedy_modularity,4,91
אנסטסיה_פיין,אנסטסייה פיין,greedy_modularity,4,91
רומי_אבירם,רומי אבירם,greedy_modularity,4,91
__name__:רמי דוידוף,רמי דוידוף,greedy_modularity,4,91
עדי_חבשוש,עדי חבשוש,greedy_modularity,4,91
אופיר_נהרי,אופיר נהרי,greedy_modularity,4,91
ליאור_דובדבני,ליאור דובדבני,greedy_modularity,4,91
__name__:רואי אלסברג,רואי אלסברג,greedy_modularity,4,91
__name__:נאור ואטורי,נאור ואטורי,greedy_modularity,4,91
דינה_סנדרסון,דינה סנדרסון,greedy_modularity,4,91
יובל_זמיר,יובל זמיר,greedy_modularity,4,91
יסמין_עיון,יסמין עיון,greedy_modularity,4,91
עומר_חזן,עומר חזן,greedy_modularity,4,91
__name__:מאיה כהן,מאיה כהן,greedy_modularity,4,91
דורית_לב-ארי,דורית לב-ארי,greedy_modularity,4,91
שבתאי_קונורטי,שבתאי קונורטי,greedy_modularity,4,91
שרון_אלימלך,שרון אלימלך,greedy_modularity,4,91
מור_חן,מור חן,greedy_modularity,4,91
אורלי_זילברשץ,אורלי זילברשץ,greedy_modularity,4,91
תומר_חמד,תומר חמד,greedy_modularity,4,91
אביב_אלוש,אביב אלוש,greedy_modularity,4,91
__name__:רוי קרניאל,רוי קרניאל,greedy_modularity,4,91
יגאל_נאור,יגאל נאור,greedy_modularity,4,91
__name__:יבגני אורלוב,יבגני אורלוב,greedy_modularity,4,91
איציק_כהן_(שחקן),איציק כהן,greedy_modularity,4,91
רועי_בר_נתן,רועי בר נתן,greedy_modularity,5,81
__name__:איתי בוזגלו,איתי בוזגלו,greedy_modularity,5,81
עליזה_רוזן,עליזה רוזן,greedy_modularity,5,81
נינה_קוטלר,נינה קוטלר,greedy_modularity,5,81
דפנה_רכטר,דפנה רכטר,greedy_modularity,5,81
גל_לב,גל לב,greedy_modularity,5,81
רון_שחר,רון שחר,greedy_modularity,5,81
מיכל_זוארץ,מיכל זוארץ,greedy_modularity,5,81
אורנה_פיטוסי,אורנה פיטוסי,greedy_modularity,5,81
כרמל_נצר,כרמל נצר,greedy_modularity,5,81
מילי_אביטל,מילי אביטל,greedy_modularity,5,81
ישראל_דמידוב,ישראל דמידוב,greedy_modularity,5,81
__name__:אימוס איינו,אימוס איינו,greedy_modularity,5,81
הדס_קלדרון,הדס קלדרון,greedy_modularity,5,81
__name__:אנט כהן,אנט כהן,greedy_modularity,5,81
סער_בדישי,סער בדישי,greedy_modularity,5,81
ערן_איוניר,ערן איוניר,greedy_modularity,5,81
__name__:יואב רונן,יואב רונן,greedy_modularity,5,81
__name__:מאיר דסה,מאיר דסה,greedy_modularity,5,81
גבי_עמרני,גבי עמרני,greedy_modularity,5,81
גיא_מרוז,גיא מרוז,greedy_modularity,5,81
ארנון_צדוק,ארנון צדוק,greedy_modularity,5,81
חיים_זנאתי,חיים זנאתי,greedy_modularity,5,81
חוה_אלברשטיין,חוה אלברשטיין,greedy_modularity,5,81
__name__:מנשה נוי,מנשה נוי,greedy_modularity,5,81
ז'רמן_אוניקובסקי,ז'רמן אוניקובסקי,greedy_modularity,5,81
גילי_סער,גילי סער,greedy_modularity,5,81
הגר_בן_אשר,הגר בן אשר,greedy_modularity,5,81
__name__:שרון ברק,שרון ברק,greedy_modularity,5,81
__name__:לאה שנירר,לאה שנירר,greedy_modularity,5,81
דין_מירושניקוב,דין מירושניקוב,greedy_modularity,5,81
__name__:יוגב קינן,יוגב קינן,greedy_modularity,5,81
__name__:עדי אבן טוב,עדי אבן טוב,greedy_modularity,5,81
רות_פרחי,רות פרחי,greedy_modularity,5,81
יונה_עטרי,יונה עטרי,greedy_modularity,5,81
מייקל_לואיס_(דוגמן),מייקל לואיס,greedy_modularity,5,81
גילת_אנקורי,גילת אנקורי,greedy_modularity,5,81
רותי_אסרסאי,רותי אסרסאי,greedy_modularity,5,81
דורי_בן_זאב,דורי בן זאב,greedy_modularity,5,81
__name__:טטנה כבדה אספה,טטנה כבדה אספה,greedy_modularity,5,81
__name__:דבבה אשטו,דבבה אשטו,greedy_modularity,5,81
נצנת_מקונן,נצנת מקונן,greedy_modularity,5,81
__name__:רועי אלה,רועי אלה,greedy_modularity,5,81
הילה_סעדה,הילה סעדה,greedy_modularity,5,81
__name__:אילן חזן,אילן חזן,greedy_modularity,5,81
דנה_דבורין,דנה דבורין,greedy_modularity,5,81
נבו_קמחי,נבו קמחי,greedy_modularity,5,81
סמדר_קילצ'ינסקי,סמדר קילצ'ינסקי,greedy_modularity,5,81
תום_אבני,תום אבני,greedy_modularity,5,81
אבי_פניני,אבי פניני,greedy_modularity,5,81
פיני_טבגר,פיני טבגר,greedy_modularity,5,81
נטשה_מנור,נטשה מנור,greedy_modularity,5,81
אילן_דר,אילן דר,greedy_modularity,5,81
__name__:אקסל אזולאי,אקסל אזולאי,greedy_modularity,5,81
אלברט_אילוז,אלברט אילוז,greedy_modularity,5,81
דני_שטג,דני שטג,greedy_modularity,5,81
עמוס_לביא,עמוס לביא,greedy_modularity,5,81
ענת_וקסמן,ענת וקסמן,greedy_modularity,5,81
רובי_פורת_שובל,רובי פורת שובל,greedy_modularity,5,81
__name__:איציק זוהר,איציק זוהר,greedy_modularity,5,81
ראובן_דיין,ראובן דיין,greedy_modularity,5,81
__name__:דן תורג'מן,דן תורג'מן,greedy_modularity,5,81
שמואל_קלדרון,שמואל קלדרון,greedy_modularity,5,81
__name__:רותי גולדברג,רותי גולדברג,greedy_modularity,5,81
לנה_אטינגר,לנה אטינגר,greedy_modularity,5,81
__name__:דניאל ניזרי,דניאל ניזרי,greedy_modularity,5,81
__name__:מיטל פארן,מיטל פארן,greedy_modularity,5,81
__name__:מיכל בת-אדם,מיכל בת-אדם,greedy_modularity,5,81
מוסקו_אלקלעי,מוסקו אלקלעי,greedy_modularity,5,81
יהודה_אפרוני,יהודה אפרוני,greedy_modularity,5,81
__name__:נואית אב,נואית אב,greedy_modularity,5,81
__name__:חיים בוזגלו,חיים בוזגלו,greedy_modularity,5,81
ליז_רביאן,ליז רביאן,greedy_modularity,5,81
__name__:ג'נט סבג,ג'נט סבג,greedy_modularity,5,81
זאב_רווח,זאב רווח,greedy_modularity,5,81
רפי_תבור,רפי תבור,greedy_modularity,5,81
__name__:יאיר נשר,יאיר נשר,greedy_modularity,5,81
אורלי_בן-גרטי,אורלי בן-גרטי,greedy_modularity,5,81
__name__:חנוך וובה,חנוך וובה,greedy_modularity,5,81
__name__:אורלי טובלי פולק,אורלי טובלי פולק,greedy_modularity,5,81
חיים_אתגר,חיים אתגר,greedy_modularity,5,81
יאנה_יוסף,יאנה יוסף,greedy_modularity,6,67
גאיה_טראוב,גאיה טראוב,greedy_modularity,6,67
דניאל_גד,דניאל גד,greedy_modularity,6,67
שירן_סנדל,שירן סנדל,greedy_modularity,6,67
ליהי_קורנובסקי,ליהי קורנובסקי,greedy_modularity,6,67
נדב_גדג',נדב גדג',greedy_modularity,6,67
אביגיל_אריאלי,אביגיל אריאלי,greedy_modularity,6,67
יוסף_שילוח,יוסף שילוח,greedy_modularity,6,67
__name__:גלי בן נר,גלי בן נר,greedy_modularity,6,67
__name__:ניב ניסים,ניב ניסים,greedy_modularity,6,67
נמרוד_הוכנברג,נמרוד הוכנברג,greedy_modularity,6,67
עדן_סבן,עדן סבן,greedy_modularity,6,67
ארז_עובד,ארז עובד,greedy_modularity,6,67
מילי_עשת,מילי עשת,greedy_modularity,6,67
אסף_קורמן,אסף קורמן,greedy_modularity,6,67
ניר_לוי,ניר לוי,greedy_modularity,6,67
נעמי_לבוב,נעמי לבוב,greedy_modularity,6,67
מיכל_אמדורסקי,מיכל אמדורסקי,greedy_modularity,6,67
__name__:עפר גרינברג,עפר גרינברג,greedy_modularity,6,67
__name__:ג'ון בנג'מין היקי,ג'ון בנג'מין היקי,greedy_modularity,6,67
משי_קלינשטיין,משי קלינשטיין,greedy_modularity,6,67
נוה_צור,נוה צור,greedy_modularity,6,67
הדר_לוי,הדר לוי,greedy_modularity,6,67
מאיה_בוסקילה,מאיה בוסקילה,greedy_modularity,6,67
אדר_גולד,אדר גולד,greedy_modularity,6,67
__name__:פרפילאב מונגוזה,פרפילאב מונגוזה,greedy_modularity,6,67
גבריאל_עמרי_לוקאס,עומרי לוקאס,greedy_modularity,6,67
אליענה_בקייר,אליענה בקייר,greedy_modularity,6,67
אלי_אילדיס,אלי אילדיס,greedy_modularity,6,67
אדם_גבאי,אדם גבאי,greedy_modularity,6,67
נאיה_בינשטוק,נאיה בינשטוק,greedy_modularity,6,67
פנינה_רוזנבלום,פנינה רוזנבלום,greedy_modularity,6,67
נטע_רוט,נטע רוט,greedy_modularity,6,67
אורית_פוקס,אורית פוקס,greedy_modularity,6,67
דניאל_מורשת,דניאל מורשת,greedy_modularity,6,67
מארק_אליהו,מארק אליהו,greedy_modularity,6,67
__name__:ליאם גולן,ליאם גולן,greedy_modularity,6,67
אלעד_צפני,אלעד צפני,greedy_modularity,6,67
אליאנה_תדהר,אליאנה תדהר,greedy_modularity,6,67
רונלד_זרפלד,רונלד זרפלד,greedy_modularity,6,67
__name__:חיים שועי,חיים שועי,greedy_modularity,6,67
אמירה_בוזגלו,אמירה בוזגלו,greedy_modularity,6,67
יונה_אליאן,יונה אליאן,greedy_modularity,6,67
רותם_סלע,רותם סלע,greedy_modularity,6,67
סוול_אריאל_אור,סוול אריאל אור,greedy_modularity,6,67
סנדי_בר,סנדי בר,greedy_modularity,6,67
אבי_דנגור,אבי דנגור,greedy_modularity,6,67
דודו_טסה,דודו טסה,greedy_modularity,6,67
אנה_ארונוב,אנה ארונוב,greedy_modularity,6,67
__name__:קובי סויסה,קובי סויסה,greedy_modularity,6,67
אמיר_ח'ורי,אמיר ח'ורי,greedy_modularity,6,67
אילנית_לוי,אילנית לוי,greedy_modularity,6,67
רז_זהבי,רז זהבי,greedy_modularity,6,67
תמיר_גינזבורג,תמיר גינזבורג,greedy_modularity,6,67
__name__:.,.,greedy_modularity,6,67
זהר_ליבה,זהר ליבה,greedy_modularity,6,67
נוני_גפן,נוני גפן,greedy_modularity,6,67
אורי_ברויר,אורי ברויר,greedy_modularity,6,67
יהונתן_וילוז'ני,יהונתן וילוז'ני,greedy_modularity,6,67
תובל_שפיר,תובל שפיר,greedy_modularity,6,67
ליר_כץ,ליר כץ,greedy_modularity,6,67
אלה_ארמוני,אלה ארמוני,greedy_modularity,6,67
מיקי_קם,מיקי קם,greedy_modularity,6,67
שייע_פייגנבוים,שייע פייגנבוים,greedy_modularity,6,67
רוני_דלומי,רוני דלומי,greedy_modularity,6,67
ג'ובאני_רוסו,ג'ובאני רוסו,greedy_modularity,6,67
עלא_דקה,עלא דקה,greedy_modularity,6,67
אורי_גבריאל,אורי גבריאל,greedy_modularity,7,59
אוולין_הגואל,אוולין הגואל,greedy_modularity,7,59
צביקה_הדר,צביקה הדר,greedy_modularity,7,59
ראידה_אדון,ראידה אדון,greedy_modularity,7,59
עפר_שכטר,עפר שכטר,greedy_modularity,7,59
צחי_נוי,צחי נוי,greedy_modularity,7,59
שלום_אסייג,שלום אסייג,greedy_modularity,7,59
דניאל_סוויסה,דניאל סוויסה,greedy_modularity,7,59
הרצל_טובי,הרצל טובי,greedy_modularity,7,59
לינור_אברג'יל,לינור אברג'יל,greedy_modularity,7,59
__name__:אלמוג רוזנו,אלמוג רוזנו,greedy_modularity,7,59
מוריס_כהן_(שחקן),מוריס כהן,greedy_modularity,7,59
גבי_דן,גבי דן,greedy_modularity,7,59
אריה_מוסקונה,אריה מוסקונה,greedy_modularity,7,59
דניאל_אסייג,דניאל אסייג,greedy_modularity,7,59
יפה_לוי,יפה לוי,greedy_modularity,7,59
__name__:ענבל גלאם,ענבל גלאם,greedy_modularity,7,59
__name__:צ'ינו אלמיזרק,צ'ינו אלמיזרק,greedy_modularity,7,59
שרונה_אלימלך,שרונה אלימלך,greedy_modularity,7,59
אבי_אוריה,אבי אוריה,greedy_modularity,7,59
שלומי_קוריאט,שלומי קוריאט,greedy_modularity,7,59
דובר_קוסאשווילי,דובר קוסאשווילי,greedy_modularity,7,59
ישראל_אטיאס,ישראל אטיאס,greedy_modularity,7,59
ירון_לוי_סבג,ירון לוי סבג,greedy_modularity,7,59
__name__:שרון צוקרמן,שרון צוקרמן,greedy_modularity,7,59
לבן_סגינשווילי,לבן סגינשווילי,greedy_modularity,7,59
אלכסנדר_סנדרוביץ',אלכסנדר סנדרוביץ',greedy_modularity,7,59
יוסי_וידר,יוסי וידר,greedy_modularity,7,59
__name__:מאיה ורדזאולי,מאיה ורדזאולי,greedy_modularity,7,59
אריק_משעלי,אריק משעלי,greedy_modularity,7,59
__name__:שושה גור,שושה גור,greedy_modularity,7,59
__name__:לירז עוזרי,לירז עוזרי,greedy_modularity,7,59
__name__:מלאני למברסקי,מלאני למברסקי,greedy_modularity,7,59
יצחק_נאמן,יצחק נאמן,greedy_modularity,7,59
__name__:דקל וקנין,דקל וקנין,greedy_modularity,7,59
חי_דוידוב,חי דוידוב,greedy_modularity,7,59
ליאת_אקטע,ליאת אקטע,greedy_modularity,7,59
עמנואל_הורי,עמנואל הורי,greedy_modularity,7,59
אסתי_זקהיים,אסתי זקהיים,greedy_modularity,7,59
__name__:מישל גוריאשוילי,מישל גוריאשוילי,greedy_modularity,7,59
רמי_קאשי,רמי קאשי,greedy_modularity,7,59
גברי_לוי,גברי לוי,greedy_modularity,7,59
ריימונד_אבקסיס,ריימונד אבקסיס,greedy_modularity,7,59
שרון_חזיז,שרון חזיז,greedy_modularity,7,59
__name__:גנגה אליקשוילי,גנגה אליקשוילי,greedy_modularity,7,59
אוראל_צברי,אוראל צברי,greedy_modularity,7,59
אוולין_קפלון,אוולין קפלון,greedy_modularity,7,59
עודד_מנסטר,עודד מנסטר,greedy_modularity,7,59
שרלין_חזיזה,שרלין חזיזה,greedy_modularity,7,59
אורלי_פרל,אורלי פרל,greedy_modularity,7,59
ג'וליה_מסלאווי,ג'וליה מסלאווי,greedy_modularity,7,59
__name__:פאטה גוליאשווילי ו,פאטה גוליאשווילי ו,greedy_modularity,7,59
יגאל_עדיקא,יגאל עדיקא,greedy_modularity,7,59
גרא_סנדלר,גרא סנדלר,greedy_modularity,7,59
עדי_הימלבלוי,עדי הימלבלוי,greedy_modularity,7,59
__name__:יאיר פורטל,יאיר פורטל,greedy_modularity,7,59
עדי_אלון,עדי אלון,greedy_modularity,7,59
מוטי_בן_ישי,מוטי בן ישי,greedy_modularity,7,59
אופירה_רחמים,אופירה רחמים,greedy_modularity,7,59
אסתי_קוסוביצקי,אסתי קוסוביצקי,greedy_modularity,8,49
__name__:שני בן חיים,שני בן חיים,greedy_modularity,8,49
ח'אולה_חאג'-דיבסי,ח'אולה חאג'-דיבסי,greedy_modularity,8,49
מקס_אולארצ'יק,מקס אולארצ'יק,greedy_modularity,8,49
יואב_לוי,יואב לוי,greedy_modularity,8,49
ערן_מור,ערן מור,greedy_modularity,8,49
ירדן_תוסייה_כהן,ירדן תוסייה כהן,greedy_modularity,8,49
עלי_נאסר,עלי נאסר,greedy_modularity,8,49
אהרן_טרייטל,אהרן טרייטל,greedy_modularity,8,49
__name__:רונית פלד,רונית פלד,greedy_modularity,8,49
__name__:ליאורה לוי,ליאורה לוי,greedy_modularity,8,49
__name__:אדיב ספדי,אדיב ספדי,greedy_modularity,8,49
מורין_אמור,מורין אמור,greedy_modularity,8,49
ג'ואנה_סעיד,ג'ואנה סעיד,greedy_modularity,8,49
נתי_רביץ,נתי רביץ,greedy_modularity,8,49
הילה_סורג'ון_פישר,הילה סורג'ון פישר,greedy_modularity,8,49
__name__:טארק קופטי,טארק קופטי,greedy_modularity,8,49
__name__:סאמר קופטי,סאמר קופטי,greedy_modularity,8,49
אושרי_סהר,אושרי סהר,greedy_modularity,8,49
ריקי_בליך,ריקי בליך,greedy_modularity,8,49
__name__:מוחמד גזאוי,מוחמד גזאוי,greedy_modularity,8,49
ח'ליפה_נאטור,ח'ליפה נאטור,greedy_modularity,8,49
__name__:אורית סמואל,אורית סמואל,greedy_modularity,8,49
מאיסה_עבד_אלהאדי,מאיסה עבד אלהאדי,greedy_modularity,8,49
נווה_צור,נווה צור,greedy_modularity,8,49
יעל_לבנטל,יעל לבנטל,greedy_modularity,8,49
__name__:אביתר מור,אביתר מור,greedy_modularity,8,49
סלווה_נקארה,סלווה נקארה,greedy_modularity,8,49
אסיל_פרחאת,אסיל פרחאת,greedy_modularity,8,49
בת_חן_סבג,בת חן סבג,greedy_modularity,8,49
ניב_מג'ר,ניב מג'ר,greedy_modularity,8,49
יולי_הרגיל-שדה,יולי הרגיל-שדה,greedy_modularity,8,49
אלינור_סלע,אלינור סלע,greedy_modularity,8,49
ליאון_רוזנברג,ליאון רוזנברג,greedy_modularity,8,49
תאמר_נפאר,תאמר נפאר,greedy_modularity,8,49
רבקה_בכר,רבקה בכר,greedy_modularity,8,49
רועי_ויינברג,רועי ויינברג,greedy_modularity,8,49
רועי_ניק,רועי ניק,greedy_modularity,8,49
רמי_ברוך,רמי ברוך,greedy_modularity,8,49
__name__:רותי לנדאו,רותי לנדאו,greedy_modularity,8,49
__name__:מחמוד שלבי,מחמוד שלבי,greedy_modularity,8,49
שלומי_שבן,שלומי שבן,greedy_modularity,8,49
מרלן_בג'אלי,מרלן בג'אלי,greedy_modularity,8,49
__name__:עמרי פירר,עמרי פירר,greedy_modularity,8,49
אסף_הרץ,אסף הרץ,greedy_modularity,8,49
__name__:גור שטיינברג,גור שטיינברג,greedy_modularity,8,49
ריף_כהן,ריף כהן,greedy_modularity,8,49
__name__:סעיד דסוקי,סעיד דסוקי,greedy_modularity,8,49
אמל_מורקוס,אמל מורקוס,greedy_modularity,8,49
__name__:דני יגיל,דני יגיל,greedy_modularity,9,33
רן_יגיל,רן יגיל,greedy_modularity,9,33
__name__:נופר אלדיס,נופר אלדיס,greedy_modularity,9,33
__name__:אבי בירנבאום,אבי בירנבאום,greedy_modularity,9,33
__name__:אוהד הול,אוהד הול,greedy_modularity,9,33
__name__:מוראד חסן,מוראד חסן,greedy_modularity,9,33
__name__:פיני גואטה,פיני גואטה,greedy_modularity,9,33
מעין_וינשטוק,מעין וינשטוק,greedy_modularity,9,33
אתי_גרוטס,אתי גרוטס,greedy_modularity,9,33
__name__:דן קיזלר,דן קיזלר,greedy_modularity,9,33
__name__:ניר ברק,ניר ברק,greedy_modularity,9,33
__name__:יעל מפציר בוצר,יעל מפציר בוצר,greedy_modularity,9,33
מעיין_לאוב,מעיין לאוב,greedy_modularity,9,33
יונתן_בר-אור_(1981),יונתן בר-אור,greedy_modularity,9,33
אסיה_נייפלד,אסיה נייפלד,greedy_modularity,9,33
__name__:מעיין הרוש,מעיין הרוש,greedy_modularity,9,33
דנה_לרר,דנה לרר,greedy_modularity,9,33
__name__:אורן פרג',אורן פרג',greedy_modularity,9,33
אמיר_דוליצקי,אמיר דוליצקי,greedy_modularity,9,33
אלון_דהן,אלון דהן,greedy_modularity,9,33
בר_בלפר,בר בלפר,greedy_modularity,9,33
הילה_מצקר-הלוי,הילה מצקר-הלוי,greedy_modularity,9,33
__name__:רפי קלמר,רפי קלמר,greedy_modularity,9,33
יובל_מנדלסון,יובל מנדלסון,greedy_modularity,9,33
גדי_יגיל,גדי יגיל,greedy_modularity,9,33
__name__:הילי ישראל,הילי ישראל,greedy_modularity,9,33
יוסי_קאנץ,יוסי קאנץ,greedy_modularity,9,33
__name__:ערן בן-צבי,ערן בן-צבי,greedy_modularity,9,33
תמר_קינן,תמר קינן,greedy_modularity,9,33
עדי_בילסקי,עדי בילסקי,greedy_modularity,9,33
תמרה_קלינגון,תמרה קלינגון,greedy_modularity,9,33
דני_שגב,דני שגב,greedy_modularity,9,33
רינת_מטטוב,רינת מטטוב,greedy_modularity,9,33
ארז_שפריר,ארז שפריר,greedy_modularity,10,27
אייל_רוזלס,אייל רוזלס,greedy_modularity,10,27
נילי_צרויה,נילי צרויה,greedy_modularity,10,27
נתן_זהבי,נתן זהבי,greedy_modularity,10,27
יצחק_חזקיה,יצחק חזקיה,greedy_modularity,10,27
גדליה_בסר,גדליה בסר,greedy_modularity,10,27
דובי_גל,דובי גל,greedy_modularity,10,27
יוגב_יפת,יוגב יפת,greedy_modularity,10,27
אריק_קנלר,אריק קנלר,greedy_modularity,10,27
יעל_טל,יעל טל,greedy_modularity,10,27
__name__:נאוה זיו,נאוה זיו,greedy_modularity,10,27
ניצה_שאול,ניצה שאול,greedy_modularity,10,27
__name__:דורון צברי,דורון צברי,greedy_modularity,10,27
אורי_גוטליב,אורי גוטליב,greedy_modularity,10,27
יהודה_נהרי,יהודה נהרי,greedy_modularity,10,27
__name__:ג'ורג' אסכנדר,ג'ורג' אסכנדר,greedy_modularity,10,27
עינת_ויצמן,עינת ויצמן,greedy_modularity,10,27
מורן_רוזנבלט,מורן רוזנבלט,greedy_modularity,10,27
אורי_בנאי,אורי בנאי,greedy_modularity,10,27
__name__:אייל סלמה,אייל סלמה,greedy_modularity,10,27
מרדכי_שפיגלר,מרדכי שפיגלר,greedy_modularity,10,27
אורי_יניב,אורי יניב,greedy_modularity,10,27
בובי_לקס,בובי לקס,greedy_modularity,10,27
שמוליק_קראוס,שמוליק קראוס,greedy_modularity,10,27
מריה_אובנוב,מריה אובנוב,greedy_modularity,10,27
אלדד_פריבס,אלדד פריבס,greedy_modularity,10,27
__name__:ליה ברנט,ליה ברנט,greedy_modularity,10,27
__name__:דני רוטנברג,דני רוטנברג,greedy_modularity,11,24
דור_צויגנבום,דור צויגנבום,greedy_modularity,11,24
אביטל_דיקר,אביטל דיקר,greedy_modularity,11,24
סשה_אגרונוב,סשה אגרונוב,greedy_modularity,11,24
__name__:יונתן שיראי,יונתן שיראי,greedy_modularity,11,24
הנרי_דוד,הנרי דוד,greedy_modularity,11,24
__name__:סמירה סארייה,סמירה סארייה,greedy_modularity,11,24
__name__:אור ברק,אור ברק,greedy_modularity,11,24
__name__:נדיה טיכונובה,נדיה טיכונובה,greedy_modularity,11,24
__name__:משי אולינסקי,משי אולינסקי,greedy_modularity,11,24
שרה_אדלר,שרה אדלר,greedy_modularity,11,24
יעל_הדר,יעל הדר,greedy_modularity,11,24
נועה_קנולר,נועה קנולר,greedy_modularity,11,24
__name__:אדם צקמן,אדם צקמן,greedy_modularity,11,24
ליא_קניג,ליא קניג,greedy_modularity,11,24
אורן_שבו,אורן שבו,greedy_modularity,11,24
__name__:דניאל עדן,דניאל עדן,greedy_modularity,11,24
__name__:עדן חלילי,עדן חלילי,greedy_modularity,11,24
__name__:גל זייד,גל זייד,greedy_modularity,11,24
שירה_האס,שירה האס,greedy_modularity,11,24
זהרירה_חריפאי,זהרירה חריפאי,greedy_modularity,11,24
__name__:תמיר מולא,תמיר מולא,greedy_modularity,11,24
יוסף_כרמון,יוסף כרמון,greedy_modularity,11,24
סמי_הורי,סמי הורי,greedy_modularity,11,24
לימור_גולדשטיין,לימור גולדשטיין,greedy_modularity,12,17
חן_יאני,חן יאני,greedy_modularity,12,17
לירון_וייסמן,לירון וייסמן,greedy_modularity,12,17
עמי_ויינברג,עמי ויינברג,greedy_modularity,12,17
איתי_לב_(במאי),איתי לב,greedy_modularity,12,17
לוסי_דובינצ'יק,לוסי דובינצ'יק,greedy_modularity,12,17
שלום_מיכאלשווילי,שלום מיכאלשווילי,greedy_modularity,12,17
אמה_מדינג,אמה מדינג,greedy_modularity,12,17
ליאת_גליק,ליאת גליק,greedy_modularity,12,17
ציון_ברוך,ציון ברוך,greedy_modularity,12,17
אייל_שכטר,אייל שכטר,greedy_modularity,12,17
אסי_ישראלוף,אסי ישראלוף,greedy_modularity,12,17
אביה_מלכה,אביה מלכה,greedy_modularity,12,17
יעל_רייך,יעל רייך,greedy_modularity,12,17
__name__:חליל אלוהב,חליל אלוהב,greedy_modularity,12,17
__name__:קרולניה רודריגז נרנג'ו,קרולניה רודריגז נרנג'ו,greedy_modularity,12,17
דוד_שאול,דוד שאול,greedy_modularity,12,17
__name__:שרון פרידמן,שרון פרידמן,greedy_modularity,13,11
יוסוף_אבו_ורדה,יוסוף אבו ורדה,greedy_modularity,13,11
אורי_אברהמי,אורי אברהמי,greedy_modularity,13,11
מירב_גרובר,מירב גרובר,greedy_modularity,13,11
נולי_עומר,נולי עומר,greedy_modularity,13,11
טל_קלאי,טל קלאי,greedy_modularity,13,11
אביטל_אברג'יל,אביטל אברג'יל,greedy_modularity,13,11
__name__:אלינור קלוגר,אלינור קלוגר,greedy_modularity,13,11
הילה_וידור,הילה וידור,greedy_modularity,13,11
יובל_ינאי,יובל ינאי,greedy_modularity,13,11
אפרת_אביב,אפרת אביב,greedy_modularity,13,11
__name__:אסף קליין,אסף קליין,greedy_modularity,14,8
__name__:רפאל גרינשטיין,רפאל גרינשטיין,greedy_modularity,14,8
ששי_גז,ששי גז,greedy_modularity,14,8
__name__:הלל שמעון,הלל שמעון,greedy_modularity,14,8
עמירן_דביר,עמירן דביר,greedy_modularity,14,8
ישי_לפידות,ישי לפידות,greedy_modularity,14,8
__name__:ישראל מאיר וולקן,ישראל מאיר וולקן,greedy_modularity,14,8
ג'וש_שגיא,ג'וש שגיא,greedy_modularity,14,8
__name__:שחר כרמל,שחר כרמל,greedy_modularity,15,7
ברק_שמיר,ברק שמיר,greedy_modularity,15,7
__name__:עידן שרוקה,עידן שרוקה,greedy_modularity,15,7
אנה_זק,אנה זק,greedy_modularity,15,7
קובי_מאור,קובי מאור,greedy_modularity,15,7
אולה_שור-סלקטר,אולה שור-סלקטר,greedy_modularity,15,7
__name__:עומר דהן,עומר דהן,greedy_modularity,15,7
רובא_בלאל-עספור,רובא בלאל-עספור,greedy_modularity,16,7
__name__:עמאל בויראט,עמאל בויראט,greedy_modularity,16,7
למיס_עמאר,למיס עמאר,greedy_modularity,16,7
__name__:חוסיין יאסין מחאג'נה,חוסיין יאסין מחאג׳נה,greedy_modularity,16,7
__name__:הייתאם עומארי,הייתאם עומארי,greedy_modularity,16,7
__name__:חדיג'ה אל עאכד,חדיג'ה אל עאכד,greedy_modularity,16,7
__name__:ג'לאל מסרוה,ג'לאל מסרוה,greedy_modularity,16,7
אברהם_שלום,אברהם שלום,greedy_modularity,17,6
עמי_אילון,עמי אילון,greedy_modularity,17,6
יעקב_פרי,יעקב פרי,greedy_modularity,17,6
יובל_דיסקין,יובל דיסקין,greedy_modularity,17,6
אבי_דיכטר,אבי דיכטר,greedy_modularity,17,6
כרמי_גילון,כרמי גילון,greedy_modularity,17,6
עזרא_דגן,עזרא דגן,greedy_modularity,18,5
__name__:ליאור סורוקה,ליאור סורוקה,greedy_modularity,18,5
ציון_אשכנזי,ציון אשכנזי,greedy_modularity,18,5
תמר_אלקן,תמר אלקן,greedy_modularity,18,5
יעקב_בודו,יעקב בודו,greedy_modularity,18,5
__name__:מורן לולו,מורן לולו,greedy_modularity,19,4
__name__:דור בן אלישע,דור בן אלישע,greedy_modularity,19,4
רפי_רותם,רפי רותם,greedy_modularity,19,4
__name__:נופר אוחיון,נופר אוחיון,greedy_modularity,19,4
יובל_סגל_(1980),יובל סגל,greedy_modularity,20,4
שרון_צור,שרון צור,greedy_modularity,20,4
__name__:איציק עצמון,איציק עצמון,greedy_modularity,20,4
אהובה_קרן,אהובה קרן,greedy_modularity,20,4
אסף_פרי,אסף פרי,greedy_modularity,21,4
__name__:אפרת וינטראוב,אפרת וינטראוב,greedy_modularity,21,4
__name__:צחי סדן,צחי סדן,greedy_modularity,21,4
מי-רן_מנקס,מי-רן מנקס,greedy_modularity,21,4
__name__:צחי גראד,צחי גראד,greedy_modularity,22,4
__name__:יובל שרף,יובל שרף,greedy_modularity,22,4
__name__:אלון אבוטבול,אלון אבוטבול,greedy_modularity,22,4
__name__:טינקרבל,טינקרבל,greedy_modularity,22,4
__name__:אנה ווליקובסקי,אנה ווליקובסקי,greedy_modularity,23,4
__name__:מיכאל לרנר,מיכאל לרנר,greedy_modularity,23,4
__name__:רומן גרשקוביץ',רומן גרשקוביץ',greedy_modularity,23,4
__name__:עמירם עיני,עמירם עיני,greedy_modularity,23,4
__name__:איגור אובלוזה,איגור אובלוזה,greedy_modularity,24,3
__name__:דוד מזרחי,דוד מזרחי,greedy_modularity,24,3
גבריאל_לוין,גבריאל לוין,greedy_modularity,24,3
דורון_תבורי,דורון תבורי,greedy_modularity,25,3
__name__:יובלי ליבני,יובלי ליבני,greedy_modularity,25,3
__name__:עינב מרקל,עינב מרקל,greedy_modularity,25,3
סטיבן_דורף,סטיבן דורף,greedy_modularity,26,3
לואי_נופי,לואי נופי,greedy_modularity,26,3
עבדאללה_עקל,עבדאללה עקל,greedy_modularity,26,3
__name__:תמרה סמסונוב,תמרה סמסונוב,greedy_modularity,27,3
__name__:מקסים צ'רניך,מקסים צ'רניך,greedy_modularity,27,3
__name__:מישקה זילברשטיין,מישקה זילברשטיין,greedy_modularity,27,3
__name__:יוסי אולו,יוסי אולו,greedy_modularity,28,3
__name__:סילביה דרורי,סילביה דרורי,greedy_modularity,28,3
אתל_קובינסקה,אתל קובינסקה,greedy_modularity,28,3
__name__:נועם קפלן,נועם קפלן,greedy_modularity,29,3
__name__:יותם אביבי,יותם אביבי,greedy_modularity,29,3
דני_קליין,דני קליין,greedy_modularity,29,3
ניקי_גולדשטיין,ניקי גולדשטיין,greedy_modularity,30,3
__name__:אלעד סטפנסקי,אלעד סטפנסקי,greedy_modularity,30,3
עידו_לב,עידו לב,greedy_modularity,30,3
בבר_יוקו,בבר יוקו,greedy_modularity,31,3
__name__:דני חדד,דני חדד,greedy_modularity,31,3
__name__:אבי סויסה,אבי סויסה,greedy_modularity,31,3
שחר_ישי,שחר ישי,greedy_modularity,32,3
מיכל_מוכתר,מיכל מוכתר,greedy_modularity,32,3
__name__:שחר פרץ,שחר פרץ,greedy_modularity,32,3
__name__:צבי שיסל,צבי שיסל,greedy_modularity,33,3
__name__:מוני מושונוב,מוני מושונוב,greedy_modularity,33,3
__name__:אריק איינשטיין,אריק איינשטיין,greedy_modularity,33,3
__name__:אלי בן רעי,אלי בן רעי,greedy_modularity,34,3
גילי_בן_אוזיליו,גילי בן אוזיליו,greedy_modularity,34,3
__name__:בתיה בר,בתיה בר,greedy_modularity,34,3
אירית_סוקי,אירית סוקי,greedy_modularity,35,3
סמדר_סייר,סמדר סייר,greedy_modularity,35,3
נעמה_שנדר,נעמה שנדר,greedy_modularity,35,3
גאולה_נוני,גאולה נוני,greedy_modularity,36,2
__name__:זאב רווח,זאב רווח,greedy_modularity,36,2
תומאס_ג'יין,תומאס ג'יין,greedy_modularity,37,2
סמנתה_מורטון,סמנתה מורטון,greedy_modularity,37,2
__name__:בן ציון,בן ציון,greedy_modularity,38,2
יהודה_ברקן,יהודה ברקן,greedy_modularity,38,2
סמי_סמיר,סמי סמיר,greedy_modularity,39,2
__name__:טטיאנה בלכר,טטיאנה בלכר,greedy_modularity,39,2
__name__:אשר אברהמי,אשר אברהמי,greedy_modularity,40,2
נוויד_נגהבאן,נוויד נגהבאן,greedy_modularity,40,2
אייל_נחמיאס,אייל נחמיאס,greedy_modularity,41,2
חגית_דסברג,חגית דסברג,greedy_modularity,41,2
פרנקו_נרו,פרנקו נרו,greedy_modularity,42,2
אשר_צרפתי,אשר צרפתי,greedy_modularity,42,2
אבי_נשר,אבי נשר,greedy_modularity,43,2
חלי_גולדנברג,חלי גולדנברג,greedy_modularity,43,2
__name__:אלכס בכרי,אלכס בכרי,greedy_modularity,44,2
__name__:ג'ונה סולימאן,ג'ונה סולימאן,greedy_modularity,44,2
__name__:נרונה דה מאסדו קפלן,נרונה דה מאסדו קפלן,greedy_modularity,45,2
מוקי,מוקי,greedy_modularity,45,2
לטי_גרובמן,לטי גרובמן,greedy_modularity,46,2
__name__:אייל בן אהרון,אייל בן אהרון,greedy_modularity,46,2
__name__:נועה מנדל,נועה מנדל,greedy_modularity,47,2
__name__:רומן אילין,רומן אילין,greedy_modularity,47,2
__name__:תכלת סמל,תכלת סמל,greedy_modularity,48,1
__name__:יהודה ברקן,יהודה ברקן,greedy_modularity,49,1
__name__:דידי פייר,דידי פייר,greedy_modularity,50,1
__name__:אליה סולימאן,אליה סולימאן,greedy_modularity,51,1
מיכל_בת-אדם,מיכל בת-אדם,greedy_modularity,52,1
__name__:צח כהן,צח כהן,greedy_modularity,53,1
אריאל_זילבר,אריאל זילבר,greedy_modularity,54,1
__name__:דרמה,דרמה,greedy_modularity,55,1
רוזמונד_פייק,רוזמונד פייק,greedy_modularity,56,1
__name__:תיעודי,תיעודי,greedy_modularity,57,1
__name__:ג'ניה צ'רניק,ג'ניה צ'רניק,greedy_modularity,58,1
זהבה_בן,זהבה בן,greedy_modularity,59,1
צביקה_שוורצברג,צביקה שוורצברג,greedy_modularity,60,1
__name__:אמרי קאהן,אמרי קאהן,greedy_modularity,61,1
__name__:ללא,ללא,greedy_modularity,62,1
דני_יוסטון,דני יוסטון,greedy_modularity,63,1
__name__:רונית אלקבץ,רונית אלקבץ,label_propagation,0,75
__name__:סייבונגה מלונגיסי,סייבונגה מלונגיסי,label_propagation,0,75
אנה_דוברוביצקי,אנה דוברוביצקי,label_propagation,0,75
דובלה_גליקמן,דובלה גליקמן,label_propagation,0,75
דפנה_דקל,דפנה דקל,label_propagation,0,75
__name__:יעל בן דור,יעל בן דור,label_propagation,0,75
רועי_בר_נתן,רועי בר נתן,label_propagation,0,75
פטריק_סטיוארט,פטריק סטיוארט,label_propagation,0,75
דפנה_רכטר,דפנה רכטר,label_propagation,0,75
אלכסיי_סרבריאקוב,"עידית טפרסון, אלכסיי סרבריאקוב",label_propagation,0,75
נטלי_עטיה,נטלי עטיה,label_propagation,0,75
רזיה_ישראלי,רזיה ישראלי,label_propagation,0,75
יובל_סגל_(1971),יובל סגל,label_propagation,0,75
דן_תורג'מן,דן תורג'מן,label_propagation,0,75
אבי_טולדנו,אבי טולדנו,label_propagation,0,75
ענת_וקסמן,ענת וקסמן,label_propagation,0,75
שמיל_בן_ארי,שמיל בן ארי,label_propagation,0,75
שמעון_מימרן,שמעון מימרן,label_propagation,0,75
ישראל_פוליאקוב,ישראל פוליאקוב,label_propagation,0,75
אריאל_ברונז,אריאל ברונז,label_propagation,0,75
דורין_כספי,דורין כספי,label_propagation,0,75
קרן_ברגר,קרן ברגר,label_propagation,0,75
עמוס_תמם,עמוס תמם,label_propagation,0,75
ראובן_דיין,ראובן דיין,label_propagation,0,75
__name__:נעמה פריס,נעמה פריס,label_propagation,0,75
אורי_קלאוזנר,אורי קלאוזנר,label_propagation,0,75
אלון_אבוטבול,אלון אבוטבול,label_propagation,0,75
יעל_אבקסיס,יעל אבקסיס,label_propagation,0,75
אור_אילן,אור אילן,label_propagation,0,75
ג'וליאנו_מר,ג'וליאנו מר,label_propagation,0,75
אורנה_פיטוסי,אורנה פיטוסי,label_propagation,0,75
__name__:רותי גולדברג,רותי גולדברג,label_propagation,0,75
ענת_עצמון,ענת עצמון,label_propagation,0,75
מוני_מושונוב,מוני מושונוב,label_propagation,0,75
שרון_אלכסנדר,שרון אלכסנדר,label_propagation,0,75
חנה_לסלאו,חנה לסלאו,label_propagation,0,75
__name__:איתן קוניו,איתן קוניו,label_propagation,0,75
לירון_בן-שלוש,לירון בן-שלוש,label_propagation,0,75
__name__:איתן בלום,איתן בלום,label_propagation,0,75
בסאם_זועמוט,בסאם זועמוט,label_propagation,0,75
יהודה_אפרוני,יהודה אפרוני,label_propagation,0,75
לאורה_ריבלין,לאורה ריבלין,label_propagation,0,75
דאנה_איבגי,דאנה איבגי,label_propagation,0,75
יבגניה_דודינה,יבגניה דודינה,label_propagation,0,75
גיא_מרוז,גיא מרוז,label_propagation,0,75
ז'ולייט_בינוש,ז'ולייט בינוש,label_propagation,0,75
קרן_מור,קרן מור,label_propagation,0,75
יעל_בר_זוהר,יעל בר זוהר,label_propagation,0,75
תומר_רוסו,תומר רוסו,label_propagation,0,75
__name__:מנשה נוי,מנשה נוי,label_propagation,0,75
__name__:דליה בגר,דליה בגר,label_propagation,0,75
דוד_קוניו,דוד קוניו,label_propagation,0,75
גל_זייד,גל זייד,label_propagation,0,75
גיל_פרנק,גיל פרנק,label_propagation,0,75
יורם_חטב,יורם חטב,label_propagation,0,75
סלים_דאו,סלים דאו,label_propagation,0,75
אורי_הוכמן,אורי הוכמן,label_propagation,0,75
ירון_ברובינסקי,ירון ברובינסקי,label_propagation,0,75
__name__:נטליה פאוסט,נטליה פאוסט,label_propagation,0,75
מיטל_דוהן,מיטל דוהן,label_propagation,0,75
רונית_אלקבץ,רונית אלקבץ,label_propagation,0,75
__name__:גיטה אמלי,גיטה אמלי,label_propagation,0,75
ריטה_שוקרון,ריטה שוקרון,label_propagation,0,75
__name__:שמואל פולר,שמואל פולר,label_propagation,0,75
אלכס_אנסקי,אלכס אנסקי,label_propagation,0,75
אפרת_דור,אפרת דור,label_propagation,0,75
מיטל_גל_סויסה,מיטל גל סויסה,label_propagation,0,75
אודי_פרסי,אודי פרסי,label_propagation,0,75
חנה_אזולאי-הספרי,חנה אזולאי-הספרי,label_propagation,0,75
משה_איבגי,משה איבגי,label_propagation,0,75
ריטה_זוהר,ריטה זוהר,label_propagation,0,75
__name__:דבורה קידר,דבורה קידר,label_propagation,0,75
חיים_אתגר,חיים אתגר,label_propagation,0,75
__name__:ג'ק אדליסט,ג'ק אדליסט,label_propagation,0,75
שולי_רנד,שולי רנד,label_propagation,0,75
ורד_פלדמן,ורד פלדמן,label_propagation,1,2
__name__:יהלי פרידמן,יהלי פרידמן,label_propagation,1,2
יפתח_קליין,יפתח קליין,label_propagation,2,7
__name__:מיטל ברדה,מיטל ברדה,label_propagation,2,7
גפן_ברקאי,גפן ברקאי,label_propagation,2,7
מיכאל_מושונוב,מיכאל מושונוב,label_propagation,2,7
יערה_פלציג,יערה פלציג,label_propagation,2,7
מנשה_נוי,מנשה נוי,label_propagation,2,7
גל_תורן,גל תורן,label_propagation,2,7
דרור_קרן,דרור קרן,label_propagation,3,18
נתי_רביץ,נתי רביץ,label_propagation,3,18
ניב_מג'ר,ניב מג'ר,label_propagation,3,18
אסתי_קוסוביצקי,אסתי קוסוביצקי,label_propagation,3,18
אסף_הרץ,אסף הרץ,label_propagation,3,18
נתן_גושן,נתן גושן,label_propagation,3,18
אסנת_חכים,אסנת חכים,label_propagation,3,18
ליאון_רוזנברג,ליאון רוזנברג,label_propagation,3,18
ירדן_בר-כוכבא,ירדן בר-כוכבא,label_propagation,3,18
ריקי_בליך,ריקי בליך,label_propagation,3,18
סיון_לוי,סיון לוי,label_propagation,3,18
ירדן_תוסייה_כהן,ירדן תוסייה כהן,label_propagation,3,18
נתן_רביץ,נתן רביץ,label_propagation,3,18
רועי_ויינברג,רועי ויינברג,label_propagation,3,18
רועי_ניק,רועי ניק,label_propagation,3,18
רמי_ברוך,רמי ברוך,label_propagation,3,18
מיה_דגן,מיה דגן,label_propagation,3,18
__name__:אביתר מור,אביתר מור,label_propagation,3,18
עופר_שכטר,עופר שכטר,label_propagation,4,4
דנה_פרידר,דנה פרידר,label_propagation,4,4
נועה_ברקאי,נועה ברקאי,label_propagation,4,4
אורי_לייזרוביץ',אורי לייזרוביץ',label_propagation,4,4
אבי_גרייניק,אבי גרייניק,label_propagation,5,18
יוסי_מרשק,יוסי מרשק,label_propagation,5,18
שירה_נאור,שירה נאור,label_propagation,5,18
__name__:אלכסנדר פילינג,אלכסנדר פילינג,label_propagation,5,18
חנן_סביון,חנן סביון,label_propagation,5,18
מורן_אטיאס,מורן אטיאס,label_propagation,5,18
גל_אמיתי,גל אמיתי,label_propagation,5,18
בר_כהן_מוראד,בר כהן מוראד,label_propagation,5,18
__name__:מיכל טרבס,מיכל טרבס,label_propagation,5,18
צחי_הלוי,צחי הלוי,label_propagation,5,18
חן_אמסלם-זגורי,חן אמסלם-זגורי,label_propagation,5,18
__name__:בן איתין,בן איתין,label_propagation,5,18
שירה_לוי,שירה לוי,label_propagation,5,18
רותם_אבוהב,רותם אבוהב,label_propagation,5,18
מלי_לוי,מלי לוי,label_propagation,5,18
עדנה_בליליוס,עדנה בליליוס,label_propagation,5,18
אברהם_ארנסון,אברהם ארנסון,label_propagation,5,18
גיא_עמיר,גיא עמיר,label_propagation,5,18
יוסי_גרבר,יוסי גרבר,label_propagation,6,13
מירי_מסיקה,מירי מסיקה,label_propagation,6,13
מיכאל_אלוני,מיכאל אלוני,label_propagation,6,13
אוגוסט_דיל,אוגוסט דיל,label_propagation,6,13
__name__:חנה אזולאי-הספרי,חנה אזולאי-הספרי,label_propagation,6,13
מיקי_לאון,מיקי לאון,label_propagation,6,13
__name__:סילביה הוקס,סילביה הוקס,label_propagation,6,13
גילה_אלמגור,גילה אלמגור,label_propagation,6,13
נתן_דטנר,נתן דטנר,label_propagation,6,13
הילה_פלדמן,הילה פלדמן,label_propagation,6,13
ישי_גולן,ישי גולן,label_propagation,6,13
אלי_גורנשטיין,אלי גורנשטיין,label_propagation,6,13
אלכס_פלג,אלכס פלג,label_propagation,6,13
גאולה_נוני,גאולה נוני,label_propagation,7,2
__name__:זאב רווח,זאב רווח,label_propagation,7,2
__name__:תכלת סמל,תכלת סמל,label_propagation,8,1
אורלי_זילברשץ,אורלי זילברשץ,label_propagation,9,5
רן_דנקר,רן דנקר,label_propagation,9,5
אביגיל_הררי,אביגיל הררי,label_propagation,9,5
יעל_פולמן,יעל פולמן,label_propagation,9,5
מאיר_סויסה,מאיר סויסה,label_propagation,9,5
מיכל_זוארץ,מיכל זוארץ,label_propagation,10,4
סער_בדישי,סער בדישי,label_propagation,10,4
ארנון_צדוק,ארנון צדוק,label_propagation,10,4
__name__:מיכל בת-אדם,מיכל בת-אדם,label_propagation,10,4
__name__:דניאל קלטג'ירונה,דניאל קלטג'ירונה,label_propagation,11,7
שרון_טל,שרון טל,label_propagation,11,7
עלי_סולימאן,עלי סולימאן,label_propagation,11,7
אוהד_שחר,אוהד שחר,label_propagation,11,7
קלרה_ח'ורי,קלרה ח'ורי,label_propagation,11,7
היאם_עבאס,היאם עבאס,label_propagation,11,7
מכרם_ח'ורי,מכרם ח'ורי,label_propagation,11,7
__name__:איגור אובלוזה,איגור אובלוזה,label_propagation,12,3
__name__:דוד מזרחי,דוד מזרחי,label_propagation,12,3
גבריאל_לוין,גבריאל לוין,label_propagation,12,3
צופית_גרנט,צופית גרנט,label_propagation,13,4
ברוך_ברנר,ברוך ברנר,label_propagation,13,4
עמנואל_הלפרין,עמנואל הלפרין,label_propagation,13,4
דניאלה_קרטס,דניאלה קרטס,label_propagation,13,4
עידן_ברקאי,עידן ברקאי,label_propagation,14,5
בר_מיניאלי,בר מיניאלי,label_propagation,14,5
מיכה_סלקטר,מיכה סלקטר,label_propagation,14,5
__name__:יואב סעדיאן רוזנברג,יואב סעדיאן רוזנברג,label_propagation,14,5
נתי_קלוגר,נתי קלוגר,label_propagation,14,5
אדם_הירש,אדם הירש,label_propagation,15,13
נטע_מורן,נטע מורן,label_propagation,15,13
לוסי_דובינצ'יק,לוסי דובינצ'יק,label_propagation,15,13
עמוס_שוב,עמוס שוב,label_propagation,15,13
__name__:עמוס גיתאי,עמוס גיתאי,label_propagation,15,13
ריקי_גל,ריקי גל,label_propagation,15,13
יפתח_אופיר,יפתח אופיר,label_propagation,15,13
חנה_מרון,חנה מרון,label_propagation,15,13
טינקרבל,טינקרבל,label_propagation,15,13
נועה_מימן,נועה מימן,label_propagation,15,13
רבקה_נוימן,רבקה נוימן,label_propagation,15,13
אסי_דיין,אסי דיין,label_propagation,15,13
__name__:חליל אלוהב,חליל אלוהב,label_propagation,15,13
דנה_אברהם-סמו,דנה אברהם-סמו,label_propagation,16,54
אוולין_הגואל,אוולין הגואל,label_propagation,16,54
ראידה_אדון,ראידה אדון,label_propagation,16,54
עפר_שכטר,עפר שכטר,label_propagation,16,54
צחי_נוי,צחי נוי,label_propagation,16,54
שלום_אסייג,שלום אסייג,label_propagation,16,54
הרצל_טובי,הרצל טובי,label_propagation,16,54
דניאל_סוויסה,דניאל סוויסה,label_propagation,16,54
יפית_אסולין,יפית אסולין,label_propagation,16,54
לינור_אברג'יל,לינור אברג'יל,label_propagation,16,54
אברהם_סלקטר,אברהם סלקטר,label_propagation,16,54
אורנה_בנאי,אורנה בנאי,label_propagation,16,54
מוריס_כהן_(שחקן),מוריס כהן,label_propagation,16,54
עינת_שרוף,עינת שרוף,label_propagation,16,54
דניאל_אסייג,דניאל אסייג,label_propagation,16,54
יפה_לוי,יפה לוי,label_propagation,16,54
__name__:ענבל גלאם,ענבל גלאם,label_propagation,16,54
סימון_אבקריאן,סימון אבקריאן,label_propagation,16,54
שרונה_אלימלך,שרונה אלימלך,label_propagation,16,54
שלומי_קוריאט,שלומי קוריאט,label_propagation,16,54
דובר_קוסאשווילי,דובר קוסאשווילי,label_propagation,16,54
ישראל_אטיאס,ישראל אטיאס,label_propagation,16,54
ירון_לוי_סבג,ירון לוי סבג,label_propagation,16,54
אלכסנדר_סנדרוביץ',אלכסנדר סנדרוביץ',label_propagation,16,54
יוסי_וידר,יוסי וידר,label_propagation,16,54
לבן_סגינשווילי,לבן סגינשווילי,label_propagation,16,54
אריק_משעלי,אריק משעלי,label_propagation,16,54
__name__:לירז עוזרי,לירז עוזרי,label_propagation,16,54
__name__:שושה גור,שושה גור,label_propagation,16,54
__name__:מאיה ורדזאולי,מאיה ורדזאולי,label_propagation,16,54
__name__:מלאני למברסקי,מלאני למברסקי,label_propagation,16,54
__name__:שרון צוקרמן,שרון צוקרמן,label_propagation,16,54
יצחק_נאמן,יצחק נאמן,label_propagation,16,54
חיים_זנאתי,חיים זנאתי,label_propagation,16,54
חי_דוידוב,חי דוידוב,label_propagation,16,54
__name__:מישל גוריאשוילי,מישל גוריאשוילי,label_propagation,16,54
רמי_קאשי,רמי קאשי,label_propagation,16,54
עמנואל_הורי,עמנואל הורי,label_propagation,16,54
ריימונד_אבקסיס,ריימונד אבקסיס,label_propagation,16,54
שרון_אלימלך,שרון אלימלך,label_propagation,16,54
שרון_חזיז,שרון חזיז,label_propagation,16,54
__name__:גנגה אליקשוילי,גנגה אליקשוילי,label_propagation,16,54
אוראל_צברי,אוראל צברי,label_propagation,16,54
שרלין_חזיזה,שרלין חזיזה,label_propagation,16,54
טל_מוסרי,טל מוסרי,label_propagation,16,54
__name__:פאטה גוליאשווילי ו,פאטה גוליאשווילי ו,label_propagation,16,54
יגאל_עדיקא,יגאל עדיקא,label_propagation,16,54
גרא_סנדלר,גרא סנדלר,label_propagation,16,54
עדי_הימלבלוי,עדי הימלבלוי,label_propagation,16,54
יגאל_נאור,יגאל נאור,label_propagation,16,54
__name__:יאיר פורטל,יאיר פורטל,label_propagation,16,54
עדי_אלון,עדי אלון,label_propagation,16,54
מוטי_בן_ישי,מוטי בן ישי,label_propagation,16,54
איציק_כהן_(שחקן),איציק כהן,label_propagation,16,54
__name__:אלינור קלוגר,אלינור קלוגר,label_propagation,17,4
יובל_ינאי,יובל ינאי,label_propagation,17,4
הילה_וידור,הילה וידור,label_propagation,17,4
מירב_גרובר,מירב גרובר,label_propagation,17,4
__name__:שרון פרידמן,שרון פרידמן,label_propagation,18,5
נולי_עומר,נולי עומר,label_propagation,18,5
דני_גבע,דני גבע,label_propagation,18,5
טל_קלאי,טל קלאי,label_propagation,18,5
אפרת_אביב,אפרת אביב,label_propagation,18,5
רועי_שגב,רועי שגב,label_propagation,19,12
כרמית_מסילתי,כרמית מסילתי,label_propagation,19,12
יפה_תוסיה_כהן,יפה תוסיה כהן,label_propagation,19,12
איילת_מרגלית,איילת מרגלית,label_propagation,19,12
__name__:דקר אלבז,דקר אלבז,label_propagation,19,12
לני_כהן,לני כהן,label_propagation,19,12
בני_אבני,בני אבני,label_propagation,19,12
נדיה_קוצ'ר,נדיה קוצ'ר,label_propagation,19,12
__name__:ג'רמי פינטו,ג'רמי פינטו,label_propagation,19,12
__name__:הילה קפלן,הילה קפלן,label_propagation,19,12
__name__:דייוויד ששוני,דייוויד ששוני,label_propagation,19,12
חווה_לוי_רוזלסקי,חווה לוי רוזלסקי,label_propagation,19,12
דורון_תבורי,דורון תבורי,label_propagation,20,3
__name__:יובלי ליבני,יובלי ליבני,label_propagation,20,3
__name__:עינב מרקל,עינב מרקל,label_propagation,20,3
__name__:יהודה ברקן,יהודה ברקן,label_propagation,21,1
יקי_רייסנר,יקי רייסנר,label_propagation,22,22
יורם_זק,יורם זק,label_propagation,22,22
אלי_קרן-אסף,אלי קרן-אסף,label_propagation,22,22
גל_פרידמן_(שחקן),גל פרידמן,label_propagation,22,22
__name__:מיכאל גלנסקי,מיכאל גלנסקי,label_propagation,22,22
עמית_מורשת,עמית מורשת,label_propagation,22,22
נועם_אימבר,נועם אימבר,label_propagation,22,22
יואב_רוטמן,יואב רוטמן,label_propagation,22,22
עלי_סלימאן,עלי סלימאן,label_propagation,22,22
שראל_פיטרמן,שראל פיטרמן,label_propagation,22,22
ריימונד_אמסלם,ריימונד אמסלם,label_propagation,22,22
מאור_שוויצר,מאור שוויצר,label_propagation,22,22
נמרוד_הוכנברג,נמרוד הוכנברג,label_propagation,22,22
עמית_רהב,עמית רהב,label_propagation,22,22
נווה_צור,נווה צור,label_propagation,22,22
רועי_אסף,רועי אסף,label_propagation,22,22
ליאנה_עיון,ליאנה עיון,label_propagation,22,22
עומר_נודלמן,עומר נודלמן,label_propagation,22,22
ניב_סולטן,ניב סולטן,label_propagation,22,22
נטע_שפיגלמן,נטע שפיגלמן,label_propagation,22,22
עירית_קפלן,עירית קפלן,label_propagation,22,22
גיא_לואל,גיא לואל,label_propagation,22,22
אורי_גבריאל,אורי גבריאל,label_propagation,23,14
עודד_מנסטר,עודד מנסטר,label_propagation,23,14
__name__:צ'ינו אלמיזרק,צ'ינו אלמיזרק,label_propagation,23,14
אורלי_פרל,אורלי פרל,label_propagation,23,14
צביקה_הדר,צביקה הדר,label_propagation,23,14
ג'וליה_מסלאווי,ג'וליה מסלאווי,label_propagation,23,14
__name__:דקל וקנין,דקל וקנין,label_propagation,23,14
ליאת_אקטע,ליאת אקטע,label_propagation,23,14
אסתי_זקהיים,אסתי זקהיים,label_propagation,23,14
גברי_לוי,גברי לוי,label_propagation,23,14
__name__:אלמוג רוזנו,אלמוג רוזנו,label_propagation,23,14
גבי_דן,גבי דן,label_propagation,23,14
אריה_מוסקונה,אריה מוסקונה,label_propagation,23,14
אופירה_רחמים,אופירה רחמים,label_propagation,23,14
אלה_ארמוני,אלה ארמוני,label_propagation,24,6
גאיה_טראוב,גאיה טראוב,label_propagation,24,6
נוני_גפן,נוני גפן,label_propagation,24,6
דודו_טסה,דודו טסה,label_propagation,24,6
גילת_אנקורי,גילת אנקורי,label_propagation,24,6
דביר_בנדק,דביר בנדק,label_propagation,24,6
מורן_רוזנבלט,מורן רוזנבלט,label_propagation,25,9
נילי_צרויה,נילי צרויה,label_propagation,25,9
רמי_הויברגר,רמי הויברגר,label_propagation,25,9
יעל_טל,יעל טל,label_propagation,25,9
ליאור_דובדבני,ליאור דובדבני,label_propagation,25,9
__name__:נאוה זיו,נאוה זיו,label_propagation,25,9
אילן_קובץ',אילן קובץ',label_propagation,25,9
צח_שפיצן,צח שפיצן,label_propagation,25,9
__name__:ליה ברנט,ליה ברנט,label_propagation,25,9
לירון_לבו,לירון לבו,label_propagation,26,14
עינת_ויצמן,עינת ויצמן,label_propagation,26,14
רוי_מילר,רוי מילר,label_propagation,26,14
מרדכי_שפיגלר,מרדכי שפיגלר,label_propagation,26,14
נתן_זהבי,נתן זהבי,label_propagation,26,14
יצחק_חזקיה,יצחק חזקיה,label_propagation,26,14
גדליה_בסר,גדליה בסר,label_propagation,26,14
יוגב_יפת,יוגב יפת,label_propagation,26,14
דליה_שימקו,דליה שימקו,label_propagation,26,14
מאיה_מרון,מאיה מרון,label_propagation,26,14
אלדד_פריבס,אלדד פריבס,label_propagation,26,14
אורי_גוטליב,אורי גוטליב,label_propagation,26,14
עידית_צור,עידית צור,label_propagation,26,14
__name__:יפית שלו,יפית שלו,label_propagation,26,14
עדי_עזרוני,עדי עזרוני,label_propagation,27,11
עומר_ברנע,עומר ברנע,label_propagation,27,11
הילה_רוח,הילה רוח,label_propagation,27,11
דור_פלס,דור פלס,label_propagation,27,11
טלי_שרון,טלי שרון,label_propagation,27,11
__name__:יבגני מוליבוגה,יבגני מוליבוגה,label_propagation,27,11
__name__:סימור דניאל,סימור דניאל,label_propagation,27,11
הדס_ירון,הדס ירון,label_propagation,27,11
טליה_ברטפלד,טליה ברטפלד,label_propagation,27,11
__name__:קוסטה קפלן,קוסטה קפלן,label_propagation,27,11
__name__:מעיין תורג'מן,מעיין תורג'מן,label_propagation,27,11
יאנה_יוסף,יאנה יוסף,label_propagation,28,9
אילנית_לוי,אילנית לוי,label_propagation,28,9
הדר_לוי,הדר לוי,label_propagation,28,9
אליענה_בקייר,אליענה בקייר,label_propagation,28,9
מיכל_אמדורסקי,מיכל אמדורסקי,label_propagation,28,9
פנינה_רוזנבלום,פנינה רוזנבלום,label_propagation,28,9
אמירה_בוזגלו,אמירה בוזגלו,label_propagation,28,9
אנה_ארונוב,אנה ארונוב,label_propagation,28,9
אורית_פוקס,אורית פוקס,label_propagation,28,9
מוסקו_אלקלעי,מוסקו אלקלעי,label_propagation,29,6
אבי_פניני,אבי פניני,label_propagation,29,6
גבי_עמרני,גבי עמרני,label_propagation,29,6
חוה_אלברשטיין,חוה אלברשטיין,label_propagation,29,6
יונה_עטרי,יונה עטרי,label_propagation,29,6
ז'רמן_אוניקובסקי,ז'רמן אוניקובסקי,label_propagation,29,6
__name__:דידי פייר,דידי פייר,label_propagation,30,1
ערן_איוניר,ערן איוניר,label_propagation,31,7
__name__:מאיר דסה,מאיר דסה,label_propagation,31,7
__name__:חנוך וובה,חנוך וובה,label_propagation,31,7
__name__:טטנה כבדה אספה,טטנה כבדה אספה,label_propagation,31,7
נצנת_מקונן,נצנת מקונן,label_propagation,31,7
__name__:אימוס איינו,אימוס איינו,label_propagation,31,7
__name__:אילן חזן,אילן חזן,label_propagation,31,7
דן_תורן,דן תורן,label_propagation,32,5
אסתר_רדא,אסתר רדא,label_propagation,32,5
__name__:אבי שניידמן,אבי שניידמן,label_propagation,32,5
שרית_לארי,שרית לארי,label_propagation,32,5
אגם_רודברג,אגם רודברג,label_propagation,32,5
דב_גליקמן,דב גליקמן,label_propagation,33,4
__name__:תמיר ביידר,תמיר ביידר,label_propagation,33,4
אבי_קושניר,אבי קושניר,label_propagation,33,4
תומר_שחורי,תומר שחורי,label_propagation,33,4
רותם_קינן,רותם קינן,label_propagation,34,13
יותם_קושניר,יותם קושניר,label_propagation,34,13
__name__:נועם שנהב,נועם שנהב,label_propagation,34,13
גיל_וייס,גיל וייס,label_propagation,34,13
__name__:ספיר יוסף,ספיר יוסף,label_propagation,34,13
יעל_שטולמן,יעל שטולמן,label_propagation,34,13
יון_תומרקין,יון תומרקין,label_propagation,34,13
ידין_גלמן,ידין גלמן,label_propagation,34,13
__name__:אודי קנבל,אודי קנבל,label_propagation,34,13
עמית_פרקש,עמית פרקש,label_propagation,34,13
אורנה_כץ,אורנה כץ,label_propagation,34,13
דור_הררי,דור הררי,label_propagation,34,13
דניאל_ליטמן,דניאל ליטמן,label_propagation,34,13
יואב_דונט,יואב דונט,label_propagation,35,6
__name__:ליאור סורוקה,ליאור סורוקה,label_propagation,35,6
עזרא_דגן,עזרא דגן,label_propagation,35,6
ציון_אשכנזי,ציון אשכנזי,label_propagation,35,6
תמר_אלקן,תמר אלקן,label_propagation,35,6
יעקב_בודו,יעקב בודו,label_propagation,35,6
נעמה_אמית,נעמה אמית,label_propagation,36,7
__name__:נל ברלו,נל ברלו,label_propagation,36,7
__name__:ניתאי גבירץ,ניתאי גבירץ,label_propagation,36,7
יותם_ישי,יותם ישי,label_propagation,36,7
הילי_ילון,הילי ילון,label_propagation,36,7
אינה_בקלמן,אינה בקלמן,label_propagation,36,7
__name__:ג'ו סינדויג'ה,ג'ו סינדויג'ה,label_propagation,36,7
דניאל_סבג,דניאל סבג,label_propagation,37,9
מורין_אמור,מורין אמור,label_propagation,37,9
אלינור_סלע,אלינור סלע,label_propagation,37,9
תיקי_דיין,תיקי דיין,label_propagation,37,9
יואב_לוי,יואב לוי,label_propagation,37,9
רבקה_בכר,רבקה בכר,label_propagation,37,9
ערן_מור,ערן מור,label_propagation,37,9
עידית_טפרסון,עידית טפרסון,label_propagation,37,9
יעל_לבנטל,יעל לבנטל,label_propagation,37,9
__name__:אורנלה בס,אורנלה בס,label_propagation,38,5
__name__:רועי אסף,רועי אסף,label_propagation,38,5
__name__:מיכל זיס,מיכל זיס,label_propagation,38,5
שלומי_ארבע,שלומי ארבע,label_propagation,38,5
יעקב_כהן_(שחקן),יעקב כהן,label_propagation,38,5
__name__:ריקי רייף סיני,ריקי רייף סיני,label_propagation,39,3
__name__:אורי אבינועם,אורי אבינועם,label_propagation,39,3
בן_סולטן,בן סולטן,label_propagation,39,3
__name__:אליה סולימאן,אליה סולימאן,label_propagation,40,1
__name__:אמיתי אשכנזי,אמיתי אשכנזי,label_propagation,41,3
__name__:יפעת ברסי,יפעת ברסי,label_propagation,41,3
__name__:אורן בלנגה,אורן בלנגה,label_propagation,41,3
__name__:ראובן טדורס,ראובן טדורס,label_propagation,42,12
מוריה_אקונס,מוריה אקונס,label_propagation,42,12
אקו_(ראפרית),אקו מורגנשטרן,label_propagation,42,12
איציק_פצצתי,איציק פצצתי,label_propagation,42,12
טל_טירנגל,טל טירנגל,label_propagation,42,12
פלד_(ראפר),פלד,label_propagation,42,12
סימה_ברמי,סימה ברמי,label_propagation,42,12
__name__:עמית אולמן,עמית אולמן,label_propagation,42,12
אלון_נוימן,אלון נוימן,label_propagation,42,12
__name__:עומר הברון,עומר הברון,label_propagation,42,12
עידן_אלתרמן,עידן אלתרמן,label_propagation,42,12
טונה_(ראפר),טונה,label_propagation,42,12
סטיבן_דורף,סטיבן דורף,label_propagation,43,3
לואי_נופי,לואי נופי,label_propagation,43,3
עבדאללה_עקל,עבדאללה עקל,label_propagation,43,3
__name__:תמר זובידה,תמר זובידה,label_propagation,44,9
יסמין_עיון,יסמין עיון,label_propagation,44,9
__name__:דניאל קיציס,דניאל קיציס,label_propagation,44,9
תומר_חמד,תומר חמד,label_propagation,44,9
מתי_סרי,מתי סרי,label_propagation,44,9
רעות_אלוש,רעות אלוש,label_propagation,44,9
תאופיק_ברהום,תאופיק ברהום,label_propagation,44,9
__name__:שוהן ישורון,שוהן ישורון,label_propagation,44,9
מור_חן,מור חן,label_propagation,44,9
גורי_אלפי,גורי אלפי,label_propagation,45,15
דניאל_גל,דניאל גל,label_propagation,45,15
מעיין_בלום,מעיין בלום,label_propagation,45,15
__name__:רמי דוידוף,רמי דוידוף,label_propagation,45,15
משה_אשכנזי_(שחקן),משה אשכנזי,label_propagation,45,15
אביב_אלוש,אביב אלוש,label_propagation,45,15
עדי_חבשוש,עדי חבשוש,label_propagation,45,15
ליאור_אשכנזי,ליאור אשכנזי,label_propagation,45,15
אבשלום_פולק,אבשלום פולק,label_propagation,45,15
קובי_פרג',קובי פרג',label_propagation,45,15
גיה_באר_גורביץ',גיה באר גורביץ',label_propagation,45,15
שני_קליין,שני קליין,label_propagation,45,15
דינה_סנדרסון,דינה סנדרסון,label_propagation,45,15
__name__:יבגני אורלוב,יבגני אורלוב,label_propagation,45,15
אולג_לוין,אולג לוין,label_propagation,45,15
אודי_ואביעד,אודי ואביעד,label_propagation,46,12
חיים_אוסדון,חיים אוסדון,label_propagation,46,12
מאיר_סוויסה,מאיר סוויסה,label_propagation,46,12
עודד_פז,עודד פז,label_propagation,46,12
לירית_בלבן,לירית בלבן,label_propagation,46,12
שי_ורועי,שי ורועי,label_propagation,46,12
יהורם_גאון,יהורם גאון,label_propagation,46,12
יובל_שם-טוב,יובל שם-טוב,label_propagation,46,12
__name__:שון גיטלמן,שון גיטלמן,label_propagation,46,12
רבקה_מיכאלי,רבקה מיכאלי,label_propagation,46,12
__name__:יובל גל,יובל גל,label_propagation,46,12
שמוליק_לוי,שמוליק לוי,label_propagation,46,12
עלמה_זק,עלמה זק,label_propagation,47,18
אוהד_קנולר,אוהד קנולר,label_propagation,47,18
טל_פרידמן,טל פרידמן,label_propagation,47,18
__name__:יניב מויאל,יניב מויאל,label_propagation,47,18
מריאנו_אידלמן,מריאנו אידלמן,label_propagation,47,18
יעל_פרל_בקר,יעל פרל בקר,label_propagation,47,18
גל_גדות,גל גדות,label_propagation,47,18
יהודה_לוי_(שחקן),יהודה לוי,label_propagation,47,18
איה_קורן,איה קורן,label_propagation,47,18
אסי_כהן,אסי כהן,label_propagation,47,18
חני_פירסטנברג,חני פירסטנברג,label_propagation,47,18
__name__:עמרי גבעון,עמרי גבעון,label_propagation,47,18
שרון_רג'יניאנו,שרון רג'יניאנו,label_propagation,47,18
דב_נבון,דב נבון,label_propagation,47,18
אלי_פיניש,אלי פיניש,label_propagation,47,18
ארז_כהנא,ארז כהנא,label_propagation,47,18
יובל_סמו,יובל סמו,label_propagation,47,18
מאור_כהן,מאור כהן,label_propagation,47,18
איילת_זורר,איילת זורר,label_propagation,48,9
גילי_שושן,גילי שושן,label_propagation,48,9
אלון_דהן_(שחקן),אלון דהן,label_propagation,48,9
יחזקאל_לזרוב,יחזקאל לזרוב,label_propagation,48,9
שבתאי_קונורטי,שבתאי קונורטי,label_propagation,48,9
__name__:ענבר סוירפמן,ענבר סוירפמן,label_propagation,48,9
ערן_בן_זאב,ערן בן זאב,label_propagation,48,9
יובל_זמיר,יובל זמיר,label_propagation,48,9
אורנה_פורת,אורנה פורת,label_propagation,48,9
__name__:ארקדיוש יקוביק,ארקדיוש יקוביק,label_propagation,49,3
__name__:מרטין אוגובו,מרטין אוגובו,label_propagation,49,3
__name__:קתז'ינה לוביק,קתז'ינה לוביק,label_propagation,49,3
מיכל_בת-אדם,מיכל בת-אדם,label_propagation,50,1
תומאס_ג'יין,תומאס ג'יין,label_propagation,51,2
סמנתה_מורטון,סמנתה מורטון,label_propagation,51,2
הגר_בן_אשר,הגר בן אשר,label_propagation,52,3
__name__:עדי אבן טוב,עדי אבן טוב,label_propagation,52,3
דורי_בן_זאב,דורי בן זאב,label_propagation,52,3
__name__:צח כהן,צח כהן,label_propagation,53,1
__name__:תמרה סמסונוב,תמרה סמסונוב,label_propagation,54,3
__name__:מקסים צ'רניך,מקסים צ'רניך,label_propagation,54,3
__name__:מישקה זילברשטיין,מישקה זילברשטיין,label_propagation,54,3
זאב_רווח,זאב רווח,label_propagation,55,17
__name__:אנט כהן,אנט כהן,label_propagation,55,17
__name__:מיטל פארן,מיטל פארן,label_propagation,55,17
__name__:איציק זוהר,איציק זוהר,label_propagation,55,17
__name__:לאה שנירר,לאה שנירר,label_propagation,55,17
__name__:איתי בוזגלו,איתי בוזגלו,label_propagation,55,17
שמואל_קלדרון,שמואל קלדרון,label_propagation,55,17
__name__:יוגב קינן,יוגב קינן,label_propagation,55,17
__name__:אורלי טובלי פולק,אורלי טובלי פולק,label_propagation,55,17
נטשה_מנור,נטשה מנור,label_propagation,55,17
__name__:אקסל אזולאי,אקסל אזולאי,label_propagation,55,17
אלברט_אילוז,אלברט אילוז,label_propagation,55,17
מייקל_לואיס_(דוגמן),מייקל לואיס,label_propagation,55,17
ליז_רביאן,ליז רביאן,label_propagation,55,17
__name__:ג'נט סבג,ג'נט סבג,label_propagation,55,17
ישראל_דמידוב,ישראל דמידוב,label_propagation,55,17
הילה_סעדה,הילה סעדה,label_propagation,55,17
__name__:ג'וליה סמסון,ג'וליה סמסון,label_propagation,56,13
פולי_רשף,פולי רשף,label_propagation,56,13
דר_זוזובסקי,דר זוזובסקי,label_propagation,56,13
אקי_אבני,אקי אבני,label_propagation,56,13
__name__:ג'וש פייס,ג'וש פייס,label_propagation,56,13
ליאל_דניר,ליאל דניר,label_propagation,56,13
שירה_קצנלנבוגן,שירה קצנלנבוגן,label_propagation,56,13
__name__:סרין סאנוסיאן,סרין סאנוסיאן,label_propagation,56,13
__name__:קתרינה ולסנקו,קתרינה ולסנקו,label_propagation,56,13
גיא_אדלר_(שחקן),גיא אדלר,label_propagation,56,13
עוז_זהבי,עוז זהבי,label_propagation,56,13
יעל_שרוני,יעל שרוני,label_propagation,56,13
נורמן_עיסא,נורמן עיסא,label_propagation,56,13
__name__:יאיר נשר,יאיר נשר,label_propagation,57,2
רות_פרחי,רות פרחי,label_propagation,57,2
__name__:מורן לולו,מורן לולו,label_propagation,58,4
__name__:דור בן אלישע,דור בן אלישע,label_propagation,58,4
רפי_רותם,רפי רותם,label_propagation,58,4
__name__:נופר אוחיון,נופר אוחיון,label_propagation,58,4
__name__:נופר אלדיס,נופר אלדיס,label_propagation,59,7
__name__:מוראד חסן,מוראד חסן,label_propagation,59,7
__name__:פיני גואטה,פיני גואטה,label_propagation,59,7
מעין_וינשטוק,מעין וינשטוק,label_propagation,59,7
__name__:ניר ברק,ניר ברק,label_propagation,59,7
מעיין_לאוב,מעיין לאוב,label_propagation,59,7
דנה_לרר,דנה לרר,label_propagation,59,7
__name__:בן ציון,בן ציון,label_propagation,60,2
יהודה_ברקן,יהודה ברקן,label_propagation,60,2
יעל_הדר,יעל הדר,label_propagation,61,13
נועה_קנולר,נועה קנולר,label_propagation,61,13
ליא_קניג,ליא קניג,label_propagation,61,13
__name__:אדם צקמן,אדם צקמן,label_propagation,61,13
יאיר_לפיד,יאיר לפיד,label_propagation,61,13
הנרי_דוד,הנרי דוד,label_propagation,61,13
סשה_אגרונוב,סשה אגרונוב,label_propagation,61,13
__name__:סמירה סארייה,סמירה סארייה,label_propagation,61,13
זהרירה_חריפאי,זהרירה חריפאי,label_propagation,61,13
__name__:גל זייד,גל זייד,label_propagation,61,13
__name__:משי אולינסקי,משי אולינסקי,label_propagation,61,13
שרה_אדלר,שרה אדלר,label_propagation,61,13
דלית_קהן,דלית קהן,label_propagation,61,13
מארק_אליהו,מארק אליהו,label_propagation,62,19
__name__:ליאם גולן,ליאם גולן,label_propagation,62,19
אלעד_צפני,אלעד צפני,label_propagation,62,19
__name__:חיים שועי,חיים שועי,label_propagation,62,19
יוסף_שילוח,יוסף שילוח,label_propagation,62,19
אביבה_נגוסה,אביבה נגוסה,label_propagation,62,19
ירון_ברלד,ירון ברלד,label_propagation,62,19
__name__:קובי סויסה,קובי סויסה,label_propagation,62,19
ניר_לוי,ניר לוי,label_propagation,62,19
רז_זהבי,רז זהבי,label_propagation,62,19
__name__:.,.,label_propagation,62,19
זהר_ליבה,זהר ליבה,label_propagation,62,19
אורי_ברויר,אורי ברויר,label_propagation,62,19
אדר_גולד,אדר גולד,label_propagation,62,19
מאיה_בוסקילה,מאיה בוסקילה,label_propagation,62,19
דין_מירושניקוב,דין מירושניקוב,label_propagation,62,19
__name__:פרפילאב מונגוזה,פרפילאב מונגוזה,label_propagation,62,19
שייע_פייגנבוים,שייע פייגנבוים,label_propagation,62,19
ג'ובאני_רוסו,ג'ובאני רוסו,label_propagation,62,19
פלורנס_בלוך,פלורנס בלוך,label_propagation,63,11
איתי_זבולון_(שחקן),איתי זבולון,label_propagation,63,11
ליטל_שוורץ,ליטל שוורץ,label_propagation,63,11
מאור_לוי_(שחקן),מאור לוי,label_propagation,63,11
ששון_גבאי,ששון גבאי,label_propagation,63,11
אסי_לוי,אסי לוי,label_propagation,63,11
אגם_אוזלבו,אגם אוזלבו,label_propagation,63,11
שאדי_מרעי,שאדי מרעי,label_propagation,63,11
אסף_בן_שמעון,אסף בן שמעון,label_propagation,63,11
רותם_זיסמן-כהן,רותם זיסמן-כהן,label_propagation,63,11
לבנה_פינקלשטיין,לבנה פינקלשטיין,label_propagation,63,11
נעמי_לבוב,נעמי לבוב,label_propagation,64,5
אושרי_כהן,אושרי כהן,label_propagation,64,5
אבי_דנגור,אבי דנגור,label_propagation,64,5
רוני_דלומי,רוני דלומי,label_propagation,64,5
אריה_אליאס,אריה אליאס,label_propagation,64,5
תומר_שרון,תומר שרון,label_propagation,65,6
אורן_שבו,אורן שבו,label_propagation,65,6
אורלי_בן-גרטי,אורלי בן-גרטי,label_propagation,65,6
דני_שטג,דני שטג,label_propagation,65,6
גל_לב,גל לב,label_propagation,65,6
סמי_הורי,סמי הורי,label_propagation,65,6
אסתי_ירושלמי,אסתי ירושלמי,label_propagation,66,4
שמוליק_קראוס,שמוליק קראוס,label_propagation,66,4
__name__:דורון צברי,דורון צברי,label_propagation,66,4
אריק_קנלר,אריק קנלר,label_propagation,66,4
עליזה_רוזן,עליזה רוזן,label_propagation,67,3
רפי_תבור,רפי תבור,label_propagation,67,3
אילן_דר,אילן דר,label_propagation,67,3
דרק_ג'קובי,דרק ג'קובי,label_propagation,68,3
וילם_דפו,וילם דפו,label_propagation,68,3
ג'ף_גולדבלום,ג'ף גולדבלום,label_propagation,68,3
__name__:תומר שטיינהוף,תומר שטיינהוף,label_propagation,69,10
רונית_יודקביץ',רונית יודקביץ',label_propagation,69,10
__name__:גלי בן נר,גלי בן נר,label_propagation,69,10
__name__:אמיר פלדמן,אמיר פלדמן,label_propagation,69,10
שי_אביבי,שי אביבי,label_propagation,69,10
__name__:סמדי וולפמן,סמדי וולפמן,label_propagation,69,10
שרדי_ג'בארין,שרדי ג'בארין,label_propagation,69,10
שרון_זליקובסקי,שרון זליקובסקי,label_propagation,69,10
תומר_קפון,תומר קפון,label_propagation,69,10
בר_רפאלי,בר רפאלי,label_propagation,69,10
פרנקו_נרו,פרנקו נרו,label_propagation,70,2
אשר_צרפתי,אשר צרפתי,label_propagation,70,2
מילי_אביטל,מילי אביטל,label_propagation,71,3
דנה_דבורין,דנה דבורין,label_propagation,71,3
__name__:דן תורג'מן,דן תורג'מן,label_propagation,71,3
__name__:דני יגיל,דני יגיל,label_propagation,72,15
רן_יגיל,רן יגיל,label_propagation,72,15
אמיר_דוליצקי,אמיר דוליצקי,label_propagation,72,15
אלון_דהן,אלון דהן,label_propagation,72,15
__name__:אבי בירנבאום,אבי בירנבאום,label_propagation,72,15
__name__:אוהד הול,אוהד הול,label_propagation,72,15
מרים_זוהר,מרים זוהר,label_propagation,72,15
דבורה_קידר,דבורה קידר,label_propagation,72,15
גדי_יגיל,גדי יגיל,label_propagation,72,15
יוסי_קאנץ,יוסי קאנץ,label_propagation,72,15
אתי_גרוטס,אתי גרוטס,label_propagation,72,15
__name__:דן קיזלר,דן קיזלר,label_propagation,72,15
תמר_קינן,תמר קינן,label_propagation,72,15
יונתן_בר-אור_(1981),יונתן בר-אור,label_propagation,72,15
עודד_תאומי,עודד תאומי,label_propagation,72,15
__name__:אליה ענבר,אליה ענבר,label_propagation,73,2
גור_בנטביץ',גור בנטביץ',label_propagation,73,2
ירון_מוטולה,ירון מוטולה,label_propagation,74,12
עופר_חיון,עופר חיון,label_propagation,74,12
ולדימיר_פרידמן,ולדימיר פרידמן,label_propagation,74,12
צחי_גראד,צחי גראד,label_propagation,74,12
אסנת_פישמן,אסנת פישמן,label_propagation,74,12
יעל_טוקר,יעל טוקר,label_propagation,74,12
__name__:ראובן בדלוב,ראובן בדלוב,label_propagation,74,12
מיכאלה_עשת,מיכאלה עשת,label_propagation,74,12
משה_פרסטר,משה פרסטר,label_propagation,74,12
דורית_לב_ארי,דורית לב ארי,label_propagation,74,12
סיגלית_פוקס,סיגלית פוקס,label_propagation,74,12
יואב_הייט,יואב הייט,label_propagation,74,12
אריאל_זילבר,אריאל זילבר,label_propagation,75,1
נטלי_פורטמן,נטלי פורטמן,label_propagation,76,3
גלעד_כהנא,גלעד כהנא,label_propagation,76,3
אמיר_טסלר,אמיר טסלר,label_propagation,76,3
חיים_בנאי,חיים בנאי,label_propagation,77,6
איצ'ו_אביטל,איצ'ו אביטל,label_propagation,77,6
אווה_חדד,אווה חדד,label_propagation,77,6
ברוך_דוד,ברוך דוד,label_propagation,77,6
__name__:הגר בן-אשר,הגר בן-אשר,label_propagation,77,6
__name__:גיא גארנר,גיא גארנר,label_propagation,77,6
משי_קלינשטיין,משי קלינשטיין,label_propagation,78,7
תום_אבני,תום אבני,label_propagation,78,7
אלישע_בנאי,אלישע בנאי,label_propagation,78,7
ג'וי_ריגר,ג'וי ריגר,label_propagation,78,7
נטע_רוט,נטע רוט,label_propagation,78,7
עלא_דקה,עלא דקה,label_propagation,78,7
אמיר_ח'ורי,אמיר ח'ורי,label_propagation,78,7
נלי_תגר,נלי תגר,label_propagation,79,9
__name__:ז'וזפין דראי,ז'וזפין דראי,label_propagation,79,9
__name__:גיא קפולניק,גיא קפולניק,label_propagation,79,9
בת_אל_מוסרי,בת אל מוסרי,label_propagation,79,9
__name__:דן דויטש,דן דויטש,label_propagation,79,9
עידו_תדמור,עידו תדמור,label_propagation,79,9
שרון_שטרק,שרון שטרק,label_propagation,79,9
__name__:תמר ירושלמי,תמר ירושלמי,label_propagation,79,9
אנחל_בונני,אנחל בונני,label_propagation,79,9
אוולין_קפלון,אוולין קפלון,label_propagation,80,2
אבי_אוריה,אבי אוריה,label_propagation,80,2
נינה_קוטלר,נינה קוטלר,label_propagation,81,7
שמיל_בן-ארי,שמיל בן-ארי,label_propagation,81,7
__name__:חיים בוזגלו,חיים בוזגלו,label_propagation,81,7
גילי_סער,גילי סער,label_propagation,81,7
עמוס_לביא,עמוס לביא,label_propagation,81,7
סמדר_קילצ'ינסקי,סמדר קילצ'ינסקי,label_propagation,81,7
רובי_פורת_שובל,רובי פורת שובל,label_propagation,81,7
__name__:עידן ברדך,עידן ברדך,label_propagation,82,2
יונתן_צ'רצ'י,יונתן צ'רצ'י,label_propagation,82,2
גליה_ישי,גליה ישי,label_propagation,83,4
אילנית_בן-יעקב,אילנית בן-יעקב,label_propagation,83,4
יונה_אליאן,יונה אליאן,label_propagation,83,4
מוחמד_בכרי,מוחמד בכרי,label_propagation,83,4
ישראל_אוגלבו,ישראל אוגלבו,label_propagation,84,6
__name__:רז מזרחי,רז מזרחי,label_propagation,84,6
עומר_חזן,עומר חזן,label_propagation,84,6
רני_בלייר,רני בלייר,label_propagation,84,6
טיילור_מלכוב,טיילור מלכוב,label_propagation,84,6
__name__:נאור ואטורי,נאור ואטורי,label_propagation,84,6
יוסי_פולק,יוסי פולק,label_propagation,85,2
מלאני_פרס,מלאני פרס,label_propagation,85,2
__name__:יוסי אולו,יוסי אולו,label_propagation,86,3
__name__:סילביה דרורי,סילביה דרורי,label_propagation,86,3
אתל_קובינסקה,אתל קובינסקה,label_propagation,86,3
__name__:נועם קפלן,נועם קפלן,label_propagation,87,3
__name__:יותם אביבי,יותם אביבי,label_propagation,87,3
דני_קליין,דני קליין,label_propagation,87,3
__name__:נדיה טיכונובה,נדיה טיכונובה,label_propagation,88,8
__name__:עמית מושקוביץ,עמית מושקוביץ,label_propagation,88,8
אלונה_איב,אלונה איב,label_propagation,88,8
שירה_האס,שירה האס,label_propagation,88,8
__name__:עדן חלילי,עדן חלילי,label_propagation,88,8
__name__:יונתן שיראי,יונתן שיראי,label_propagation,88,8
__name__:אור ברק,אור ברק,label_propagation,88,8
__name__:תמיר מולא,תמיר מולא,label_propagation,88,8
סמי_סמיר,סמי סמיר,label_propagation,89,2
__name__:טטיאנה בלכר,טטיאנה בלכר,label_propagation,89,2
ניקי_גולדשטיין,ניקי גולדשטיין,label_propagation,90,3
__name__:אלעד סטפנסקי,אלעד סטפנסקי,label_propagation,90,3
עידו_לב,עידו לב,label_propagation,90,3
נוה_צור,נוה צור,label_propagation,91,14
דניאל_גד,דניאל גד,label_propagation,91,14
אלי_אילדיס,אלי אילדיס,label_propagation,91,14
אליאנה_תדהר,אליאנה תדהר,label_propagation,91,14
נאיה_בינשטוק,נאיה בינשטוק,label_propagation,91,14
אורי_פפר,אורי פפר,label_propagation,91,14
שירן_סנדל,שירן סנדל,label_propagation,91,14
עדן_סבן,עדן סבן,label_propagation,91,14
קווין_רובין,קווין רובין,label_propagation,91,14
נדב_גדג',נדב גדג',label_propagation,91,14
תובל_שפיר,תובל שפיר,label_propagation,91,14
רותם_סלע,רותם סלע,label_propagation,91,14
דניאל_מורשת,דניאל מורשת,label_propagation,91,14
אביגיל_אריאלי,אביגיל אריאלי,label_propagation,91,14
איתמר_רוטשילד,איתמר רוטשילד,label_propagation,92,4
יניב_ביטון,יניב ביטון,label_propagation,92,4
אניה_בוקשטיין,אניה בוקשטיין,label_propagation,92,4
__name__:עירית גדרון,עירית גדרון,label_propagation,92,4
__name__:מיכאל פלמן,מיכאל פלמן,label_propagation,93,2
אתי_אנקרי,אתי אנקרי,label_propagation,93,2
שרון_הכהן-בר,שרון הכהן-בר,label_propagation,94,2
גיל_ססובר,גיל ססובר,label_propagation,94,2
ליה_אללוף,ליה אללוף,label_propagation,95,7
עידו_טאקו,עידו טאקו,label_propagation,95,7
נטע_גרטי,נטע גרטי,label_propagation,95,7
דריה_רוזן,דריה רוזן,label_propagation,95,7
אופק_פסח,אופק פסח,label_propagation,95,7
יעקב_זדה-דניאל,יעקב זדה-דניאל,label_propagation,95,7
לירז_צ'רכי,לירז צ'רכי,label_propagation,95,7
שמואל_אדלמן,שמואל אדלמן,label_propagation,96,2
__name__:אדם אבולעפיה,אדם אבולעפיה,label_propagation,96,2
__name__:אשר אברהמי,אשר אברהמי,label_propagation,97,2
נוויד_נגהבאן,נוויד נגהבאן,label_propagation,97,2
יובל_סגל_(1980),יובל סגל,label_propagation,98,4
אהובה_קרן,אהובה קרן,label_propagation,98,4
__name__:איציק עצמון,איציק עצמון,label_propagation,98,4
שרון_צור,שרון צור,label_propagation,98,4
חני_נחמיאס,חני נחמיאס,label_propagation,99,5
__name__:אור יעקב,אור יעקב,label_propagation,99,5
__name__:אביה ברוש,אביה ברוש,label_propagation,99,5
מיכל_ינאי,מיכל ינאי,label_propagation,99,5
משה_דץ,משה דץ,label_propagation,99,5
ברק_שמיר,ברק שמיר,label_propagation,100,8
__name__:עידן שרוקה,עידן שרוקה,label_propagation,100,8
אנה_זק,אנה זק,label_propagation,100,8
אריה_צ'רנר,אריה צ'רנר,label_propagation,100,8
__name__:שחר כרמל,שחר כרמל,label_propagation,100,8
קובי_מאור,קובי מאור,label_propagation,100,8
אולה_שור-סלקטר,אולה שור-סלקטר,label_propagation,100,8
__name__:עומר דהן,עומר דהן,label_propagation,100,8
אהרן_טרייטל,אהרן טרייטל,label_propagation,101,8
__name__:עמרי פירר,עמרי פירר,label_propagation,101,8
__name__:שני בן חיים,שני בן חיים,label_propagation,101,8
__name__:גור שטיינברג,גור שטיינברג,label_propagation,101,8
עלי_נאסר,עלי נאסר,label_propagation,101,8
ח'ליפה_נאטור,ח'ליפה נאטור,label_propagation,101,8
סאלח_בכרי,סאלח בכרי,label_propagation,101,8
__name__:רונית פלד,רונית פלד,label_propagation,101,8
גיל_דסיאנו_ביטון,גיל דסיאנו ביטון,label_propagation,102,7
משה_פולקנפליק,משה פולקנפליק,label_propagation,102,7
ג'וני_ערביד,ג'וני ערביד,label_propagation,102,7
אלי_אלטוניו,אלי אלטוניו,label_propagation,102,7
ג'יזל_סילבר,ג'יזל סילבר,label_propagation,102,7
איתי_תורג'מן,איתי תורג'מן,label_propagation,102,7
מנואל_אלקסלסי_ורדי,מנואל אלקסלסי ורדי,label_propagation,102,7
__name__:דרמה,דרמה,label_propagation,103,1
אביטל_דיקר,אביטל דיקר,label_propagation,104,3
__name__:דני רוטנברג,דני רוטנברג,label_propagation,104,3
דור_צויגנבום,דור צויגנבום,label_propagation,104,3
__name__:אלי מנשה,אלי מנשה,label_propagation,105,6
__name__:מאיה כהן,מאיה כהן,label_propagation,105,6
__name__:מעין ערמני,מעין ערמני,label_propagation,105,6
__name__:אדם חתוכה פלד,אדם חתוכה פלד,label_propagation,105,6
דורית_לב-ארי,דורית לב-ארי,label_propagation,105,6
שמואל_וילוז'ני,שמואל וילוז'ני,label_propagation,105,6
__name__:הדר דרור,הדר דרור,label_propagation,106,2
__name__:היאלי יוסף זאדה,היאלי יוסף זאדה,label_propagation,106,2
__name__:מחמוד שלבי,מחמוד שלבי,label_propagation,107,3
מקס_אולארצ'יק,מקס אולארצ'יק,label_propagation,107,3
ריף_כהן,ריף כהן,label_propagation,107,3
__name__:מיכל פורס,מיכל פורס,label_propagation,108,2
שמרית_לוסטיג,שמרית לוסטיג,label_propagation,108,2
רוזינה_קמבוס,רוזינה קמבוס,label_propagation,109,2
מארק_איווניר,מארק איווניר,label_propagation,109,2
סיון_נועם_שמעון,סיון נועם שמעון,label_propagation,110,2
__name__:הדס ג'ייד סאקורי,הדס ג'ייד סאקורי,label_propagation,110,2
__name__:איתמר קליגר,איתמר קליגר,label_propagation,111,2
__name__:אור עדי,אור עדי,label_propagation,111,2
מלי_לוי_גרשון,מלי לוי גרשון,label_propagation,112,8
מיכאל_הנגבי,מיכאל הנגבי,label_propagation,112,8
יוסף_סוויד,יוסף סוויד,label_propagation,112,8
איתי_טיראן,איתי טיראן,label_propagation,112,8
__name__:רוני קדר,רוני קדר,label_propagation,112,8
רומי_אבולעפיה,רומי אבולעפיה,label_propagation,112,8
שלמה_בראבא,שלמה בראבא,label_propagation,112,8
רותם_זיסמן_כהן,רותם זיסמן כהן,label_propagation,112,8
אייל_שכטר,אייל שכטר,label_propagation,113,4
יעל_רייך,יעל רייך,label_propagation,113,4
ליאת_גליק,ליאת גליק,label_propagation,113,4
איתי_לב_(במאי),איתי לב,label_propagation,113,4
סלווה_נקארה,סלווה נקארה,label_propagation,114,8
__name__:אדיב ספדי,אדיב ספדי,label_propagation,114,8
בת_חן_סבג,בת חן סבג,label_propagation,114,8
__name__:טארק קופטי,טארק קופטי,label_propagation,114,8
__name__:סאמר קופטי,סאמר קופטי,label_propagation,114,8
תאמר_נפאר,תאמר נפאר,label_propagation,114,8
__name__:סעיד דסוקי,סעיד דסוקי,label_propagation,114,8
מאיסה_עבד_אלהאדי,מאיסה עבד אלהאדי,label_propagation,114,8
רודי_סעדה,רודי סעדה,label_propagation,115,10
הילה_ערן,הילה ערן,label_propagation,115,10
מתן_לקס,מתן לקס,label_propagation,115,10
אלינה_לוי,אלינה לוי,label_propagation,115,10
עמי_אנידג'ר,עמי אנידג'ר,label_propagation,115,10
מולי_שולמן,מולי שולמן,label_propagation,115,10
און_רפאלי,און רפאלי,label_propagation,115,10
נאיה_פדרמן,נאיה פדרמן,label_propagation,115,10
יאיר_ניצני,יאיר ניצני,label_propagation,115,10
דודו_ארז,דודו ארז,label_propagation,115,10
יעל_גרובגלס,יעל גרובגלס,label_propagation,116,2
דניאל_ג'יידלין,דניאל ג'יידלין,label_propagation,116,2
דובי_גל,דובי גל,label_propagation,117,4
מריה_אובנוב,מריה אובנוב,label_propagation,117,4
ניצה_שאול,ניצה שאול,label_propagation,117,4
אורי_בנאי,אורי בנאי,label_propagation,117,4
מיקי_קם,מיקי קם,label_propagation,118,5
גבריאל_עמרי_לוקאס,עומרי לוקאס,label_propagation,118,5
__name__:ניב ניסים,ניב ניסים,label_propagation,118,5
ליהי_קורנובסקי,ליהי קורנובסקי,label_propagation,118,5
__name__:ג'ון בנג'מין היקי,ג'ון בנג'מין היקי,label_propagation,118,5
אייל_נחמיאס,אייל נחמיאס,label_propagation,119,2
חגית_דסברג,חגית דסברג,label_propagation,119,2
לירון_וייסמן,לירון וייסמן,label_propagation,120,8
שלום_מיכאלשווילי,שלום מיכאלשווילי,label_propagation,120,8
אמה_מדינג,אמה מדינג,label_propagation,120,8
ציון_ברוך,ציון ברוך,label_propagation,120,8
אסי_ישראלוף,אסי ישראלוף,label_propagation,120,8
אביה_מלכה,אביה מלכה,label_propagation,120,8
__name__:קרולניה רודריגז נרנג'ו,קרולניה רודריגז נרנג'ו,label_propagation,120,8
דוד_שאול,דוד שאול,label_propagation,120,8
__name__:עלאי אלמודי,עלאי אלמודי,label_propagation,121,5
__name__:שירז אדרי,שירז אדרי,label_propagation,121,5
לוסי_אהריש,לוסי אהריש,label_propagation,121,5
__name__:יונתן להב ויסברג,יונתן להב ויסברג,label_propagation,121,5
שני_כהן,שני כהן,label_propagation,121,5
__name__:דניאל עדן,דניאל עדן,label_propagation,122,2
יוסף_כרמון,יוסף כרמון,label_propagation,122,2
__name__:אלייזה וינטראוב,אלייזה וינטראוב,label_propagation,123,2
__name__:נתן מגד,נתן מגד,label_propagation,123,2
__name__:שולי רנד,שולי רנד,label_propagation,124,3
שאול_מזרחי,שאול מזרחי,label_propagation,124,3
__name__:מיכל רנד,מיכל רנד,label_propagation,124,3
עמי_סמולרצ'יק,עמי סמולרצ'יק,label_propagation,125,5
עידו_מוסרי,עידו מוסרי,label_propagation,125,5
לירון_לב,לירון לב,label_propagation,125,5
שירי_גדני,שירי גדני,label_propagation,125,5
אילן_גנני,אילן גנני,label_propagation,125,5
רוזמונד_פייק,רוזמונד פייק,label_propagation,126,1
אפרת_בוימולד,אפרת בוימולד,label_propagation,127,2
שלמה_בר-שביט,שלמה בר-שביט,label_propagation,127,2
אלון_פרידמן,אלון פרידמן,label_propagation,128,2
דניאלה_וירצר,דניאלה וירצר,label_propagation,128,2
__name__:תיעודי,תיעודי,label_propagation,129,1
זהר_שטראוס,זהר שטראוס,label_propagation,130,3
נינט_טייב,נינט טייב,label_propagation,130,3
אולגה_קורילנקו,אולגה קורילנקו,label_propagation,130,3
__name__:אסי דיין,אסי דיין,label_propagation,131,2
שירה_גפן,שירה גפן,label_propagation,131,2
סנדרה_שדה,סנדרה שדה,label_propagation,132,3
ענת_קלאוזנר,ענת קלאוזנר,label_propagation,132,3
__name__:ענת לירי,ענת לירי,label_propagation,132,3
__name__:רואי אלסברג,רואי אלסברג,label_propagation,133,2
__name__:יהודה אלמגור,יהודה אלמגור,label_propagation,133,2
__name__:מיכה רוזנקיאר,מיכה רוזנקיאר,label_propagation,134,3
__name__:רוי קרניאל,רוי קרניאל,label_propagation,134,3
יואל_רוזנקיאר,יואל רוזנקיאר,label_propagation,134,3
אסף_פרי,אסף פרי,label_propagation,135,4
__name__:אפרת וינטראוב,אפרת וינטראוב,label_propagation,135,4
__name__:צחי סדן,צחי סדן,label_propagation,135,4
מי-רן_מנקס,מי-רן מנקס,label_propagation,135,4
__name__:משה ויידר,משה ויידר,label_propagation,136,5
אפרת_בן_צור,אפרת בן צור,label_propagation,136,5
__name__:שמוליק כהן,שמוליק כהן,label_propagation,136,5
__name__:יואב כורש,יואב כורש,label_propagation,136,5
__name__:מיקה רייס,מיקה רייס,label_propagation,136,5
__name__:רותי לנדאו,רותי לנדאו,label_propagation,137,11
אסיל_פרחאת,אסיל פרחאת,label_propagation,137,11
ג'ואנה_סעיד,ג'ואנה סעיד,label_propagation,137,11
הילה_סורג'ון_פישר,הילה סורג'ון פישר,label_propagation,137,11
מרלן_בג'אלי,מרלן בג'אלי,label_propagation,137,11
יולי_הרגיל-שדה,יולי הרגיל-שדה,label_propagation,137,11
ח'אולה_חאג'-דיבסי,ח'אולה חאג'-דיבסי,label_propagation,137,11
__name__:מוחמד גזאוי,מוחמד גזאוי,label_propagation,137,11
__name__:אורית סמואל,אורית סמואל,label_propagation,137,11
אמל_מורקוס,אמל מורקוס,label_propagation,137,11
__name__:ליאורה לוי,ליאורה לוי,label_propagation,137,11
אבי_נשר,אבי נשר,label_propagation,138,2
חלי_גולדנברג,חלי גולדנברג,label_propagation,138,2
ארז_שפריר,ארז שפריר,label_propagation,139,7
אייל_רוזלס,אייל רוזלס,label_propagation,139,7
__name__:אייל סלמה,אייל סלמה,label_propagation,139,7
אורי_יניב,אורי יניב,label_propagation,139,7
בובי_לקס,בובי לקס,label_propagation,139,7
יהודה_נהרי,יהודה נהרי,label_propagation,139,7
__name__:ג'ורג' אסכנדר,ג'ורג' אסכנדר,label_propagation,139,7
רון_שחר,רון שחר,label_propagation,140,3
לנה_אטינגר,לנה אטינגר,label_propagation,140,3
נבו_קמחי,נבו קמחי,label_propagation,140,3
__name__:ג'ניה צ'רניק,ג'ניה צ'רניק,label_propagation,141,1
__name__:רפאל גרינשטיין,רפאל גרינשטיין,label_propagation,142,8
__name__:הלל שמעון,הלל שמעון,label_propagation,142,8
ישי_לפידות,ישי לפידות,label_propagation,142,8
ששי_גז,ששי גז,label_propagation,142,8
__name__:אסף קליין,אסף קליין,label_propagation,142,8
עמירן_דביר,עמירן דביר,label_propagation,142,8
__name__:ישראל מאיר וולקן,ישראל מאיר וולקן,label_propagation,142,8
ג'וש_שגיא,ג'וש שגיא,label_propagation,142,8
טלי_אורן,טלי אורן,label_propagation,143,3
מיכל_שטמלר,מיכל שטמלר,label_propagation,143,3
פאני_ארדן,פאני ארדן,label_propagation,143,3
אדיר_מילר,אדיר מילר,label_propagation,144,4
אורי_חזקיה,אורי חזקיה,label_propagation,144,4
יובל_שרף,יובל שרף,label_propagation,144,4
אפרת_גוש,אפרת גוש,label_propagation,144,4
סנדי_בר,סנדי בר,label_propagation,145,3
אסף_קורמן,אסף קורמן,label_propagation,145,3
רונלד_זרפלד,רונלד זרפלד,label_propagation,145,3
__name__:גילה אלמגור,גילה אלמגור,label_propagation,146,2
קאיפו_כהן,קאיפו כהן,label_propagation,146,2
יוסוף_אבו_ורדה,יוסוף אבו ורדה,label_propagation,147,3
אביטל_אברג'יל,אביטל אברג'יל,label_propagation,147,3
אורי_אברהמי,אורי אברהמי,label_propagation,147,3
שרה_פון_שוורצה,שרה פון שוורצה,label_propagation,148,8
אורי_בלופרב,אורי בלופרב,label_propagation,148,8
רומי_אבירם,רומי אבירם,label_propagation,148,8
__name__:שרון בראדלי,שרון בראדלי,label_propagation,148,8
__name__:גור יערי,גור יערי,label_propagation,148,8
__name__:נור פיבק,נור פיבק,label_propagation,148,8
גל_מלכה_(שחקנית),גל מלכה,label_propagation,148,8
מיכל_ויינברג,מיכל ויינברג,label_propagation,148,8
בבר_יוקו,בבר יוקו,label_propagation,149,3
__name__:דני חדד,דני חדד,label_propagation,149,3
__name__:אבי סויסה,אבי סויסה,label_propagation,149,3
__name__:גל סלמון,גל סלמון,label_propagation,150,2
עלית_קרייז,עלית קרייז,label_propagation,150,2
__name__:אלכס בכרי,אלכס בכרי,label_propagation,151,2
__name__:ג'ונה סולימאן,ג'ונה סולימאן,label_propagation,151,2
__name__:יחיאל אלקבץ,יחיאל אלקבץ,label_propagation,152,2
__name__:שלומי אבקריאן,שלומי אבקריאן,label_propagation,152,2
אברהם_שלום_לוי,אברהם שלום לוי,label_propagation,153,3
לנה_פרייפלד,לנה פרייפלד,label_propagation,153,3
__name__:דשה טבורוננוביץ',דשה טבורוננוביץ',label_propagation,153,3
__name__:נרונה דה מאסדו קפלן,נרונה דה מאסדו קפלן,label_propagation,154,2
מוקי,מוקי,label_propagation,154,2
שחר_ישי,שחר ישי,label_propagation,155,3
__name__:שחר פרץ,שחר פרץ,label_propagation,155,3
מיכל_מוכתר,מיכל מוכתר,label_propagation,155,3
אסיה_נייפלד,אסיה נייפלד,label_propagation,156,5
__name__:אורן פרג',אורן פרג',label_propagation,156,5
__name__:רפי קלמר,רפי קלמר,label_propagation,156,5
__name__:הילי ישראל,הילי ישראל,label_propagation,156,5
דני_שגב,דני שגב,label_propagation,156,5
יניב_סוויסה,יניב סוויסה,label_propagation,157,4
דניאל_סטיופין,דניאל סטיופין,label_propagation,157,4
אמיר_שורוש,אמיר שורוש,label_propagation,157,4
נועה_קולר,נועה קולר,label_propagation,157,4
דנה_אברמוביץ',דנה ברקוביץ,label_propagation,158,2
אנטולי_בליי,אנטולי בליי,label_propagation,158,2
הלנה_ירלובה,הלנה ירלובה,label_propagation,159,2
אנדריי_קשקר,אנדריי קשקר,label_propagation,159,2
זהבה_בן,זהבה בן,label_propagation,160,1
צביקה_שוורצברג,צביקה שוורצברג,label_propagation,161,1
__name__:אמרי קאהן,אמרי קאהן,label_propagation,162,1
עידן_עמדי,עידן עמדי,label_propagation,163,4
אנסטסיה_פיין,אנסטסייה פיין,label_propagation,163,4
דיקלה,דיקלה דורי,label_propagation,163,4
בועז_קונפורטי,בועז קונפורטי,label_propagation,163,4
__name__:צבי שיסל,צבי שיסל,label_propagation,164,3
__name__:מוני מושונוב,מוני מושונוב,label_propagation,164,3
__name__:אריק איינשטיין,אריק איינשטיין,label_propagation,164,3
ליר_כץ,ליר כץ,label_propagation,165,8
תמיר_גינזבורג,תמיר גינזבורג,label_propagation,165,8
אדם_גבאי,אדם גבאי,label_propagation,165,8
__name__:עפר גרינברג,עפר גרינברג,label_propagation,165,8
יהונתן_וילוז'ני,יהונתן וילוז'ני,label_propagation,165,8
ארז_עובד,ארז עובד,label_propagation,165,8
מילי_עשת,מילי עשת,label_propagation,165,8
סוול_אריאל_אור,סוול אריאל אור,label_propagation,165,8
עומר_דרור,עומר דרור,label_propagation,166,5
עמית_יגור,עמית יגור,label_propagation,166,5
מור_פולנוהר,מור פולנוהר,label_propagation,166,5
נועה_קירל,נועה קירל,label_propagation,166,5
נואל_ברקוביץ',נואל ברקוביץ',label_propagation,166,5
עירית_שלג,עירית שלג,label_propagation,167,2
חיים_שריר,חיים שריר,label_propagation,167,2
__name__:ארנון צדוק,ארנון צדוק,label_propagation,168,3
אלונה_טל,אלונה טל,label_propagation,168,3
__name__:חיים אלמקייס,חיים אלמקייס,label_propagation,168,3
__name__:רונאלד אוקרופירידזה,רונאלד אוקרופירידזה,label_propagation,169,2
נטע_ריסקין,נטע ריסקין,label_propagation,169,2
__name__:נואית אב,נואית אב,label_propagation,170,4
__name__:יואב רונן,יואב רונן,label_propagation,170,4
הדס_קלדרון,הדס קלדרון,label_propagation,170,4
__name__:רועי אלה,רועי אלה,label_propagation,170,4
מוטי_גלעדי,מוטי גלעדי,label_propagation,171,2
מתי_אטלס,מתי אטלס,label_propagation,171,2
__name__:בהירה בלאסי,בהירה בלאסי,label_propagation,172,4
__name__:ח'אולה איברהם,ח'אולה איברהם,label_propagation,172,4
__name__:מריה זריק,מריה זריק,label_propagation,172,4
__name__:נעמה פרייס,נעמה פרייס,label_propagation,172,4
__name__:הדר כץ,הדר כץ,label_propagation,173,3
אלישבע_וייל,אלישבע וייל,label_propagation,173,3
לייב_לב_לוין,לייב לב לוין,label_propagation,173,3
בר_בלפר,בר בלפר,label_propagation,174,3
יובל_מנדלסון,יובל מנדלסון,label_propagation,174,3
רינת_מטטוב,רינת מטטוב,label_propagation,174,3
לימור_גולדשטיין,לימור גולדשטיין,label_propagation,175,4
חן_יאני,חן יאני,label_propagation,175,4
עמי_ויינברג,עמי ויינברג,label_propagation,175,4
עודד_לאופולד,עודד לאופולד,label_propagation,175,4
__name__:ללא,ללא,label_propagation,176,1
__name__:זוהר דינר,זוהר דינר,label_propagation,177,2
__name__:גור בנטביץ',גור בנטביץ',label_propagation,177,2
__name__:ז'ניה וסרמן,ז'ניה וסרמן,label_propagation,178,2
__name__:אלכסיי שטוקין,אלכסיי שטוקין,label_propagation,178,2
לטי_גרובמן,לטי גרובמן,label_propagation,179,2
__name__:אייל בן אהרון,אייל בן אהרון,label_propagation,179,2
__name__:הייתאם עומארי,הייתאם עומארי,label_propagation,180,5
רובא_בלאל-עספור,רובא בלאל-עספור,label_propagation,180,5
למיס_עמאר,למיס עמאר,label_propagation,180,5
__name__:חדיג'ה אל עאכד,חדיג'ה אל עאכד,label_propagation,180,5
__name__:ג'לאל מסרוה,ג'לאל מסרוה,label_propagation,180,5
__name__:ערן בן-צבי,ערן בן-צבי,label_propagation,181,2
__name__:יעל מפציר בוצר,יעל מפציר בוצר,label_propagation,181,2
__name__:בני שיף,בני שיף,label_propagation,182,3
עדי_גילת,עדי גילת,label_propagation,182,3
__name__:הלל ינאי שני,הלל ינאי שני,label_propagation,182,3
__name__:עמאל בויראט,עמאל בויראט,label_propagation,183,2
__name__:חוסיין יאסין מחאג'נה,חוסיין יאסין מחאג׳נה,label_propagation,183,2
__name__:דבבה אשטו,דבבה אשטו,label_propagation,184,2
רותי_אסרסאי,רותי אסרסאי,label_propagation,184,2
__name__:אלי בן רעי,אלי בן רעי,label_propagation,185,3
גילי_בן_אוזיליו,גילי בן אוזיליו,label_propagation,185,3
__name__:בתיה בר,בתיה בר,label_propagation,185,3
דני_יוסטון,דני יוסטון,label_propagation,186,1
__name__:אנדריאה פראול,אנדריאה פראול,label_propagation,187,2
__name__:רובין רנוצ'י,רובין רנוצ'י,label_propagation,187,2
__name__:צחי גראד,צחי גראד,label_propagation,188,4
__name__:אלון אבוטבול,אלון אבוטבול,label_propagation,188,4
__name__:יובל שרף,יובל שרף,label_propagation,188,4
__name__:טינקרבל,טינקרבל,label_propagation,188,4
אירית_סוקי,אירית סוקי,label_propagation,189,3
סמדר_סייר,סמדר סייר,label_propagation,189,3
נעמה_שנדר,נעמה שנדר,label_propagation,189,3
אושרי_סהר,אושרי סהר,label_propagation,190,2
שלומי_שבן,שלומי שבן,label_propagation,190,2
אופיר_נהרי,אופיר נהרי,label_propagation,191,2
גלית_גיאת,גלית גיאת,label_propagation,191,2
__name__:אנה ווליקובסקי,אנה ווליקובסקי,label_propagation,192,4
__name__:רומן גרשקוביץ',רומן גרשקוביץ',label_propagation,192,4
__name__:מיכאל לרנר,מיכאל לרנר,label_propagation,192,4
__name__:עמירם עיני,עמירם עיני,label_propagation,192,4
יעקב_פרי,יעקב פרי,label_propagation,193,6
אבי_דיכטר,אבי דיכטר,label_propagation,193,6
כרמי_גילון,כרמי גילון,label_propagation,193,6
אברהם_שלום,אברהם שלום,label_propagation,193,6
עמי_אילון,עמי אילון,label_propagation,193,6
יובל_דיסקין,יובל דיסקין,label_propagation,193,6
__name__:שרון ברק,שרון ברק,label_propagation,194,4
פיני_טבגר,פיני טבגר,label_propagation,194,4
כרמל_נצר,כרמל נצר,label_propagation,194,4
__name__:דניאל ניזרי,דניאל ניזרי,label_propagation,194,4
__name__:נועה מנדל,נועה מנדל,label_propagation,195,2
__name__:רומן אילין,רומן אילין,label_propagation,195,2
הילה_מצקר-הלוי,הילה מצקר-הלוי,label_propagation,196,4
עדי_בילסקי,עדי בילסקי,label_propagation,196,4
תמרה_קלינגון,תמרה קלינגון,label_propagation,196,4
__name__:מעיין הרוש,מעיין הרוש,label_propagation,196,4
רוני_הדר,רוני הדר,label_propagation,197,2
רמי_דנון,רמי דנון,label_propagation,197,2
