title,wiki_slug,year,screenwriters,directors,cast_from_list,genre,awards,notes,cast_count,period
יהודה המשוחררתאו ארץ ישראל המשוחררת,יהודה_המשוחררת,1918,[],"[{""name"": ""יעקב בן דב"", ""slug"": ""יעקב_בן_דב""}]",[],תיעודי,1918,,0,A (<=1970)
שיבת ציון (סרט),,1920,[],"[{""name"": ""יעקב בן דב"", ""slug"": ""יעקב_בן_דב""}]",[],,1920,,0,A (<=1970)
ארץ ישראל המתחדשת,,1921,[],"[{""name"": ""יעקב בן דב"", ""slug"": ""יעקב_בן_דב""}]",[],,1921,,0,A (<=1970)
"מעשה בתייר אמריקאי בא""י",,1923,[],"[{""name"": ""ויליאם טופקיס"", ""slug"": null}]",[],,1923,,0,A (<=1970)
בנים בונים,,1924,[],"[{""name"": ""יעקב בן דב"", ""slug"": ""יעקב_בן_דב""}]",[],,1924,,0,A (<=1970)
התיבה,,1927,[],"[{""name"": ""יעקב בן דב"", ""slug"": ""יעקב_בן_דב""}]",[],,1927,,0,A (<=1970)
אביב בארץ ישראל,,1928,[],"[{""name"": ""יעקב בן דב"", ""slug"": ""יעקב_בן_דב""}]",[],תיעודי,1928,,0,A (<=1970)
הרפתקאותיו של גדי בן סוסי,הרפתקאותיו_של_גדי_בן_סוסי,1931,[],"[{""name"": ""ברוך אגדתי"", ""slug"": ""ברוך_אגדתי""}]",[],,1931,סרט אנימציה קצר בן 10 דקות,0,A (<=1970)
יומן ארץ ישראל,,1932,[],"[{""name"": ""יעקב בן דב"", ""slug"": ""יעקב_בן_דב""}]",[],,1932,,0,A (<=1970)
צבר,צבר_(סרט),1933,[],"[{""name"": ""אלכסנדר פורד"", ""slug"": ""אלכסנדר_פורד""}]","[{""name"": ""רפאל קלצ'קין"", ""slug"": ""רפאל_קלצ'קין""}, {""name"": ""אהרן מסקין"", ""slug"": ""אהרן_מסקין""}, {""name"": ""שמעון פינקל"", ""slug"": ""שמעון_פינקל""}, {""name"": ""חנה רובינא"", ""slug"": ""חנה_רובינא""}, {""name"": ""יהושע ברטונוב"", ""slug"": ""יהושע_ברטונוב""}, {""name"": ""פסח בר אדון"", ""slug"": ""פסח_בר_אדון""}]",,1933,הפקה זרה עתירת תקציב מפולין שצולמה בארץ בהשתתפות שחקניהבימה,6,A (<=1970)
אביב,,1933,[],[],[],,1933,,0,A (<=1970)
עודד הנודד,עודד_הנודד,1933,[],"[{""name"": ""חיים הלחמי"", ""slug"": ""חיים_הלחמי""}]",[],,1933,,0,A (<=1970)
עבודה,עבודה_(סרט),1935,[],"[{""name"": ""הלמר לרסקי"", ""slug"": ""הלמר_לרסקי""}]",[],,1935,,0,A (<=1970)
מנגינה עברית,,1935,[],"[{""name"": ""הלמר לרסקי"", ""slug"": ""הלמר_לרסקי""}]",[],,1935,,0,A (<=1970)
זאת היא הארץ,זאת_היא_הארץ,1935,[],"[{""name"": ""ברוך אגדתי"", ""slug"": ""ברוך_אגדתי""}]",[],,1935,,0,A (<=1970)
התקווה,,1937,[],"[{""name"": ""ג'ורג' אנגל"", ""slug"": null}, {""name"": ""(עורך)"", ""slug"": null}]",[],,1937,,0,A (<=1970)
ילדי השמש,,1939,[],"[{""name"": ""הלמר לרסקי"", ""slug"": ""הלמר_לרסקי""}]",[],,1939,,0,A (<=1970)
אדמה,אדמה_(סרט),1947,[],"[{""name"": ""הלמר לרסקי"", ""slug"": ""הלמר_לרסקי""}]",[],,1947,,0,A (<=1970)
קרב ההישרדות[דרוש מקור],,1947,[],[],[],,1947,,0,A (<=1970)
בית הערבה (הבית במדבר),,1948,[],"[{""name"": ""בן עויזרמן"", ""slug"": ""בן_עויזרמן""}]",[],,1948,,0,A (<=1970)
אין ברירה,,1949,[],"[{""name"": ""יוסף לייטס"", ""slug"": ""יוסף_לייטס""}]",[],דרמה,1949,,0,A (<=1970)
אין זו אגדה,,1949,[],"[{""name"": ""יוסף קרומגולד"", ""slug"": null}]","[{""name"": ""חווה אלפרשטיין (אגמון)"", ""slug"": null}, {""name"": ""אברהם סורוקה-דוריון"", ""slug"": null}, {""name"": ""יהודה בן-משה"", ""slug"": null}]",,1949,,3,A (<=1970)
בא היום,,1950,[],[],[],,1950,,0,A (<=1970)
הפוגה,הפוגה_(סרט),1950,[],"[{""name"": ""עמרם עמר"", ""slug"": null}]",[],דרמה,1950,,0,A (<=1970)
קללה לברכה,קללה_לברכה,1950,[],"[{""name"": ""יוסף קרומגולד"", ""slug"": null}]",[],דרמה,1950,,0,A (<=1970)
אלפיים ושלוש,,1951,[],"[{""name"": ""ברוך דינר"", ""slug"": ""ברוך_דינר""}]",[],דרמה,1951,,0,A (<=1970)
עיר האוהלים (Tent City),עיר_האוהלים,1951,[],"[{""name"": ""אריה להולה"", ""slug"": ""אריה_להולה""}]","[{""name"": ""אורנה פורת"", ""slug"": ""אורנה_פורת""}]",דוקו-דרמה,1951,,1,A (<=1970)
אבן על כל מיל,אבן_על_כל_מיל,1955,[],"[{""name"": ""אריה להולה"", ""slug"": ""אריה_להולה""}]","[{""name"": ""חיה הררית"", ""slug"": ""חיה_הררית""}, {""name"": ""סוזי לקלר"", ""slug"": null}, {""name"": ""אורנה פורת"", ""slug"": ""אורנה_פורת""}, {""name"": ""יוסי ידין"", ""slug"": ""יוסי_ידין""}, {""name"": ""חנה מרון"", ""slug"": ""חנה_מרון""}, {""name"": ""אריה אליאס"", ""slug"": ""אריה_אליאס""}, {""name"": ""אלישבע מיכאלי"", ""slug"": ""אלישבע_מיכאלי""}, {""name"": ""נתן כוגן"", ""slug"": ""נתן_כוגן""}]",דרמה,1955,,8,A (<=1970)
גבעה 24 אינה עונה,גבעה_24_אינה_עונה,1955,[],"[{""name"": ""תורולד דיקינסון"", ""slug"": null}]","[{""name"": ""אדוארד מולהייר"", ""slug"": null}, {""name"": ""אריק לביא"", ""slug"": ""אריק_לביא""}, {""name"": ""מרגלית עובד"", ""slug"": null}, {""name"": ""יצחק מיכאל שילה"", ""slug"": ""יצחק_מיכאל_שילה""}, {""name"": ""חיה הררית"", ""slug"": ""חיה_הררית""}]",דרמה,1955,,5,A (<=1970)
באין מולדת,באין_מולדת,1956,[],"[{""name"": ""נורי חביב"", ""slug"": ""נורי_חביב""}]","[{""name"": ""שושנה דמארי"", ""slug"": ""שושנה_דמארי""}, {""name"": ""שייקה אופיר"", ""slug"": ""שייקה_אופיר""}]",דרמה,1956,,2,A (<=1970)
דן קישוט וסעדיה פנסא,דן_וסעדיה,1956,[],"[{""name"": ""נתן אקסלרוד"", ""slug"": ""נתן_אקסלרוד""}]",[],דרמה,1956,,0,A (<=1970)
מעשה במונית,מעשה_במונית,1956,[],"[{""name"": ""לארי פריש"", ""slug"": null}]","[{""name"": ""שייקה אופיר"", ""slug"": ""שייקה_אופיר""}, {""name"": ""מרים ברנשטיין-כהן"", ""slug"": ""מרים_ברנשטיין-כהן""}, {""name"": ""רפאל קלצ'קין"", ""slug"": ""רפאל_קלצ'קין""}]",קומדיה,1956,,3,A (<=1970)
התקווה,,1959,[],"[{""name"": ""נורי חביב"", ""slug"": ""נורי_חביב""}]",[],,1959,,0,A (<=1970)
עמוד האש,עמוד_האש_(סרט),1959,[],"[{""name"": ""לארי פריש"", ""slug"": null}]","[{""name"": ""נחמה הנדל"", ""slug"": ""נחמה_הנדל""}, {""name"": ""שלמה יעקבי"", ""slug"": null}, {""name"": ""עמוס מוקדי"", ""slug"": ""עמוס_מוקדי""}, {""name"": ""אורי זוהר"", ""slug"": ""אורי_זוהר""}]",דרמה,1959,,4,A (<=1970)
חולות לוהטים,חולות_לוהטים,1960,[],"[{""name"": ""רפאל נוסבאום"", ""slug"": null}]","[{""name"": ""אורי זוהר"", ""slug"": ""אורי_זוהר""}, {""name"": ""דליה לביא"", ""slug"": ""דליה_לביא""}]",,1960,,2,A (<=1970)
הם היו עשרה,הם_היו_עשרה,1960,[],"[{""name"": ""ברוך דינר"", ""slug"": ""ברוך_דינר""}]","[{""name"": ""עודד תאומי"", ""slug"": ""עודד_תאומי""}, {""name"": ""נינט דינר"", ""slug"": null}, {""name"": ""נסים עזיקרי"", ""slug"": ""נסים_עזיקרי""}, {""name"": ""ליאו פילר"", ""slug"": ""ליאו_פילר""}, {""name"": ""משה קדם"", ""slug"": null}, {""name"": ""יוסף באשי"", ""slug"": ""יוסף_באשי_(שחקן)""}]",דרמה,1960,,6,A (<=1970)
איי לייק מייק,איי_לייק_מייק_(סרט),1960,[],"[{""name"": ""פיטר פריי"", ""slug"": ""פיטר_פריי""}]","[{""name"": ""בתיה לנצט"", ""slug"": ""בתיה_לנצט""}, {""name"": ""גדעון זינגר"", ""slug"": ""גדעון_זינגר""}, {""name"": ""חיים טופול"", ""slug"": ""חיים_טופול""}]",קומדיה,1960,,3,A (<=1970)
בעל החלומות,בעל_החלומות,1962,[],"[{""name"": ""אלינה גרוס"", ""slug"": null}, {""name"": ""יורם גרוס"", ""slug"": ""יורם_גרוס""}]",[],אנימציה,1962,,0,A (<=1970)
ניני,ניני_(סרט),1962,[],"[{""name"": ""שלמה סוריאנו"", ""slug"": ""שלמה_סוריאנו""}]","[{""name"": ""אריק איינשטיין"", ""slug"": ""אריק_איינשטיין""}, {""name"": ""רונית כץ"", ""slug"": null}]",דרמה,1962,,2,A (<=1970)
סיניה,סיניה_(סרט),1962,[],"[{""name"": ""אילן אלדד"", ""slug"": ""אילן_אלדד""}, {""name"": ""איבן לונגייל"", ""slug"": null}]","[{""name"": ""יפתח ספקטור"", ""slug"": ""יפתח_ספקטור""}, {""name"": ""דינה דורון"", ""slug"": ""דינה_דורון""}, {""name"": ""שייקה לוי"", ""slug"": ""שייקה_לוי""}, {""name"": ""אהוד בנאי"", ""slug"": ""אהוד_בנאי""}, {""name"": ""שמעון ישראלי"", ""slug"": ""שמעון_ישראלי""}]",דרמה,1962,,5,A (<=1970)
עץ או פלסטיין,עץ_או_פלסטיין,1962,[],"[{""name"": ""אורי זוהר"", ""slug"": ""אורי_זוהר""}, {""name"": ""נתן אקסלרוד"", ""slug"": ""נתן_אקסלרוד""}, {""name"": ""יואל זילברג"", ""slug"": ""יואל_זילברג""}]","[{""name"": ""חיים טופול"", ""slug"": ""חיים_טופול""}]",תיעודי,1962,,1,A (<=1970)
אלדורדו,"אלדורדו_(סרט,_1963)",1963,[],"[{""name"": ""מנחם גולן"", ""slug"": ""מנחם_גולן""}]","[{""name"": ""חיים טופול"", ""slug"": ""חיים_טופול""}, {""name"": ""גילה אלמגור"", ""slug"": ""גילה_אלמגור""}, {""name"": ""שמעון פינקל"", ""slug"": ""שמעון_פינקל""}, {""name"": ""יוסף ידין"", ""slug"": ""יוסף_ידין""}, {""name"": ""שייקה אופיר"", ""slug"": ""שייקה_אופיר""}]",דרמה,1963,,5,A (<=1970)
אף מילה למורגנשטיין,אף_מילה_למורגנשטיין,1963,[],"[{""name"": ""אריה אליאס"", ""slug"": ""אריה_אליאס""}, {""name"": ""בנימין קורצקי"", ""slug"": null}, {""name"": ""בן אויסרמן"", ""slug"": null}]","[{""name"": ""גילה אלמגור"", ""slug"": ""גילה_אלמגור""}, {""name"": ""יוסי בנאי"", ""slug"": ""יוסי_בנאי""}, {""name"": ""יעקב בודו"", ""slug"": ""יעקב_בודו""}, {""name"": ""אילן דר"", ""slug"": ""אילן_דר""}, {""name"": ""אברהם בן-יוסף"", ""slug"": ""אברהם_בן-יוסף""}]",קומדיה,1963,,5,A (<=1970)
אשת הגיבור,אשת_הגיבור,1963,[],"[{""name"": ""פיטר פריי"", ""slug"": ""פיטר_פריי""}, {""name"": ""בומבה צור"", ""slug"": ""בומבה_צור""}]",[],דרמה,1963,,0,A (<=1970)
המרתף,המרתף_(סרט),1963,[],"[{""name"": ""נתן גרוס"", ""slug"": ""נתן_גרוס""}]","[{""name"": ""שמעון ישראלי"", ""slug"": ""שמעון_ישראלי""}]",דרמה,1963,,1,A (<=1970)
חבורה שכזאת,חבורה_שכזאת,1963,[],"[{""name"": ""זאב חבצלת"", ""slug"": ""זאב_חבצלת""}]","[{""name"": ""גילה אלמגור"", ""slug"": ""גילה_אלמגור""}, {""name"": ""יוסי בנאי"", ""slug"": ""יוסי_בנאי""}, {""name"": ""בומבה צור"", ""slug"": ""בומבה_צור""}, {""name"": ""אבנר חזקיהו"", ""slug"": ""אבנר_חזקיהו""}, {""name"": ""עודד תאומי"", ""slug"": ""עודד_תאומי""}, {""name"": ""נתן כוגן"", ""slug"": ""נתן_כוגן""}]",קומדיה,1963,,6,A (<=1970)
בירושלים,בירושלים,1963,[],"[{""name"": ""דוד פרלוב"", ""slug"": ""דוד_פרלוב""}]",[],,1963,,0,A (<=1970)
האתמול של המחר,,1963,[],"[{""name"": ""ברוך אגדתי"", ""slug"": ""ברוך_אגדתי""}]",[],,1963,,0,A (<=1970)
רק בלירה,רק_בלירה,1963,[],"[{""name"": ""יורם גרוס"", ""slug"": ""יורם_גרוס""}]","[{""name"": ""גדעון זינגר"", ""slug"": ""גדעון_זינגר""}, {""name"": ""יעקב בן-סירא"", ""slug"": ""יעקב_בן-סירא""}, {""name"": ""רחל אטאס"", ""slug"": ""רחל_אטאס""}]",קומדיה,1963,,3,A (<=1970)
דליה והמלחים,דליה_והמלחים,1964,[],"[{""name"": ""מנחם גולן"", ""slug"": ""מנחם_גולן""}]","[{""name"": ""שייקה אופיר"", ""slug"": ""שייקה_אופיר""}, {""name"": ""ורוניק ונדל"", ""slug"": null}, {""name"": ""אריק איינשטיין"", ""slug"": ""אריק_איינשטיין""}, {""name"": ""ישראל גוריון"", ""slug"": ""ישראל_גוריון""}, {""name"": ""עודד תאומי"", ""slug"": ""עודד_תאומי""}, {""name"": ""יעקב בן-סירא"", ""slug"": ""יעקב_בן-סירא""}, {""name"": ""חנן גולדבלט"", ""slug"": ""חנן_גולדבלט""}]",קומדיה,1964,,7,A (<=1970)
חור בלבנה,חור_בלבנה,1964,[],"[{""name"": ""אורי זוהר"", ""slug"": ""אורי_זוהר""}]","[{""name"": ""אברהם הפנר"", ""slug"": ""אברהם_הפנר""}, {""name"": ""אריק לביא"", ""slug"": ""אריק_לביא""}, {""name"": ""שושיק שני"", ""slug"": ""שושיק_שני""}, {""name"": ""שמוליק קראוס"", ""slug"": ""שמוליק_קראוס""}, {""name"": ""שייקה אופיר"", ""slug"": ""שייקה_אופיר""}, {""name"": ""דן בן אמוץ"", ""slug"": ""דן_בן_אמוץ""}, {""name"": ""זהרירה חריפאי"", ""slug"": ""זהרירה_חריפאי""}, {""name"": ""אורי זוהר"", ""slug"": null}]",דרמה,1964,,8,A (<=1970)
משפחת שמחון,משפחת_שמחון,1964,[],"[{""name"": ""יואל זילברג"", ""slug"": ""יואל_זילברג""}]","[{""name"": ""מאיר מרגלית"", ""slug"": ""מאיר_מרגלית""}, {""name"": ""עודד קוטלר"", ""slug"": ""עודד_קוטלר""}, {""name"": ""רינה גנור"", ""slug"": ""רינה_גנור""}]",קומדיה,1964,,3,A (<=1970)
סאלח שבתי,סאלח_שבתי,1964,[],"[{""name"": ""אפרים קישון"", ""slug"": ""אפרים_קישון""}]","[{""name"": ""חיים טופול"", ""slug"": ""חיים_טופול""}, {""name"": ""גילה אלמגור"", ""slug"": ""גילה_אלמגור""}, {""name"": ""גאולה נוני"", ""slug"": ""גאולה_נוני""}, {""name"": ""זהרירה חריפאי"", ""slug"": ""זהרירה_חריפאי""}, {""name"": ""אריק איינשטיין"", ""slug"": ""אריק_איינשטיין""}, {""name"": ""שייקה לוי"", ""slug"": ""שייקה_לוי""}]",קומדיה,1964,,6,A (<=1970)
שמונה בעקבות אחד,שמונה_בעקבות_אחד_(סרט),1964,[],"[{""name"": ""מנחם גולן"", ""slug"": ""מנחם_גולן""}]","[{""name"": ""אלישבע מיכאלי"", ""slug"": ""אלישבע_מיכאלי""}, {""name"": ""בומבה צור"", ""slug"": ""בומבה_צור""}, {""name"": ""שייקה אופיר"", ""slug"": ""שייקה_אופיר""}, {""name"": ""גאולה גיל"", ""slug"": ""גאולה_גיל""}]",ילדים,1964,,4,A (<=1970)
אולי תרדו שם,אולי_תרדו_שם,1964,[],"[{""name"": ""פוצ'ו"", ""slug"": ""פוצ'ו""}]","[{""name"": ""דבורה קידר"", ""slug"": ""דבורה_קידר""}, {""name"": ""יהודה פוקס"", ""slug"": ""יהודה_פוקס_(שחקן)""}, {""name"": ""אורי זוהר"", ""slug"": ""אורי_זוהר""}, {""name"": ""אריק איינשטיין"", ""slug"": ""אריק_איינשטיין""}]",ילדים,1964,,4,A (<=1970)
הבו בנות לאילת,הבו_בנות_לאילת,1964,[],"[{""name"": ""ליאו פילר"", ""slug"": ""ליאו_פילר""}, {""name"": ""נתן אכסלרוד"", ""slug"": ""נתן_אכסלרוד""}]","[{""name"": ""שלמה בר-שביט"", ""slug"": ""שלמה_בר-שביט""}, {""name"": ""אורי לוי"", ""slug"": ""אורי_לוי_(שחקן)""}]",,1964,,2,A (<=1970)
שבת המלכה,,1965,[],"[{""name"": ""אילן אלדד"", ""slug"": ""אילן_אלדד""}]","[{""name"": ""מייק בורשטיין"", ""slug"": ""מייק_בורשטיין""}, {""name"": ""רפאל קלצ'קין"", ""slug"": ""רפאל_קלצ'קין""}]",דרמה,1965,,2,A (<=1970)
הילד מעבר לרחוב,הילד_מעבר_לרחוב,1965,[],"[{""name"": ""יוסף שלחין"", ""slug"": ""יוסף_שלחין""}]","[{""name"": ""אריה אליאס"", ""slug"": ""אריה_אליאס""}, {""name"": ""שאול שלחין"", ""slug"": null}, {""name"": ""יעקב בנאי"", ""slug"": ""יעקב_בנאי""}, {""name"": ""ברוך דוד"", ""slug"": ""ברוך_דוד""}, {""name"": ""אביבה גר"", ""slug"": ""אביבה_גר""}]",ילדים,1965,,5,A (<=1970)
רק לא בשבת,רק_לא_בשבת,1965,[],"[{""name"": ""אלכס יופה"", ""slug"": null}]","[{""name"": ""דליה פרידלנד"", ""slug"": ""דליה_פרידלנד""}, {""name"": ""מישה אשרוב"", ""slug"": ""מישה_אשרוב""}, {""name"": ""אבנר חזקיהו"", ""slug"": ""אבנר_חזקיהו""}, {""name"": ""גאולה נוני"", ""slug"": ""גאולה_נוני""}]",קומדיה,1965,,4,A (<=1970)
גבעה 24 אינה עונה,גבעה_24_אינה_עונה,1965,[],"[{""name"": ""ת'ורולד דיקנסון"", ""slug"": null}]","[{""name"": ""אריק לביא"", ""slug"": ""אריק_לביא""}, {""name"": ""מיכאל שילה"", ""slug"": ""מיכאל_שילה""}, {""name"": ""חיה הררית"", ""slug"": ""חיה_הררית""}, {""name"": ""זלמן לביוש"", ""slug"": ""זלמן_לביוש""}, {""name"": ""עזריה רפפורט"", ""slug"": ""עזריה_רפפורט""}, {""name"": ""שושנה דמארי"", ""slug"": ""שושנה_דמארי""}, {""name"": ""יוסי ידין"", ""slug"": ""יוסי_ידין""}, {""name"": ""שרגא פרידמן"", ""slug"": ""שרגא_פרידמן""}, {""name"": ""שושנה דואר"", ""slug"": ""שושנה_דואר""}]",דרמה,1965,,9,A (<=1970)
מבצע קהיר,מבצע_קהיר,1966,[],"[{""name"": ""מנחם גולן"", ""slug"": ""מנחם_גולן""}]","[{""name"": ""אודי מרפי"", ""slug"": ""אודי_מרפי""}, {""name"": ""יוסף ידין"", ""slug"": ""יוסף_ידין""}, {""name"": ""גילה אלמגור"", ""slug"": ""גילה_אלמגור""}]",פעולה,1966,,3,A (<=1970)
מוישה ונטילטור,מוישה_ונטילטור,1966,[],"[{""name"": ""אורי זוהר"", ""slug"": ""אורי_זוהר""}]","[{""name"": ""יעקב בודו"", ""slug"": ""יעקב_בודו""}, {""name"": ""גדעון זינגר"", ""slug"": ""גדעון_זינגר""}, {""name"": ""שייקה אופיר"", ""slug"": ""שייקה_אופיר""}, {""name"": ""הגשש החיוור"", ""slug"": ""הגשש_החיוור""}]",קומדיה,1966,,4,A (<=1970)
פורטונה,פורטונה_(סרט),1966,[],"[{""name"": ""מנחם גולן"", ""slug"": ""מנחם_גולן""}]","[{""name"": ""גילה אלמגור"", ""slug"": ""גילה_אלמגור""}, {""name"": ""יוסי בנאי"", ""slug"": ""יוסי_בנאי""}, {""name"": ""שמוליק קראוס"", ""slug"": ""שמוליק_קראוס""}, {""name"": ""אברהם מור"", ""slug"": ""אברהם_מור""}, {""name"": ""אבנר חזקיהו"", ""slug"": ""אבנר_חזקיהו""}, {""name"": ""שלישיית הגשש החיוור"", ""slug"": ""הגשש_החיוור""}]",דרמה,1966,,6,A (<=1970)
שני קוני למל,שני_קוני_למל_(סרט),1966,[],"[{""name"": ""ישראל בקר"", ""slug"": ""ישראל_בקר""}]","[{""name"": ""מייק בורשטיין"", ""slug"": ""מייק_בורשטיין""}, {""name"": ""רפאל קלצ'קין"", ""slug"": ""רפאל_קלצ'קין""}, {""name"": ""ז'רמן אוניקובסקי"", ""slug"": ""ז'רמן_אוניקובסקי""}, {""name"": ""שמואל רודנסקי"", ""slug"": ""שמואל_רודנסקי""}, {""name"": ""אלישבע מיכאלי"", ""slug"": ""אלישבע_מיכאלי""}]",קומדיה,1966,,5,A (<=1970)
מורדי האור,,1966,[],"[{""name"": ""אלכסנדר רמתי"", ""slug"": ""אלכסנדר_רמתי""}]",[],,1966,,0,A (<=1970)
פיצוץ בחצות,פיצוץ_בחצות,1966,[],"[{""name"": ""הרווה ברומברגר"", ""slug"": null}]",[],,1966,,0,A (<=1970)
סבינה והגברים,סבינה_והגברים,1966,[],"[{""name"": ""פיטר פריישטדט"", ""slug"": ""פיטר_פריישטדט""}]",[],,1966,,0,A (<=1970)
60 שעות לסואץ,,1967,[],"[{""name"": ""יעקב יגר"", ""slug"": ""יעקב_יגר""}]","[{""name"": ""מישא אשרוב"", ""slug"": ""מישא_אשרוב""}, {""name"": ""אביבה מרקס"", ""slug"": ""אביבה_מרקס""}, {""name"": ""אלכס פלג"", ""slug"": ""אלכס_פלג""}, {""name"": ""גדעון שמר"", ""slug"": ""גדעון_שמר""}, {""name"": ""גאולה נוני"", ""slug"": ""גאולה_נוני""}]",דרמה,1967,,5,A (<=1970)
999 עליזה מזרחי,999_עליזה_מזרחי,1967,[],"[{""name"": ""מנחם גולן"", ""slug"": null}]","[{""name"": ""עדנה פלידל"", ""slug"": ""עדנה_פלידל""}, {""name"": ""אבנר חזקיהו"", ""slug"": ""אבנר_חזקיהו""}, {""name"": ""יוסי בנאי"", ""slug"": ""יוסי_בנאי""}, {""name"": ""אריק לביא"", ""slug"": ""אריק_לביא""}]",קומדיה,1967,,4,A (<=1970)
אישה בחדר השני,,1967,[],"[{""name"": ""יצחק צפל ישורון"", ""slug"": ""יצחק_צפל_ישורון""}]",[],דרמה,1967,,0,A (<=1970)
ארבינקא,ארבינקא,1967,[],"[{""name"": ""אפרים קישון"", ""slug"": ""אפרים_קישון""}]","[{""name"": ""חיים טופול"", ""slug"": ""חיים_טופול""}, {""name"": ""אבנר חזקיהו"", ""slug"": ""אבנר_חזקיהו""}, {""name"": ""גילה אלמגור"", ""slug"": ""גילה_אלמגור""}, {""name"": ""הגשש החיוור"", ""slug"": ""הגשש_החיוור""}]",קומדיה,1967,,4,A (<=1970)
הוא הלך בשדות,הוא_הלך_בשדות_(סרט),1967,[],"[{""name"": ""יוסף מילוא"", ""slug"": ""יוסף_מילוא""}]","[{""name"": ""אסי דיין"", ""slug"": ""אסי_דיין""}, {""name"": ""איריס יוטבת"", ""slug"": ""איריס_יוטבת""}]",דרמה,1967,,2,A (<=1970)
המניע לרצח,המניע_לרצח,1967,[],"[{""name"": ""פטר פריישטדט"", ""slug"": null}]","[{""name"": ""גילה אלמגור"", ""slug"": ""גילה_אלמגור""}, {""name"": ""אהרן מסקין"", ""slug"": ""אהרן_מסקין""}, {""name"": ""גדעון זינגר"", ""slug"": ""גדעון_זינגר""}, {""name"": ""עודד תאומי"", ""slug"": ""עודד_תאומי""}]",מתח,1967,,4,A (<=1970)
סיירים,סיירים_(סרט),1967,[],"[{""name"": ""מיכה שגריר"", ""slug"": ""מיכה_שגריר""}]","[{""name"": ""זאב רווח"", ""slug"": ""זאב_רווח""}, {""name"": ""ליאור ייני"", ""slug"": ""ליאור_ייני""}, {""name"": ""אילי גורליצקי"", ""slug"": ""אילי_גורליצקי""}, {""name"": ""אסי דיין"", ""slug"": ""אסי_דיין""}]",דרמה,1967,,4,A (<=1970)
שלושה ימים וילד,שלושה_ימים_וילד_(סרט),1967,[],"[{""name"": ""אורי זוהר"", ""slug"": ""אורי_זוהר""}]","[{""name"": ""עודד קוטלר"", ""slug"": ""עודד_קוטלר""}, {""name"": ""ז'רמן אוניקובסקי"", ""slug"": ""ז'רמן_אוניקובסקי""}, {""name"": ""אילי גורליצקי"", ""slug"": ""אילי_גורליצקי""}]",דרמה,1967,,3,A (<=1970)
לאט יותר,לאט_יותר,1967,[],"[{""name"": ""אברהם הפנר"", ""slug"": ""אברהם_הפנר""}]","[{""name"": ""פאני לוביץ'"", ""slug"": ""פאני_לוביץ'""}, {""name"": ""אברהם בן-יוסף"", ""slug"": ""אברהם_בן-יוסף""}]",דרמה,1967,,2,A (<=1970)
הבן האובד,הבן_האובד,1968,[],"[{""name"": ""יוסף שלחין"", ""slug"": ""יוסף_שלחין""}, {""name"": ""אלפרד שטיינהרדט"", ""slug"": ""אלפרד_שטיינהרדט""}]","[{""name"": ""מוסקו אלקלעי"", ""slug"": ""מוסקו_אלקלעי""}, {""name"": ""יעקב אלפרין"", ""slug"": ""יעקב_אלפרין""}, {""name"": ""שלמה בר-שביט"", ""slug"": ""שלמה_בר-שביט""}, {""name"": ""אלברט כהן"", ""slug"": ""אלברט_כהן""}, {""name"": ""דבורה קידר"", ""slug"": ""דבורה_קידר""}]",דרמה,1968,,5,A (<=1970)
השכונה שלנו,השכונה_שלנו,1968,[],"[{""name"": ""אורי זוהר"", ""slug"": ""אורי_זוהר""}]","[{""name"": ""שייקה אופיר"", ""slug"": ""שייקה_אופיר""}, {""name"": ""שלישיית הגשש החיוור"", ""slug"": ""שלישיית_הגשש_החיוור""}, {""name"": ""גדי יגיל"", ""slug"": ""גדי_יגיל""}, {""name"": ""גדעון זינגר"", ""slug"": ""גדעון_זינגר""}]",קומדיה,1968,,4,A (<=1970)
טוביה ושבע בנותיו,טוביה_ושבע_בנותיו,1968,[],"[{""name"": ""מנחם גולן"", ""slug"": ""מנחם_גולן""}]","[{""name"": ""שמואל רודנסקי"", ""slug"": ""שמואל_רודנסקי""}, {""name"": ""בטי סגל"", ""slug"": ""בטי_סגל""}, {""name"": ""אילי גורליצקי"", ""slug"": ""אילי_גורליצקי""}, {""name"": ""אריאל פורמן"", ""slug"": ""אריאל_פורמן""}, {""name"": ""תקווה מור"", ""slug"": null}]",דרמה,1968,,5,A (<=1970)
כל ממזר מלך,כל_ממזר_מלך,1968,[],"[{""name"": ""אורי זוהר"", ""slug"": ""אורי_זוהר""}]","[{""name"": ""יהורם גאון"", ""slug"": ""יהורם_גאון""}, {""name"": ""עודד קוטלר"", ""slug"": ""עודד_קוטלר""}, {""name"": ""אורי לוי"", ""slug"": ""אורי_לוי_(שחקן)""}, {""name"": ""הגשש החיוור"", ""slug"": ""הגשש_החיוור""}]",דרמה,1968,,4,A (<=1970)
קומנדו סיני,,1968,[],"[{""name"": ""רפאל נוסבאום"", ""slug"": null}]",[],דרמה,1968,,0,A (<=1970)
איריס,איריס_(סרט),1968,[],"[{""name"": ""דוד גרינברג"", ""slug"": ""דוד_גרינברג""}]","[{""name"": ""ליאורה רימון"", ""slug"": null}, {""name"": ""גדעון שמר"", ""slug"": ""גדעון_שמר""}, {""name"": ""שמוליק קראוס"", ""slug"": ""שמוליק_קראוס""}, {""name"": ""יעקב בודו"", ""slug"": ""יעקב_בודו""}]",דרמה,1968,,4,A (<=1970)
הגלולה,הגלולה,1968,[],"[{""name"": ""דוד פרלוב"", ""slug"": ""דוד_פרלוב""}]","[{""name"": ""שרגא פרידמן"", ""slug"": ""שרגא_פרידמן""}, {""name"": ""יוסי בנאי"", ""slug"": ""יוסי_בנאי""}, {""name"": ""ז'רמן אוניקובסקי"", ""slug"": ""ז'רמן_אוניקובסקי""}]",,1968,,3,A (<=1970)
הגמל והילד,,1968,[],"[{""name"": ""משה גז"", ""slug"": null}]",[],,1968,,0,A (<=1970)
המטרה טיראן,המטרה_טיראן,1968,[],"[{""name"": ""רפאל נוסבאום"", ""slug"": null}]",[],,1968,,0,A (<=1970)
נס בעיירה,נס_בעיירה,1968,[],"[{""name"": ""ליאו פילר"", ""slug"": ""ליאו_פילר""}]","[{""name"": ""גדי יגיל"", ""slug"": ""גדי_יגיל""}, {""name"": ""דסי הדרי"", ""slug"": null}, {""name"": ""יעקב בודו"", ""slug"": ""יעקב_בודו""}]",ילדים,1968,,3,A (<=1970)
הצד השני,הצד_השני,1968,[],"[{""name"": ""אורי זוהר"", ""slug"": ""אורי_זוהר""}]",[],,1968,,0,A (<=1970)
אסירי החופש,אסירי_החופש,1968,[],"[{""name"": ""יונה זרצקי"", ""slug"": ""יונה_זרצקי""}]",[],דרמה,1968,,0,A (<=1970)
להט במים,להט_במים,1969,[],"[{""name"": ""יעקב המאירי"", ""slug"": ""יעקב_המאירי""}]","[{""name"": ""זאב רווח"", ""slug"": ""זאב_רווח""}, {""name"": ""עירית שילה"", ""slug"": ""עירית_שילה""}, {""name"": ""אבנר חזקיהו"", ""slug"": ""אבנר_חזקיהו""}, {""name"": ""יעקב הלפרין"", ""slug"": ""יעקב_הלפרין""}]",דרמה,1969,,4,A (<=1970)
חלומות,,1969,[],"[{""name"": ""יעקב ורדי"", ""slug"": ""יעקב_ורדי""}]",[],דרמה,1969,,0,A (<=1970)
חמישה ימים בסיני,חמישה_ימים_בסיני,1969,[],"[{""name"": ""מאוריציו לוצ'ידי"", ""slug"": null}]",[],דרמה,1969,,0,A (<=1970)
מצור,מצור_(סרט),1969,[],"[{""name"": ""ג'ילברטו טופאנו"", ""slug"": ""ג'ילברטו_טופאנו""}]","[{""name"": ""גילה אלמגור"", ""slug"": ""גילה_אלמגור""}, {""name"": ""יהורם גאון"", ""slug"": ""יהורם_גאון""}, {""name"": ""דן בן אמוץ"", ""slug"": ""דן_בן_אמוץ""}]",דרמה,1969,,3,A (<=1970)
מרגו שלי,מרגו_שלי,1969,[],"[{""name"": ""מנחם גולן"", ""slug"": ""מנחם_גולן""}]","[{""name"": ""עודד תאומי"", ""slug"": ""עודד_תאומי""}, {""name"": ""לבנה פינקלשטיין"", ""slug"": ""לבנה_פינקלשטיין""}, {""name"": ""אריק לביא"", ""slug"": ""אריק_לביא""}, {""name"": ""יוסף שילוח"", ""slug"": ""יוסף_שילוח""}]",דרמה,1969,,4,A (<=1970)
תעלת בלאומילך,תעלת_בלאומילך,1969,[],"[{""name"": ""אפרים קישון"", ""slug"": ""אפרים_קישון""}]","[{""name"": ""בומבה צור"", ""slug"": ""בומבה_צור""}, {""name"": ""שרגא פרידמן"", ""slug"": ""שרגא_פרידמן""}, {""name"": ""שייקה אופיר"", ""slug"": ""שייקה_אופיר""}, {""name"": ""נסים עזיקרי"", ""slug"": ""נסים_עזיקרי""}, {""name"": ""אברהם רונאי"", ""slug"": ""אברהם_רונאי""}]",קומדיה,1969,,5,A (<=1970)
המלחמה לאחר המלחמה,המלחמה_לאחר_המלחמה,1969,[],"[{""name"": ""מיכה שגריר"", ""slug"": ""מיכה_שגריר""}]",[],תעודי,1969,,0,A (<=1970)
לפני מחר,לפני_מחר,1969,[],"[{""name"": ""אלידע גרא"", ""slug"": ""אלידע_גרא""}]","[{""name"": ""ישראל פוליאקוב"", ""slug"": ""ישראל_פוליאקוב""}, {""name"": ""אריה אליאס"", ""slug"": ""אריה_אליאס""}]",,1969,,2,A (<=1970)
מקרה אשה,,1969,[],"[{""name"": ""ז'אק קתמור"", ""slug"": ""ז'אק_קתמור""}]","[{""name"": ""הילית ישורון"", ""slug"": ""הילית_ישורון""}]",,1969,,1,A (<=1970)
42:6,,1969,[],"[{""name"": ""דוד פרלוב"", ""slug"": ""דוד_פרלוב""}]",[],,1969,,0,A (<=1970)
שבלול,שבלול_(סרט),1970,"[{""name"": ""בועז דוידזון"", ""slug"": ""בועז_דוידזון""}]","[{""name"": ""בועז דוידזון"", ""slug"": null}]","[{""name"": ""אריק איינשטיין"", ""slug"": ""אריק_איינשטיין""}, {""name"": ""אלונה איינשטיין"", ""slug"": ""אלונה_איינשטיין""}, {""name"": ""אורי זוהר"", ""slug"": ""אורי_זוהר""}, {""name"": ""שלום חנוך"", ""slug"": ""שלום_חנוך""}, {""name"": ""צבי שיסל"", ""slug"": ""צבי_שיסל""}]",,1970,,5,A (<=1970)
אורח בעונה מתה,אורח_בעונה_מתה,1970,"[{""name"": ""משה מזרחי"", ""slug"": ""משה_מזרחי_(במאי_קולנוע)""}, {""name"": ""רחל פביאן"", ""slug"": null}]","[{""name"": ""משה מזרחי"", ""slug"": null}]",[],דרמה,1970,,0,A (<=1970)
הפריצה הגדולה,הפריצה_הגדולה,1970,"[{""name"": ""מנחם גולן"", ""slug"": ""מנחם_גולן""}, {""name"": ""יוסף גרוס"", ""slug"": ""יוסף_גרוס""}]","[{""name"": ""מנחם גולן"", ""slug"": null}]","[{""name"": ""יהורם גאון"", ""slug"": ""יהורם_גאון""}, {""name"": ""יוסף שילוח"", ""slug"": ""יוסף_שילוח""}, {""name"": ""יהודה ברקן"", ""slug"": ""יהודה_ברקן""}, {""name"": ""אריק לביא"", ""slug"": ""אריק_לביא""}, {""name"": ""גבי עמרני"", ""slug"": ""גבי_עמרני""}]",דרמה,1970,,5,A (<=1970)
השוטר אזולאי,השוטר_אזולאי,1970,"[{""name"": ""אפרים קישון"", ""slug"": ""אפרים_קישון""}]","[{""name"": ""אפרים קישון"", ""slug"": null}]","[{""name"": ""שייקה אופיר"", ""slug"": ""שייקה_אופיר""}, {""name"": ""זהרירה חריפאי"", ""slug"": ""זהרירה_חריפאי""}, {""name"": ""אבנר חזקיהו"", ""slug"": ""אבנר_חזקיהו""}, {""name"": ""ניצה שאול"", ""slug"": ""ניצה_שאול""}, {""name"": ""יוסף שילוח"", ""slug"": ""יוסף_שילוח""}]",דרמה,1970,,5,A (<=1970)
השמלה,יהודה_ג'אד_נאמן,1970,"[{""name"": ""יהודה נאמן"", ""slug"": ""יהודה_נאמן""}, {""name"": ""רחל נאמן"", ""slug"": null}]","[{""name"": ""יהודה נאמן"", ""slug"": null}]","[{""name"": ""אסי דיין"", ""slug"": ""אסי_דיין""}, {""name"": ""לאורה ריבלין"", ""slug"": ""לאורה_ריבלין""}, {""name"": ""מוטי ברכאן"", ""slug"": ""מוטי_ברכאן""}, {""name"": ""יאיר רובין"", ""slug"": ""יאיר_רובין""}, {""name"": ""ג'וזי כץ"", ""slug"": ""ג'וזי_כץ""}, {""name"": ""גבי אלדור"", ""slug"": ""גבי_אלדור""}]",דרמה,1970,,6,A (<=1970)
התמהוני,התמהוני,1970,"[{""name"": ""דן וולמן"", ""slug"": ""דן_וולמן""}]","[{""name"": ""דן וולמן"", ""slug"": null}]","[{""name"": ""לאורה ריבלין"", ""slug"": ""לאורה_ריבלין""}, {""name"": ""שלמה בר-שביט"", ""slug"": ""שלמה_בר-שביט""}, {""name"": ""נתן כוגן"", ""slug"": ""נתן_כוגן""}, {""name"": ""דבורה קידר"", ""slug"": ""דבורה_קידר""}]",דרמה,1970,,4,A (<=1970)
התרוממות,התרוממות_(סרט),1970,"[{""name"": ""טלילה בן זכאי"", ""slug"": ""טלילה_בן_זכאי""}]","[{""name"": ""אורי זוהר"", ""slug"": ""אורי_זוהר""}]","[{""name"": ""שלישיית הגשש החיוור"", ""slug"": ""הגשש_החיוור""}, {""name"": ""ציפי שביט"", ""slug"": ""ציפי_שביט""}, {""name"": ""ג'וזי כץ"", ""slug"": ""ג'וזי_כץ""}, {""name"": ""לאורה ריבלין"", ""slug"": ""לאורה_ריבלין""}]",קומדיה,1970,,4,A (<=1970)
לופו,לופו,1970,"[{""name"": ""מנחם גולן"", ""slug"": ""מנחם_גולן""}]","[{""name"": ""מנחם גולן"", ""slug"": null}]","[{""name"": ""יהודה ברקן"", ""slug"": ""יהודה_ברקן""}, {""name"": ""גבי עמרני"", ""slug"": ""גבי_עמרני""}, {""name"": ""אריק לביא"", ""slug"": ""אריק_לביא""}, {""name"": ""שושיק שני"", ""slug"": ""שושיק_שני""}, {""name"": ""אסתר גרינברג"", ""slug"": ""אסתר_גרינברג""}]",דרמה,1970,,5,A (<=1970)
אריאנה,אריאנה_(סרט),1971,"[{""name"": ""ג'ורג' עובדיה"", ""slug"": ""ג'ורג'_עובדיה""}, {""name"": ""מיכאל שווילי"", ""slug"": null}]","[{""name"": ""ג'ורג' עובדיה"", ""slug"": null}]","[{""name"": ""גבי עמרני"", ""slug"": ""גבי_עמרני""}, {""name"": ""אריה אליאס"", ""slug"": ""אריה_אליאס""}, {""name"": ""טובה פרדו"", ""slug"": ""טובה_פרדו""}, {""name"": ""יצחק מיכאל שילה"", ""slug"": ""יצחק_מיכאל_שילה""}, {""name"": ""אבי טולדנו"", ""slug"": ""אבי_טולדנו""}]",דרמה,1971,,5,B (1970-1990)
הרפתקאות ילדי החוף,,1971,[],"[{""name"": ""ארמין דאהלן"", ""slug"": null}]","[{""name"": ""יעל אביב"", ""slug"": ""יעל_אביב""}, {""name"": ""גבי עמרני"", ""slug"": ""גבי_עמרני""}, {""name"": ""יעקב בנאי"", ""slug"": ""יעקב_בנאי""}]",דרמה,1971,,3,B (1970-1990)
התרנגול,התרנגול,1971,"[{""name"": ""חיים חפר"", ""slug"": ""חיים_חפר""}, {""name"": ""דיק קלמנט"", ""slug"": null}]","[{""name"": ""אורי זוהר"", ""slug"": ""אורי_זוהר""}]","[{""name"": ""חיים טופול"", ""slug"": ""חיים_טופול""}, {""name"": ""גליה טופול"", ""slug"": ""גליה_טופול""}, {""name"": ""גדעון שמר"", ""slug"": ""גדעון_שמר""}, {""name"": ""אורי לוי"", ""slug"": ""אורי_לוי_(שחקן)""}, {""name"": ""תמי צפרוני"", ""slug"": null}]",דרמה,1971,,5,B (1970-1990)
חסמבה ונערי ההפקר,חסמבה_ונערי_ההפקר,1971,"[{""name"": ""יגאל מוסינזון"", ""slug"": ""יגאל_מוסינזון""}]","[{""name"": ""יואל זילברג"", ""slug"": ""יואל_זילברג""}]","[{""name"": ""שלמה ארצי"", ""slug"": ""שלמה_ארצי""}, {""name"": ""זאב רווח"", ""slug"": ""זאב_רווח""}, {""name"": ""דובי גל"", ""slug"": ""דובי_גל""}, {""name"": ""מני פאר"", ""slug"": ""מני_פאר""}, {""name"": ""אבי אוריה"", ""slug"": ""אבי_אוריה""}]",דרמה,1971,,5,B (1970-1990)
חצי חצי,חצי_חצי,1971,"[{""name"": ""אסי דיין"", ""slug"": ""אסי_דיין""}, {""name"": ""נסים עזיקרי"", ""slug"": ""נסים_עזיקרי""}]","[{""name"": ""בועז דוידזון"", ""slug"": ""בועז_דוידזון""}]","[{""name"": ""זאב ברלינסקי"", ""slug"": ""זאב_ברלינסקי""}, {""name"": ""יוסי פולק"", ""slug"": ""יוסי_פולק""}, {""name"": ""צבי שיסל"", ""slug"": ""צבי_שיסל""}, {""name"": ""ניסים עזיקרי"", ""slug"": ""ניסים_עזיקרי""}, {""name"": ""אסי דיין"", ""slug"": null}]",דרמה,1971,,5,B (1970-1990)
כץ וקרסו,כץ_וקרסו,1971,"[{""name"": ""מנחם גולן"", ""slug"": ""מנחם_גולן""}, {""name"": ""יוסף גרוס"", ""slug"": ""יוסף_גרוס""}]","[{""name"": ""מנחם גולן"", ""slug"": null}]","[{""name"": ""יהודה ברקן"", ""slug"": ""יהודה_ברקן""}, {""name"": ""אפרת לביא"", ""slug"": ""אפרת_לביא""}, {""name"": ""גדי יגיל"", ""slug"": ""גדי_יגיל""}, {""name"": ""יוסף שילוח"", ""slug"": ""יוסף_שילוח""}, {""name"": ""ניצה שאול"", ""slug"": ""ניצה_שאול""}]",קומדיה,1971,,5,B (1970-1990)
מלכת הכביש,מלכת_הכביש,1971,"[{""name"": ""גילה אלמגור"", ""slug"": ""גילה_אלמגור""}]","[{""name"": ""מנחם גולן"", ""slug"": ""מנחם_גולן""}]","[{""name"": ""יהודה ברקן"", ""slug"": ""יהודה_ברקן""}, {""name"": ""ליא קניג"", ""slug"": ""ליא_קניג""}, {""name"": ""מרים ברנשטיין-כהן"", ""slug"": ""מרים_ברנשטיין-כהן""}, {""name"": ""גילה אלמגור"", ""slug"": null}]",דרמה,1971,,4,B (1970-1990)
פישקה במילואים,פישקה_במילואים,1971,"[{""name"": ""עדה בן נחום"", ""slug"": ""עדה_בן_נחום""}]","[{""name"": ""ג'ורג' עובדיה"", ""slug"": ""ג'ורג'_עובדיה""}]","[{""name"": ""משה סולו"", ""slug"": null}, {""name"": ""פול ל. סמית'"", ""slug"": ""פול_ל._סמית'""}, {""name"": ""גבי עמרני"", ""slug"": ""גבי_עמרני""}, {""name"": ""רות דורון"", ""slug"": ""רות_דורון""}]",קומדיה,1971,,4,B (1970-1990)
אני ירושלמי,אני_ירושלמי,1971,"[{""name"": ""יהורם גאון"", ""slug"": ""יהורם_גאון""}]","[{""name"": ""יהורם גאון"", ""slug"": null}]",[],תיעודי,1971,,0,B (1970-1990)
בלומפילד,בלומפילד_(סרט),1971,"[{""name"": ""וולף מנקוביץ'"", ""slug"": null}]","[{""name"": ""אורי זוהר"", ""slug"": ""אורי_זוהר""}, {""name"": ""ריצ'רד האריס"", ""slug"": ""ריצ'רד_האריס""}]","[{""name"": ""יוסף ידין"", ""slug"": ""יוסף_ידין""}, {""name"": ""שרגא פרידמן"", ""slug"": ""שרגא_פרידמן""}]",,1971,,2,B (1970-1990)
אני אוהב אותך רוזה,אני_אוהב_אותך_רוזה,1972,"[{""name"": ""משה מזרחי"", ""slug"": ""משה_מזרחי_(במאי_קולנוע)""}]","[{""name"": ""משה מזרחי"", ""slug"": null}]","[{""name"": ""מיכל בת-אדם"", ""slug"": ""מיכל_בת-אדם""}, {""name"": ""גבי אוטרמן"", ""slug"": ""גבי_אוטרמן""}, {""name"": ""אבנר חזקיהו"", ""slug"": ""אבנר_חזקיהו""}, {""name"": ""אלישבע מיכאלי"", ""slug"": ""אלישבע_מיכאלי""}]",דרמה,1972,,4,B (1970-1990)
הגלולה,הגלולה,1972,"[{""name"": ""נסים אלוני"", ""slug"": ""נסים_אלוני""}]","[{""name"": ""דוד פרלוב"", ""slug"": ""דוד_פרלוב""}]","[{""name"": ""שרגא פרידמן"", ""slug"": ""שרגא_פרידמן""}, {""name"": ""יוסי בנאי"", ""slug"": ""יוסי_בנאי""}, {""name"": ""ז'רמן אוניקובסקי"", ""slug"": ""ז'רמן_אוניקובסקי""}]",דרמה,1972,,3,B (1970-1990)
הטרמפיסט,"הטרמפיסט_(סרט,_1972)",1972,"[{""name"": ""עמוס ספר"", ""slug"": null}]","[{""name"": ""עמוס ספר"", ""slug"": null}]","[{""name"": ""אשר צרפתי"", ""slug"": ""אשר_צרפתי""}, {""name"": ""שמואל וולף"", ""slug"": ""שמואל_וולף""}]",דרמה,1972,,2,B (1970-1990)
לאן נעלם דניאל וקס,לאן_נעלם_דניאל_וקס,1972,"[{""name"": ""אברהם הפנר"", ""slug"": ""אברהם_הפנר""}]","[{""name"": ""אברהם הפנר"", ""slug"": null}]","[{""name"": ""ליאור ייני"", ""slug"": ""ליאור_ייני""}, {""name"": ""עליזה רוזן"", ""slug"": ""עליזה_רוזן""}]",דרמה,1972,,2,B (1970-1990)
מציצים,מציצים,1972,"[{""name"": ""אורי זוהר"", ""slug"": ""אורי_זוהר""}, {""name"": ""אריק איינשטיין"", ""slug"": ""אריק_איינשטיין""}]","[{""name"": ""אורי זוהר"", ""slug"": null}]","[{""name"": ""סימה אליהו"", ""slug"": ""סימה_אליהו""}, {""name"": ""מונה זילברשטיין"", ""slug"": ""מונה_זילברשטיין""}, {""name"": ""צבי שיסל"", ""slug"": ""צבי_שיסל""}, {""name"": ""אורי זוהר"", ""slug"": null}, {""name"": ""אריק איינשטיין"", ""slug"": null}]",דרמה,1972,,5,B (1970-1990)
נורית,נורית_(סרט),1972,"[{""name"": ""ג'ורג' עובדיה"", ""slug"": ""ג'ורג'_עובדיה""}, {""name"": ""עדה בן נחום"", ""slug"": ""עדה_בן_נחום""}, {""name"": ""(עריכת דיאלוגים)"", ""slug"": null}]","[{""name"": ""ג'ורג' עובדיה"", ""slug"": ""ג'ורג'_עובדיה""}]","[{""name"": ""יונה אליאן"", ""slug"": ""יונה_אליאן""}, {""name"": ""ששי קשת"", ""slug"": ""ששי_קשת""}, {""name"": ""טובה קצב"", ""slug"": null}]",דרמה,1972,,3,B (1970-1990)
נחצ'ה והגנרל,נחצ'ה_והגנרל,1972,"[{""name"": ""אלי תבור"", ""slug"": ""אלי_תבור""}]","[{""name"": ""ג'ורג' עובדיה"", ""slug"": ""ג'ורג'_עובדיה""}]","[{""name"": ""יעקב בודו"", ""slug"": ""יעקב_בודו""}, {""name"": ""גדעון זינגר"", ""slug"": ""גדעון_זינגר""}, {""name"": ""ציפי שביט"", ""slug"": ""ציפי_שביט""}]",קומדיה,1972,,3,B (1970-1990)
סלומוניקו,סלומוניקו,1972,"[{""name"": ""ראובן בר יותם"", ""slug"": ""ראובן_בר_יותם""}, {""name"": ""אלי תבור"", ""slug"": ""אלי_תבור""}]","[{""name"": ""אלפרד שטיינהרדט"", ""slug"": ""אלפרד_שטיינהרדט""}]","[{""name"": ""אתי גרוטס"", ""slug"": ""אתי_גרוטס""}, {""name"": ""גבי עמרני"", ""slug"": ""גבי_עמרני""}, {""name"": ""מני פאר"", ""slug"": ""מני_פאר""}, {""name"": ""רונית פורת"", ""slug"": ""רונית_פורת_(שחקנית)""}, {""name"": ""ראובן בר יותם"", ""slug"": null}]",דרמה,1972,,5,B (1970-1990)
עזית הכלבה הצנחנית,עזית_הכלבה_הצנחנית_(סרט),1972,"[{""name"": ""בועז דוידזון"", ""slug"": ""בועז_דוידזון""}, {""name"": ""עוזי פליטמן"", ""slug"": null}, {""name"": ""מרדכי גור"", ""slug"": ""מרדכי_גור""}]","[{""name"": ""בועז דוידזון"", ""slug"": null}]","[{""name"": ""יוסי פולק"", ""slug"": ""יוסי_פולק""}, {""name"": ""מונה זילברשטיין"", ""slug"": ""מונה_זילברשטיין""}, {""name"": ""גדעון זינגר"", ""slug"": ""גדעון_זינגר""}]",דרמה,1972,,3,B (1970-1990)
פלוך,פלוך,1972,"[{""name"": ""דן וולמן"", ""slug"": ""דן_וולמן""}, {""name"": ""חנוך לוין"", ""slug"": ""חנוך_לוין""}]","[{""name"": ""דן וולמן"", ""slug"": null}]","[{""name"": ""אברהם חלפי"", ""slug"": ""אברהם_חלפי""}]",דרמה,1972,,1,B (1970-1990)
שוד הטלפונים הגדול,שוד_הטלפונים_הגדול,1972,"[{""name"": ""משה הדר"", ""slug"": ""משה_הדר""}, {""name"": ""מנחם גולן"", ""slug"": ""מנחם_גולן""}]","[{""name"": ""מנחם גולן"", ""slug"": null}]","[{""name"": ""גדי יגיל"", ""slug"": ""גדי_יגיל""}, {""name"": ""יהודה אפרוני"", ""slug"": ""יהודה_אפרוני""}, {""name"": ""בומבה צור"", ""slug"": ""בומבה_צור""}, {""name"": ""אבנר חזקיהו"", ""slug"": ""אבנר_חזקיהו""}, {""name"": ""ג'וזי כץ"", ""slug"": ""ג'וזי_כץ""}]",דרמה,1972,,5,B (1970-1990)
שתי דפיקות לב,שתי_דפיקות_לב,1972,"[{""name"": ""משה הדר"", ""slug"": ""משה_הדר""}]","[{""name"": ""שמואל אימברמן"", ""slug"": ""שמואל_אימברמן""}]","[{""name"": ""יהודה ברקן"", ""slug"": ""יהודה_ברקן""}, {""name"": ""מונה זילברשטיין"", ""slug"": ""מונה_זילברשטיין""}, {""name"": ""אילן דר"", ""slug"": ""אילן_דר""}, {""name"": ""אדית אסטרוק"", ""slug"": null}]",דרמה,1972,,4,B (1970-1990)
הבריחה אל השמש,הבריחה_אל_השמש,1972,[],"[{""name"": ""מנחם גולן"", ""slug"": ""מנחם_גולן""}]","[{""name"": ""יהודה ברקן"", ""slug"": ""יהודה_ברקן""}, {""name"": ""לורנס הארווי"", ""slug"": ""לורנס_הארווי""}, {""name"": ""גילה אלמגור"", ""slug"": ""גילה_אלמגור""}]",דרמה,1972,,3,B (1970-1990)
ז'אקו והיצאניות,ז'אקו_והיצאניות,1972,[],"[{""name"": ""פול סמית"", ""slug"": ""פול_סמית""}]","[{""name"": ""אושיק לוי"", ""slug"": ""אושיק_לוי""}, {""name"": ""נינט דינר"", ""slug"": null}, {""name"": ""תמי ספיבק"", ""slug"": ""תמי_ספיבק""}, {""name"": ""יעל אביב"", ""slug"": ""יעל_אביב""}]",,1972,,4,B (1970-1990)
לא ביום ולא בלילה,לא_ביום_ולא_בלילה,1972,"[{""name"": ""אברהם רז"", ""slug"": ""אברהם_רז""}, {""name"": ""גיסה וו. סלונים"", ""slug"": null}]","[{""name"": ""סטיבן הילארד שטרן"", ""slug"": null}]",[],,1972,,0,B (1970-1990)
הצד השני,"הצד_השני_(סרט,_1972)",1972,"[{""name"": ""ברוך דינר"", ""slug"": ""ברוך_דינר""}]","[{""name"": ""ברוך דינר"", ""slug"": null}]",[],דרמה,1972,,0,B (1970-1990)
תיק ירושלים,תיק_ירושלים,1972,"[{""name"": ""טרוי קנדי מרטין"", ""slug"": null}]","[{""name"": ""ג'ון פלין"", ""slug"": null}]",[],דרמה,1972,,0,B (1970-1990)
אבו אל בנאת,אבו_אל_בנאת,1973,"[{""name"": ""משה מזרחי"", ""slug"": ""משה_מזרחי_(במאי_קולנוע)""}, {""name"": ""שייקה אופיר"", ""slug"": ""שייקה_אופיר""}]","[{""name"": ""משה מזרחי"", ""slug"": null}]","[{""name"": ""זהרירה חריפאי"", ""slug"": ""זהרירה_חריפאי""}, {""name"": ""יוסף שילוח"", ""slug"": ""יוסף_שילוח""}, {""name"": ""מיכל בת-אדם"", ""slug"": ""מיכל_בת-אדם""}, {""name"": ""שייקה אופיר"", ""slug"": null}]",דרמה,1973,,4,B (1970-1990)
אור מן ההפקר,אור_מן_ההפקר,1973,"[{""name"": ""ניסים דיין"", ""slug"": ""ניסים_דיין""}, {""name"": ""יעקב אלקוב"", ""slug"": null}]","[{""name"": ""נסים דיין"", ""slug"": ""נסים_דיין""}]",[],דרמה,1973,,0,B (1970-1990)
הבית ברחוב שלוש,הבית_ברחוב_שלוש,1973,"[{""name"": ""ירח גובר"", ""slug"": null}, {""name"": ""משה מזרחי"", ""slug"": ""משה_מזרחי_(במאי_קולנוע)""}]","[{""name"": ""משה מזרחי"", ""slug"": null}]","[{""name"": ""גילה אלמגור"", ""slug"": ""גילה_אלמגור""}, {""name"": ""מיכל בת-אדם"", ""slug"": ""מיכל_בת-אדם""}, {""name"": ""שייקה אופיר"", ""slug"": ""שייקה_אופיר""}, {""name"": ""יוסף שילוח"", ""slug"": ""יוסף_שילוח""}]",דרמה,1973,,4,B (1970-1990)
הבלש האמיץ שוורץ,הבלש_האמיץ_שוורץ,1973,"[{""name"": ""עמי ארצי"", ""slug"": null}, {""name"": ""לויד קאופמן"", ""slug"": null}]","[{""name"": ""עמי ארזי"", ""slug"": null}]","[{""name"": ""בומבה צור"", ""slug"": ""בומבה_צור""}, {""name"": ""יוסף שילוח"", ""slug"": ""יוסף_שילוח""}, {""name"": ""אילן דר"", ""slug"": ""אילן_דר""}]",קומדיה,1973,,3,B (1970-1990)
הזמנה לרצח,,1973,"[{""name"": ""נפתלי אלטר"", ""slug"": ""נפתלי_אלטר""}]","[{""name"": ""אסי דיין"", ""slug"": ""אסי_דיין""}]","[{""name"": ""גבי אלדור"", ""slug"": ""גבי_אלדור""}, {""name"": ""עודד קוטלר"", ""slug"": ""עודד_קוטלר""}, {""name"": ""אברהם מור"", ""slug"": ""אברהם_מור""}]",דרמה,1973,,3,B (1970-1990)
חכם גמליאל,חכם_גמליאל,1973,"[{""name"": ""משה הדר"", ""slug"": ""משה_הדר""}]","[{""name"": ""יואל זילברג"", ""slug"": ""יואל_זילברג""}]","[{""name"": ""יוסי בנאי"", ""slug"": ""יוסי_בנאי""}, {""name"": ""אושיק לוי"", ""slug"": ""אושיק_לוי""}, {""name"": ""נחום שליט"", ""slug"": ""נחום_שליט""}, {""name"": ""מירי אלוני"", ""slug"": ""מירי_אלוני""}]",דרמה,1973,,4,B (1970-1990)
מתנה משמיים,מתנה_משמיים_(1973),1973,"[{""name"": ""גיל בן משה"", ""slug"": null}]","[{""name"": ""גד בן ארצי"", ""slug"": null}]","[{""name"": ""יוסי אלפי"", ""slug"": ""יוסי_אלפי""}, {""name"": ""גבי עמרני"", ""slug"": ""גבי_עמרני""}, {""name"": ""יעקב בנאי"", ""slug"": ""יעקב_בנאי""}]",קומדיה,1973,,3,B (1970-1990)
קוראים לי שמיל,קוראים_לי_שמיל,1973,"[{""name"": ""יגאל לב"", ""slug"": ""יגאל_לב""}]","[{""name"": ""ג'ורג' עובדיה"", ""slug"": ""ג'ורג'_עובדיה""}]","[{""name"": ""אורי זוהר"", ""slug"": ""אורי_זוהר""}, {""name"": ""פול סמית"", ""slug"": ""פול_סמית""}, {""name"": ""יונה אליאן"", ""slug"": ""יונה_אליאן""}]",קומדיה,1973,,3,B (1970-1990)
"שלום, תפילת הדרך","שלום,_תפילת_הדרך",1973,"[{""name"": ""יקי יושע"", ""slug"": ""יקי_יושע""}]","[{""name"": ""יקי יושע"", ""slug"": null}]","[{""name"": ""אברהם בן-יוסף"", ""slug"": ""אברהם_בן-יוסף""}, {""name"": ""ישראל גוריון"", ""slug"": ""ישראל_גוריון""}, {""name"": ""נסים עזיקרי"", ""slug"": ""נסים_עזיקרי""}, {""name"": ""יקי יושע"", ""slug"": null}]",דרמה,1973,,4,B (1970-1990)
המלאך היה שטן,המלאך_היה_שטן,1973,"[{""name"": ""משה גז"", ""slug"": null}]","[{""name"": ""משה גז"", ""slug"": null}]","[{""name"": ""אופליה שטראל"", ""slug"": ""אופליה_שטראל""}]",דרמה,1973,,1,B (1970-1990)
קזבלן,קזבלן_(סרט),1973,"[{""name"": ""מנחם גולן"", ""slug"": ""מנחם_גולן""}, {""name"": ""חיים חפר"", ""slug"": ""חיים_חפר""}]","[{""name"": ""מנחם גולן"", ""slug"": null}]","[{""name"": ""יהורם גאון"", ""slug"": ""יהורם_גאון""}, {""name"": ""אפרת לביא"", ""slug"": ""אפרת_לביא""}, {""name"": ""יהודה אפרוני"", ""slug"": ""יהודה_אפרוני""}, {""name"": ""יוסי גרבר"", ""slug"": ""יוסי_גרבר""}]",דרמה,1973,,4,B (1970-1990)
"המשכנע בע""מ","המשכנע_בע""מ",1973,"[{""name"": ""ראובן בר-יותם"", ""slug"": ""ראובן_בר-יותם""}, {""name"": ""אנני נדיבי"", ""slug"": null}]","[{""name"": ""יחיאל נאמן"", ""slug"": ""יחיאל_נאמן""}]","[{""name"": ""יהודה פוקס"", ""slug"": ""יהודה_פוקס_(שחקן)""}, {""name"": ""יאיר רובין"", ""slug"": ""יאיר_רובין""}, {""name"": ""ראובן בר-יותם"", ""slug"": null}]",דרמה,1973,,3,B (1970-1990)
הסנדלר העליז,הסנדלר_העליז,1973,"[{""name"": ""אבי נדיב"", ""slug"": null}]","[{""name"": ""ניקו סאפאי"", ""slug"": null}]","[{""name"": ""יעקב בן-סירא"", ""slug"": ""יעקב_בן-סירא""}, {""name"": ""גדעון זינגר"", ""slug"": ""גדעון_זינגר""}, {""name"": ""אריס סאן"", ""slug"": ""אריס_סאן""}, {""name"": ""נירה גל"", ""slug"": ""נירה_גל""}, {""name"": ""ששי קשת"", ""slug"": ""ששי_קשת""}, {""name"": ""יהושע לוף"", ""slug"": ""יהושע_לוף""}]",קומדיה,1973,,6,B (1970-1990)
אדם,אדם_(סרט),1974,"[{""name"": ""יונה דאי"", ""slug"": null}]","[{""name"": ""יונה דאי"", ""slug"": null}]","[{""name"": ""שמוליק קראוס"", ""slug"": ""שמוליק_קראוס""}, {""name"": ""איריס דוידסקו"", ""slug"": ""איריס_דוידסקו""}, {""name"": ""אילן דר"", ""slug"": ""אילן_דר""}, {""name"": ""יהודה פוקס"", ""slug"": ""יהודה_פוקס_(שחקן)""}, {""name"": ""שלמה וישינסקי"", ""slug"": ""שלמה_וישינסקי""}]",מתח,1974,,5,B (1970-1990)
עיניים גדולות,עיניים_גדולות,1974,"[{""name"": ""אורי זוהר"", ""slug"": ""אורי_זוהר""}, {""name"": ""יעקב שבתאי"", ""slug"": ""יעקב_שבתאי""}]","[{""name"": ""אורי זוהר"", ""slug"": null}]","[{""name"": ""אריק איינשטיין"", ""slug"": ""אריק_איינשטיין""}, {""name"": ""סימה אליהו"", ""slug"": ""סימה_אליהו""}, {""name"": ""אורי זוהר"", ""slug"": null}]",דרמה,1974,,3,B (1970-1990)
צ'רלי וחצי,צ'רלי_וחצי,1974,"[{""name"": ""אלי תבור"", ""slug"": ""אלי_תבור""}]","[{""name"": ""בועז דוידזון"", ""slug"": ""בועז_דוידזון""}]","[{""name"": ""זאב רווח"", ""slug"": ""זאב_רווח""}, {""name"": ""יהודה ברקן"", ""slug"": ""יהודה_ברקן""}, {""name"": ""חיה קציר"", ""slug"": ""חיה_קציר""}, {""name"": ""טוביה צפיר"", ""slug"": ""טוביה_צפיר""}, {""name"": ""אריה אליאס"", ""slug"": ""אריה_אליאס""}]",קומדיה,1974,,5,B (1970-1990)
יום הדין,"יום_הדין_(סרט,_1974)",1974,"[{""name"": ""שמואל אמיד"", ""slug"": null}]","[{""name"": ""ג'ורג' עובדיה"", ""slug"": ""ג'ורג'_עובדיה""}]","[{""name"": ""נסים סרוסי"", ""slug"": ""נסים_סרוסי""}, {""name"": ""יוסי וירז'נסקי"", ""slug"": ""יוסי_וירז'נסקי""}, {""name"": ""דליה פרידלנד"", ""slug"": ""דליה_פרידלנד""}, {""name"": ""ג'טה לוקה"", ""slug"": ""ג'טה_לוקה""}, {""name"": ""יצחק חביס"", ""slug"": ""יצחק_חביס""}, {""name"": ""מנשה ורשבסקי"", ""slug"": ""מנשה_ורשבסקי""}, {""name"": ""ראובן דיין"", ""slug"": ""ראובן_דיין""}, {""name"": ""יוסי סגל"", ""slug"": ""יוסי_סגל""}]",דרמה,1974,,8,B (1970-1990)
שרית,שרית_(סרט),1974,"[{""name"": ""דבורה הירשפלד"", ""slug"": null}]","[{""name"": ""שמעון חרמה"", ""slug"": null}, {""name"": ""ג'ורג' עובדיה"", ""slug"": ""ג'ורג'_עובדיה""}]","[{""name"": ""דליה פרידלנד"", ""slug"": ""דליה_פרידלנד""}, {""name"": ""אלישבע מיכאלי"", ""slug"": ""אלישבע_מיכאלי""}, {""name"": ""ירדנה ארזי"", ""slug"": ""ירדנה_ארזי""}, {""name"": ""יגאל בשן"", ""slug"": ""יגאל_בשן""}]",דרמה,1974,,4,B (1970-1990)
המכה ה-81,המכה_ה-81,1974,"[{""name"": ""חיים גורי"", ""slug"": ""חיים_גורי""}]","[{""name"": ""דייוויד ברגמן"", ""slug"": null}, {""name"": ""ז'קו ארליך"", ""slug"": null}]",[],,1974,,0,B (1970-1990)
איש רחל,איש_רחל,1975,"[{""name"": ""משה מזרחי"", ""slug"": ""משה_מזרחי_(במאי_קולנוע)""}]","[{""name"": ""משה מזרחי"", ""slug"": null}]","[{""name"": ""לאונרד ויטינג"", ""slug"": ""לאונרד_ויטינג""}, {""name"": ""מיכל בת-אדם"", ""slug"": ""מיכל_בת-אדם""}]",דרמה,1975,,2,B (1970-1990)
הדיבר ה-11,הדיבר_ה-11,1975,"[{""name"": ""שלמה סוריאנו"", ""slug"": ""שלמה_סוריאנו""}]","[{""name"": ""שלמה סוריאנו"", ""slug"": null}]","[{""name"": ""מיכל בת-אדם"", ""slug"": ""מיכל_בת-אדם""}, {""name"": ""יוסי גרבר"", ""slug"": ""יוסי_גרבר""}]",דרמה,1975,,2,B (1970-1990)
חגיגה בסנוקר,חגיגה_בסנוקר,1975,"[{""name"": ""אלי תבור"", ""slug"": ""אלי_תבור""}]","[{""name"": ""בועז דוידזון"", ""slug"": ""בועז_דוידזון""}]","[{""name"": ""יהודה ברקן"", ""slug"": ""יהודה_ברקן""}, {""name"": ""זאב רווח"", ""slug"": ""זאב_רווח""}, {""name"": ""יוסף שילוח"", ""slug"": ""יוסף_שילוח""}, {""name"": ""טוביה צפיר"", ""slug"": ""טוביה_צפיר""}, {""name"": ""ניצה שאול"", ""slug"": ""ניצה_שאול""}]",קומדיה,1975,,5,B (1970-1990)
חגיגה לעיניים,חגיגה_לעיניים,1975,"[{""name"": ""אסי דיין"", ""slug"": ""אסי_דיין""}, {""name"": ""נפתלי אלטר"", ""slug"": ""נפתלי_אלטר""}]","[{""name"": ""אסי דיין"", ""slug"": null}]","[{""name"": ""יוסף שילוח"", ""slug"": ""יוסף_שילוח""}, {""name"": ""טליה שפירא"", ""slug"": ""טליה_שפירא""}, {""name"": ""מרים גבריאלי"", ""slug"": ""מרים_גבריאלי""}, {""name"": ""מרדכי בן-זאב"", ""slug"": ""מרדכי_בן-זאב""}]",דרמה,1975,,4,B (1970-1990)
יהיה טוב סלומוניקו,יהיה_טוב_סלומוניקו,1975,"[{""name"": ""ראובן בר יותם"", ""slug"": null}, {""name"": ""אלי תבור"", ""slug"": null}]","[{""name"": ""אלפרד שטיינהרדט"", ""slug"": ""אלפרד_שטיינהרדט""}]","[{""name"": ""ראובן בר יותם"", ""slug"": ""ראובן_בר_יותם""}, {""name"": ""זאב ברלינסקי"", ""slug"": ""זאב_ברלינסקי""}, {""name"": ""יאיר רובין"", ""slug"": ""יאיר_רובין""}, {""name"": ""מני פאר"", ""slug"": ""מני_פאר""}]",דרמה,1975,,4,B (1970-1990)
יהלומים,"יהלומים_(סרט,_1975)",1975,[],"[{""name"": ""מנחם גולן"", ""slug"": ""מנחם_גולן""}]","[{""name"": ""רוברט שואו"", ""slug"": null}, {""name"": ""ריצ'רד ראונדטרי"", ""slug"": ""ריצ'רד_ראונדטרי""}, {""name"": ""שייקה אופיר"", ""slug"": ""שייקה_אופיר""}, {""name"": ""גדי יגיל"", ""slug"": ""גדי_יגיל""}, {""name"": ""יוסף שילוח"", ""slug"": ""יוסף_שילוח""}]",דרמה,1975,,5,B (1970-1990)
שלושה ואחת,שלושה_ואחת,1975,"[{""name"": ""מיכאל קאליק"", ""slug"": ""מיכאל_קאליק""}]","[{""name"": ""מיכאל קאליק"", ""slug"": null}]","[{""name"": ""יונה אליאן"", ""slug"": ""יונה_אליאן""}, {""name"": ""אסי דיין"", ""slug"": ""אסי_דיין""}, {""name"": ""אורי לוי"", ""slug"": ""אורי_לוי_(שחקן)""}, {""name"": ""אבישי אביבי"", ""slug"": ""אבישי_אביבי""}, {""name"": ""רפי נלסון"", ""slug"": ""רפי_נלסון""}]",דרמה,1975,,5,B (1970-1990)
המכירה הכללית,,1975,[],"[{""name"": ""פיטר קולינסון"", ""slug"": null}]",[],,1975,,0,B (1970-1990)
יופי של צרות!,יופי_של_צרות!,1976,[],"[{""name"": ""אסי דיין"", ""slug"": ""אסי_דיין""}]","[{""name"": ""זאב רווח"", ""slug"": ""זאב_רווח""}, {""name"": ""יונה אליאן"", ""slug"": ""יונה_אליאן""}, {""name"": ""טוביה צפיר"", ""slug"": ""טוביה_צפיר""}, {""name"": ""גבי עמרני"", ""slug"": ""גבי_עמרני""}]",קומדיה,1976,,4,B (1970-1990)
גבעת חלפון אינה עונה,גבעת_חלפון_אינה_עונה,1976,[],"[{""name"": ""אסי דיין"", ""slug"": ""אסי_דיין""}]","[{""name"": ""הגשש החיוור"", ""slug"": ""הגשש_החיוור""}, {""name"": ""ניצה שאול"", ""slug"": ""ניצה_שאול""}, {""name"": ""מיקי קם"", ""slug"": ""מיקי_קם""}, {""name"": ""טוביה צפיר"", ""slug"": ""טוביה_צפיר""}]",קומדיה,1976,,4,B (1970-1990)
ג'וקר,"ג'וקר_(סרט,_1976)",1976,[],"[{""name"": ""יצחק צפל ישורון"", ""slug"": ""יצחק_צפל_ישורון""}]","[{""name"": ""יהורם גאון"", ""slug"": ""יהורם_גאון""}]",דרמה,1976,,1,B (1970-1990)
הבננה השחורה,הבננה_השחורה,1976,[],"[{""name"": ""בנימין חיים"", ""slug"": null}]",[],קומדיה,1976,,0,B (1970-1990)
לופו בניו יורק,לופו_בניו_יורק,1976,[],"[{""name"": ""בועז דוידזון"", ""slug"": ""בועז_דוידזון""}]","[{""name"": ""יהודה ברקן"", ""slug"": ""יהודה_ברקן""}, {""name"": ""גבי עמרני"", ""slug"": ""גבי_עמרני""}, {""name"": ""מוטי גלעדי"", ""slug"": ""מוטי_גלעדי""}]",קומדיה,1976,,3,B (1970-1990)
מיכאל שלי,מיכאל_שלי_(סרט),1976,[],"[{""name"": ""דן וולמן"", ""slug"": ""דן_וולמן""}]","[{""name"": ""עודד קוטלר"", ""slug"": ""עודד_קוטלר""}, {""name"": ""אפרת לביא"", ""slug"": ""אפרת_לביא""}]",דרמה,1976,,2,B (1970-1990)
משפחת צנעני,משפחת_צנעני,1976,[],"[{""name"": ""בועז דוידזון"", ""slug"": ""בועז_דוידזון""}]","[{""name"": ""גבי עמרני"", ""slug"": ""גבי_עמרני""}, {""name"": ""יוסף שילוח"", ""slug"": ""יוסף_שילוח""}, {""name"": ""לבנה פינקלשטיין"", ""slug"": ""לבנה_פינקלשטיין""}, {""name"": ""אלישבע מיכאלי"", ""slug"": ""אלישבע_מיכאלי""}, {""name"": ""חיים בנאי"", ""slug"": ""חיים_בנאי""}, {""name"": ""גאולה נוני"", ""slug"": ""גאולה_נוני""}]",קומדיה,1976,,6,B (1970-1990)
קוני למל בתל אביב,קוני_למל_בתל_אביב,1976,[],"[{""name"": ""יואל זילברג"", ""slug"": ""יואל_זילברג""}]","[{""name"": ""מייק בורשטיין"", ""slug"": ""מייק_בורשטיין""}, {""name"": ""מנדי רייס-דייוויס"", ""slug"": ""מנדי_רייס-דייוויס""}, {""name"": ""יוסף באשי"", ""slug"": ""יוסף_באשי_(שחקן)""}, {""name"": ""זאב ברלינסקי"", ""slug"": ""זאב_ברלינסקי""}]",קומדיה,1976,,4,B (1970-1990)
רק היום,רק_היום,1976,[],"[{""name"": ""זאב רווח"", ""slug"": ""זאב_רווח""}]","[{""name"": ""אפרת לביא"", ""slug"": ""אפרת_לביא""}, {""name"": ""ז'אק כהן"", ""slug"": ""ז'אק_כהן""}, {""name"": ""רפאל קלצ'קין"", ""slug"": ""רפאל_קלצ'קין""}, {""name"": ""אילן דר"", ""slug"": ""אילן_דר""}, {""name"": ""זאב רווח"", ""slug"": null}]",קומדיה,1976,,5,B (1970-1990)
רחוב 60,רחוב_60,1976,[],"[{""name"": ""ג'ורג' עובדיה"", ""slug"": ""ג'ורג'_עובדיה""}]","[{""name"": ""ששי קשת"", ""slug"": ""ששי_קשת""}, {""name"": ""יונה אליאן"", ""slug"": ""יונה_אליאן""}, {""name"": ""אריה אליאס"", ""slug"": ""אריה_אליאס""}, {""name"": ""יוסף שילוח"", ""slug"": ""יוסף_שילוח""}, {""name"": ""אתי גרוטס"", ""slug"": ""אתי_גרוטס""}]",דרמה,1976,,5,B (1970-1990)
בוא נפוצץ מיליון,בוא_נפוצץ_מיליון,1977,[],"[{""name"": ""שמואל אימברמן"", ""slug"": ""שמואל_אימברמן""}]","[{""name"": ""יהודה ברקן"", ""slug"": ""יהודה_ברקן""}, {""name"": ""ראובן בר-יותם"", ""slug"": ""ראובן_בר-יותם""}, {""name"": ""ז'אק כהן"", ""slug"": ""ז'אק_כהן""}]",דרמה,1977,,3,B (1970-1990)
דודה קלרה,דודה_קלרה,1977,[],"[{""name"": ""אברהם הפנר"", ""slug"": ""אברהם_הפנר""}]","[{""name"": ""חנה מרון"", ""slug"": ""חנה_מרון""}, {""name"": ""עדנה פלידל"", ""slug"": ""עדנה_פלידל""}, {""name"": ""רות סגל"", ""slug"": ""רות_סגל""}, {""name"": ""מאיר פניגשטיין"", ""slug"": ""מאיר_פניגשטיין""}, {""name"": ""יוסף כרמון"", ""slug"": ""יוסף_כרמון""}]",דרמה,1977,,5,B (1970-1990)
הגונב מגנב פטור,הגונב_מגנב_פטור,1977,[],"[{""name"": ""זאב רווח"", ""slug"": ""זאב_רווח""}]","[{""name"": ""ז'אק כהן"", ""slug"": ""ז'אק_כהן""}, {""name"": ""אילן דר"", ""slug"": ""אילן_דר""}, {""name"": ""שולה רווח"", ""slug"": ""שולה_רווח""}, {""name"": ""שייקה אופיר"", ""slug"": ""שייקה_אופיר""}, {""name"": ""זאב רווח"", ""slug"": null}]",קומדיה,1977,,5,B (1970-1990)
הצילו את המציל,הצילו_את_המציל,1977,[],"[{""name"": ""איציק קול"", ""slug"": ""איציק_קול""}, {""name"": ""אורי זוהר"", ""slug"": ""אורי_זוהר""}]","[{""name"": ""גבי עמרני"", ""slug"": ""גבי_עמרני""}, {""name"": ""גילה אלמגור"", ""slug"": ""גילה_אלמגור""}, {""name"": ""יוסף שילוח"", ""slug"": ""יוסף_שילוח""}, {""name"": ""חנה לסלאו"", ""slug"": ""חנה_לסלאו""}, {""name"": ""אורי זוהר"", ""slug"": null}]",קומדיה,1977,,5,B (1970-1990)
הרשלה,הרשלה_(סרט),1977,[],"[{""name"": ""יואל זילברג"", ""slug"": ""יואל_זילברג""}]","[{""name"": ""מייק בורשטיין"", ""slug"": ""מייק_בורשטיין""}, {""name"": ""אריה אליאס"", ""slug"": ""אריה_אליאס""}, {""name"": ""אסתי כץ"", ""slug"": ""אסתי_כץ""}, {""name"": ""אשר צרפתי"", ""slug"": ""אשר_צרפתי""}, {""name"": ""מנדי רייס-דייוויס"", ""slug"": ""מנדי_רייס-דייוויס""}]",קומדיה,1977,,5,B (1970-1990)
חמש מאות אלף שחור,חמש_מאות_אלף_שחור,1977,[],"[{""name"": ""שייקה אופיר"", ""slug"": ""שייקה_אופיר""}]","[{""name"": ""ז'אק כהן"", ""slug"": ""ז'אק_כהן""}, {""name"": ""יוסף שילוח"", ""slug"": ""יוסף_שילוח""}, {""name"": ""זאב רווח"", ""slug"": ""זאב_רווח""}, {""name"": ""שייקה אופיר"", ""slug"": null}]",דרמה,1977,,4,B (1970-1990)
מבצע יונתן,מבצע_יונתן_(סרט),1977,[],"[{""name"": ""מנחם גולן"", ""slug"": ""מנחם_גולן""}]","[{""name"": ""יהורם גאון"", ""slug"": ""יהורם_גאון""}, {""name"": ""אסי דיין"", ""slug"": ""אסי_דיין""}, {""name"": ""אריק לביא"", ""slug"": ""אריק_לביא""}, {""name"": ""קלאוס קינסקי"", ""slug"": ""קלאוס_קינסקי""}, {""name"": ""סיביל דאנינג"", ""slug"": null}, {""name"": ""דבורה קידר"", ""slug"": null}]",דרמה,1977,,6,B (1970-1990)
מסע אלונקות,מסע_אלונקות_(סרט),1977,[],"[{""name"": ""יהודה נאמן"", ""slug"": ""יהודה_נאמן""}]","[{""name"": ""גידי גוב"", ""slug"": ""גידי_גוב""}, {""name"": ""מוני מושונוב"", ""slug"": ""מוני_מושונוב""}, {""name"": ""דב גליקמן"", ""slug"": ""דב_גליקמן""}, {""name"": ""שלמה בראבא"", ""slug"": ""שלמה_בראבא""}, {""name"": ""דליק ווליניץ"", ""slug"": ""דליק_ווליניץ""}]",דרמה,1977,,5,B (1970-1990)
בדרנית בחצות,בדרנית_בחצות,1977,[],"[{""name"": ""ג'ורג' עובדיה"", ""slug"": ""ג'ורג'_עובדיה""}]","[{""name"": ""צביקה פיק"", ""slug"": ""צביקה_פיק""}, {""name"": ""תיקי דיין"", ""slug"": ""תיקי_דיין""}, {""name"": ""לבנה פינקלשטיין"", ""slug"": ""לבנה_פינקלשטיין""}, {""name"": ""לילית נגר"", ""slug"": ""לילית_נגר""}]",קומדיה,1977,,4,B (1970-1990)
הגן,הגן,1977,[],"[{""name"": ""ויקטור נורד"", ""slug"": null}]","[{""name"": ""שייקה אופיר"", ""slug"": ""שייקה_אופיר""}, {""name"": ""שושנה דואר"", ""slug"": ""שושנה_דואר""}, {""name"": ""מלאני גריפית'"", ""slug"": ""מלאני_גריפית'""}, {""name"": ""צחי נוי"", ""slug"": ""צחי_נוי""}]",דרמה,1977,,4,B (1970-1990)
יעקב ויוסף,,1977,[],"[{""name"": ""מנחם גולן"", ""slug"": ""מנחם_גולן""}]",[],,1977,,0,B (1970-1990)
פנטסיה על נושא רומנטי,פנטסיה_על_נושא_רומנטי,1977,"[{""name"": ""חנוך לוין"", ""slug"": ""חנוך_לוין""}, {""name"": ""ויטק טרץ'"", ""slug"": null}, {""name"": ""|"", ""slug"": null}]","[{""name"": ""יהודה פוקס"", ""slug"": ""יהודה_פוקס_(שחקן)""}]",[],,1977,,0,B (1970-1990)
אסקימו לימון,אסקימו_לימון_(סרט),1978,[],"[{""name"": ""בועז דוידזון"", ""slug"": ""בועז_דוידזון""}]","[{""name"": ""יפתח קצור"", ""slug"": ""יפתח_קצור""}, {""name"": ""צחי נוי"", ""slug"": ""צחי_נוי""}, {""name"": ""יהונתן סגל"", ""slug"": ""יהונתן_סגל""}, {""name"": ""ענת עצמון"", ""slug"": ""ענת_עצמון""}, {""name"": ""דבורה קידר"", ""slug"": null}]",קומדיה,1978,,5,B (1970-1990)
השועל בלול התרנגולות,השועל_בלול_התרנגולות,1978,[],"[{""name"": ""אפרים קישון"", ""slug"": ""אפרים_קישון""}]","[{""name"": ""שייקה אופיר"", ""slug"": ""שייקה_אופיר""}, {""name"": ""ספי ריבלין"", ""slug"": ""ספי_ריבלין""}, {""name"": ""זהרירה חריפאי"", ""slug"": ""זהרירה_חריפאי""}, {""name"": ""גדעון זינגר"", ""slug"": ""גדעון_זינגר""}, {""name"": ""מוסקו אלקלעי"", ""slug"": ""מוסקו_אלקלעי""}, {""name"": ""ניצה שאול"", ""slug"": ""ניצה_שאול""}]",דרמה,1978,,6,B (1970-1990)
ישראלים מצחיקים,ישראלים_מצחיקים,1978,[],"[{""name"": ""בועז דוידזון"", ""slug"": ""בועז_דוידזון""}]","[{""name"": ""צבי שיסל"", ""slug"": ""צבי_שיסל""}, {""name"": ""בועז דוידזון"", ""slug"": null}]",קומדיה,1978,,2,B (1970-1990)
מיליונר בצרות,מיליונר_בצרות,1978,[],"[{""name"": ""יואל זילברג"", ""slug"": ""יואל_זילברג""}]","[{""name"": ""יהודה ברקן"", ""slug"": ""יהודה_ברקן""}, {""name"": ""יעקב בודו"", ""slug"": ""יעקב_בודו""}, {""name"": ""מנדי רייס-דייוויס"", ""slug"": ""מנדי_רייס-דייוויס""}, {""name"": ""גדעון זינגר"", ""slug"": ""גדעון_זינגר""}, {""name"": ""עדנה פלידל"", ""slug"": ""עדנה_פלידל""}]",קומדיה,1978,,5,B (1970-1990)
סוסעץ,סוסעץ,1978,[],"[{""name"": ""יקי יושע"", ""slug"": ""יקי_יושע""}]","[{""name"": ""שמוליק קראוס"", ""slug"": ""שמוליק_קראוס""}, {""name"": ""גדליה בסר"", ""slug"": ""גדליה_בסר""}, {""name"": ""ג'וזי כץ"", ""slug"": ""ג'וזי_כץ""}, {""name"": ""נתן כוגן"", ""slug"": ""נתן_כוגן""}]",דרמה,1978,,4,B (1970-1990)
שרגא קטן,שרגא_קטן,1978,[],"[{""name"": ""זאב רווח"", ""slug"": ""זאב_רווח""}]","[{""name"": ""ניצה שאול"", ""slug"": ""ניצה_שאול""}, {""name"": ""צחי נוי"", ""slug"": ""צחי_נוי""}, {""name"": ""זאב רווח"", ""slug"": null}]",דרמה,1978,,3,B (1970-1990)
אהבה וכדורגל,,1978,[],"[{""name"": ""סרג' אנקרי"", ""slug"": ""סרג'_אנקרי""}]",[],,1978,,0,B (1970-1990)
בלפר,בלפר_(סרט),1978,[],"[{""name"": ""יגאל בורשטיין"", ""slug"": ""יגאל_בורשטיין""}]","[{""name"": ""גדי יגיל"", ""slug"": ""גדי_יגיל""}, {""name"": ""אבנר חזקיהו"", ""slug"": ""אבנר_חזקיהו""}, {""name"": ""טליה שפירא"", ""slug"": ""טליה_שפירא""}, {""name"": ""חנה לסלאו"", ""slug"": ""חנה_לסלאו""}]",דרמה,1978,,4,B (1970-1990)
קובי ומלי,,1978,[],"[{""name"": ""יצחק צפל ישורון"", ""slug"": ""יצחק_צפל_ישורון""}]",[],,1978,,0,B (1970-1990)
הלהקה,הלהקה,1978,[],"[{""name"": ""אבי נשר"", ""slug"": ""אבי_נשר""}]","[{""name"": ""גידי גוב"", ""slug"": ""גידי_גוב""}, {""name"": ""ששי קשת"", ""slug"": ""ששי_קשת""}, {""name"": ""מאיר סויסה"", ""slug"": ""מאיר_סויסה""}, {""name"": ""גלי עטרי"", ""slug"": ""גלי_עטרי""}, {""name"": ""חלי גולדנברג"", ""slug"": ""חלי_גולדנברג""}]",דרמה,1978,,5,B (1970-1990)
אמי הגנרלית,אמי_הגנרלית,1979,[],"[{""name"": ""יואל זילברג"", ""slug"": ""יואל_זילברג""}]","[{""name"": ""גילה אלמגור"", ""slug"": ""גילה_אלמגור""}, {""name"": ""אורי סלי"", ""slug"": null}, {""name"": ""גדעון זינגר"", ""slug"": ""גדעון_זינגר""}, {""name"": ""גילת אנקורי"", ""slug"": ""גילת_אנקורי""}, {""name"": ""צחי נוי"", ""slug"": ""צחי_נוי""}]",קומדיה,1979,,5,B (1970-1990)
אסקימו לימון 2 - יוצאים קבוע,אסקימו_לימון_2_-_יוצאים_קבוע,1979,[],"[{""name"": ""בועז דוידזון"", ""slug"": ""בועז_דוידזון""}]","[{""name"": ""יפתח קצור"", ""slug"": ""יפתח_קצור""}, {""name"": ""צחי נוי"", ""slug"": ""צחי_נוי""}, {""name"": ""יהונתן סגל"", ""slug"": ""יהונתן_סגל""}, {""name"": ""איבון מיקלוש"", ""slug"": ""איבון_מיקלוש""}, {""name"": ""דבורה קידר"", ""slug"": null}]",קומדיה,1979,,5,B (1970-1990)
דיזנגוף 99,דיזנגוף_99,1979,[],"[{""name"": ""אבי נשר"", ""slug"": ""אבי_נשר""}]","[{""name"": ""גלי עטרי"", ""slug"": ""גלי_עטרי""}, {""name"": ""גידי גוב"", ""slug"": ""גידי_גוב""}, {""name"": ""מאיר סויסה"", ""slug"": ""מאיר_סויסה""}, {""name"": ""ענת עצמון"", ""slug"": ""ענת_עצמון""}]",דרמה,1979,,4,B (1970-1990)
טעות במספר,טעות_במספר,1979,[],"[{""name"": ""זאב רווח"", ""slug"": ""זאב_רווח""}]","[{""name"": ""ישראל גוריון"", ""slug"": ""ישראל_גוריון""}, {""name"": ""שייקה אופיר"", ""slug"": ""שייקה_אופיר""}, {""name"": ""גדעון זינגר"", ""slug"": ""גדעון_זינגר""}, {""name"": ""זאב רווח"", ""slug"": null}]",קומדיה,1979,,4,B (1970-1990)
לא לעלות יותר,לא_לעלות_יותר,1979,[],"[{""name"": ""זאב רווח"", ""slug"": ""זאב_רווח""}]","[{""name"": ""גאולה נוני"", ""slug"": ""גאולה_נוני""}, {""name"": ""זאב רווח"", ""slug"": null}]",קומדיה,1979,,2,B (1970-1990)
נישואין נוסח תל אביב,נישואין_נוסח_תל_אביב,1979,[],"[{""name"": ""יואל זילברג"", ""slug"": ""יואל_זילברג""}]","[{""name"": ""טוביה צפיר"", ""slug"": ""טוביה_צפיר""}, {""name"": ""יוסף שילוח"", ""slug"": ""יוסף_שילוח""}, {""name"": ""מירי אלוני"", ""slug"": ""מירי_אלוני""}, {""name"": ""גילת אנקורי"", ""slug"": ""גילת_אנקורי""}]",קומדיה,1979,,4,B (1970-1990)
נערת הפרברים,נערת_הפרברים,1979,[],"[{""name"": ""ג'ורג' עובדיה"", ""slug"": ""ג'ורג'_עובדיה""}]","[{""name"": ""עפרה חזה"", ""slug"": ""עפרה_חזה""}, {""name"": ""אורי סלי"", ""slug"": null}, {""name"": ""אבנר דן"", ""slug"": ""אבנר_דן""}, {""name"": ""מנחם עיני"", ""slug"": ""מנחם_עיני""}]",דרמה,1979,,4,B (1970-1990)
רובה חוליות,רובה_חוליות,1979,[],"[{""name"": ""אילן מושנזון"", ""slug"": ""אילן_מושנזון""}]","[{""name"": ""אריק רוזן"", ""slug"": null}, {""name"": ""אופליה שטראל"", ""slug"": ""אופליה_שטראל""}, {""name"": ""יהודית סולה"", ""slug"": ""יהודית_סולה""}]",דרמה,1979,,3,B (1970-1990)
שלאגר,שלאגר_(סרט),1979,[],"[{""name"": ""אסי דיין"", ""slug"": ""אסי_דיין""}]","[{""name"": ""הגשש החיוור"", ""slug"": ""הגשש_החיוור""}, {""name"": ""עפרה חזה"", ""slug"": ""עפרה_חזה""}, {""name"": ""שולה רווח"", ""slug"": ""שולה_רווח""}, {""name"": ""מנחם זילברמן"", ""slug"": ""מנחם_זילברמן""}]",קומדיה,1979,,4,B (1970-1990)
אל תשאלי אם אני אוהב,אל_תשאלי_אם_אני_אוהב,1979,[],"[{""name"": ""ברברה נובל"", ""slug"": null}]","[{""name"": ""עמוס לביא"", ""slug"": ""עמוס_לביא""}]",,1979,,1,B (1970-1990)
טרנזיט,טרנזיט_(1980),1979,[],"[{""name"": ""דני וקסמן"", ""slug"": ""דני_וקסמן""}]",[],,1979,,0,B (1970-1990)
פרשת וינשל,פרשת_וינשל,1979,[],"[{""name"": ""אברהם הפנר"", ""slug"": ""אברהם_הפנר""}]",[],,1979,,0,B (1970-1990)
רגעים,רגעים_(סרט),1979,[],"[{""name"": ""מיכל בת-אדם"", ""slug"": ""מיכל_בת-אדם""}]",[],,1979,,0,B (1970-1990)
אהבה כוזבת,,1980,"[{""name"": ""עוזי פרס"", ""slug"": ""עוזי_פרס""}, {""name"": ""סלבי קון"", ""slug"": null}, {""name"": ""מישל קיימן"", ""slug"": null}]","[{""name"": ""עוזי פרס"", ""slug"": null}]","[{""name"": ""מאתייה אורטליב"", ""slug"": null}, {""name"": ""סילבי קון"", ""slug"": null}]",,1980,,2,B (1970-1990)
הפחדנים,הפחדנים,1980,"[{""name"": ""אבי נשר"", ""slug"": ""אבי_נשר""}]","[{""name"": ""אבי נשר"", ""slug"": null}]","[{""name"": ""חלי גולדנברג"", ""slug"": ""חלי_גולדנברג""}, {""name"": ""מאיר סויסה"", ""slug"": ""מאיר_סויסה""}]",קומדיה,1980,,2,B (1970-1990)
"חייך, אכלת אותה","חייך,_אכלת_אותה",1980,"[{""name"": ""יהודה ברקן"", ""slug"": ""יהודה_ברקן""}, {""name"": ""עדה בן נחום"", ""slug"": ""עדה_בן_נחום""}, {""name"": ""יגאל שילון"", ""slug"": ""יגאל_שילון""}]","[{""name"": ""יהודה ברקן"", ""slug"": null}, {""name"": ""יגאל שילון"", ""slug"": null}]","[{""name"": ""יהודה ברקן"", ""slug"": null}]",קומדיה,1980,,1,B (1970-1990)
חמש חמש,חמש_חמש,1980,"[{""name"": ""אבי קורן"", ""slug"": ""אבי_קורן""}, {""name"": ""שמואל אימברמן"", ""slug"": ""שמואל_אימברמן""}]","[{""name"": ""שמואל אימברמן"", ""slug"": null}]","[{""name"": ""גילת אנקורי"", ""slug"": ""גילת_אנקורי""}, {""name"": ""אלי גורנשטיין"", ""slug"": ""אלי_גורנשטיין""}, {""name"": ""דליק ווליניץ"", ""slug"": ""דליק_ווליניץ""}]",דרמה,1980,,3,B (1970-1990)
כוכב השחר,כוכב_השחר_(סרט),1980,"[{""name"": ""שמעון חדידה"", ""slug"": null}, {""name"": ""עקיבא ברקין"", ""slug"": ""עקיבא_ברקין""}]","[{""name"": ""עקיבא ברקין"", ""slug"": null}]","[{""name"": ""אשר צרפתי"", ""slug"": ""אשר_צרפתי""}, {""name"": ""נועם קניאל"", ""slug"": ""נועם_קניאל""}, {""name"": ""יוסף שילוח"", ""slug"": ""יוסף_שילוח""}, {""name"": ""אריה אליאס"", ""slug"": ""אריה_אליאס""}]",דרמה,1980,,4,B (1970-1990)
מחבואים,"מחבואים_(סרט,_1980)",1980,"[{""name"": ""דן וולמן"", ""slug"": ""דן_וולמן""}]","[{""name"": ""דן וולמן"", ""slug"": null}]","[{""name"": ""גילה אלמגור"", ""slug"": ""גילה_אלמגור""}]",דרמה,1980,,1,B (1970-1990)
מלך ליום אחד,מלך_ליום_אחד_(סרט),1980,"[{""name"": ""אסי דיין"", ""slug"": ""אסי_דיין""}, {""name"": ""נפתלי אלטר"", ""slug"": ""נפתלי_אלטר""}]","[{""name"": ""יקי יושע"", ""slug"": ""יקי_יושע""}]","[{""name"": ""גבי עמרני"", ""slug"": ""גבי_עמרני""}, {""name"": ""חנן גולדבלט"", ""slug"": ""חנן_גולדבלט""}, {""name"": ""מוסקו אלקלעי"", ""slug"": ""מוסקו_אלקלעי""}]",קומדיה,1980,,3,B (1970-1990)
על חבל דק,על_חבל_דק,1980,"[{""name"": ""מיכל בת-אדם"", ""slug"": ""מיכל_בת-אדם""}]","[{""name"": ""מיכל בת-אדם"", ""slug"": null}]","[{""name"": ""גילה אלמגור"", ""slug"": ""גילה_אלמגור""}]",דרמה,1980,,1,B (1970-1990)
פצעי בגרות 80,פצעי_בגרות_80,1980,"[{""name"": ""זאב רווח"", ""slug"": ""זאב_רווח""}]","[{""name"": ""זאב רווח"", ""slug"": null}]","[{""name"": ""שרון אלכסנדר"", ""slug"": ""שרון_אלכסנדר""}, {""name"": ""דליה שימקו"", ""slug"": ""דליה_שימקו""}]",דרמה,1980,,2,B (1970-1990)
אסקימו לימון 3 - שפשוף נעים,אסקימו_לימון_3_-_שפשוף_נעים,1981,"[{""name"": ""בועז דוידזון"", ""slug"": ""בועז_דוידזון""}, {""name"": ""אלי תבור"", ""slug"": ""אלי_תבור""}]","[{""name"": ""בועז דוידזון"", ""slug"": null}]","[{""name"": ""יפתח קצור"", ""slug"": ""יפתח_קצור""}, {""name"": ""צחי נוי"", ""slug"": ""צחי_נוי""}, {""name"": ""יהונתן סגל"", ""slug"": ""יהונתן_סגל""}, {""name"": ""דבורה קידר"", ""slug"": null}]",קומדיה,1981,,4,B (1970-1990)
האיש שבא לקחת,האיש_שבא_לקחת,1981,"[{""name"": ""זאב רווח"", ""slug"": ""זאב_רווח""}, {""name"": ""פרוספר פרינטה"", ""slug"": null}]","[{""name"": ""פרוספר פריינטה"", ""slug"": null}]","[{""name"": ""זאב רווח"", ""slug"": ""זאב_רווח""}, {""name"": ""יוסי וירז'נסקי"", ""slug"": ""יוסי_וירז'נסקי""}, {""name"": ""אסי דיין"", ""slug"": ""אסי_דיין""}]",דרמה,1981,,3,B (1970-1990)
העיט,העיט,1981,"[{""name"": ""יקי יושע"", ""slug"": ""יקי_יושע""}]","[{""name"": ""יקי יושע"", ""slug"": null}]","[{""name"": ""שרגא הרפז"", ""slug"": ""שרגא_הרפז""}, {""name"": ""שמעון פינקל"", ""slug"": ""שמעון_פינקל""}, {""name"": ""ניצה שאול"", ""slug"": ""ניצה_שאול""}]",דרמה,1981,,3,B (1970-1990)
לא לשידור,לא_לשידור,1981,"[{""name"": ""גדליה בסר"", ""slug"": ""גדליה_בסר""}, {""name"": ""יעוד לבנון"", ""slug"": ""יעוד_לבנון""}]","[{""name"": ""יעוד לבנון"", ""slug"": null}]","[{""name"": ""גדליה בסר"", ""slug"": ""גדליה_בסר""}, {""name"": ""עמי טראוב"", ""slug"": ""עמי_טראוב""}, {""name"": ""עירית שלג"", ""slug"": ""עירית_שלג""}, {""name"": ""גילה אלמגור"", ""slug"": ""גילה_אלמגור""}]",דרמה,1981,,4,B (1970-1990)
מסג'יסט הצמרת,מסג'יסט_הצמרת,1981,"[{""name"": ""מרגלית צבי"", ""slug"": null}]","[{""name"": ""אלפרד שטיינהרדט"", ""slug"": ""אלפרד_שטיינהרדט""}]","[{""name"": ""דובי גל"", ""slug"": ""דובי_גל""}, {""name"": ""אלברט כהן"", ""slug"": ""אלברט_כהן""}, {""name"": ""יוסף שילוח"", ""slug"": ""יוסף_שילוח""}]",קומדיה,1981,,3,B (1970-1990)
סופו של מילטון לוי,סופו_של_מילטון_לוי,1981,"[{""name"": ""נסים דיין"", ""slug"": ""נסים_דיין""}]","[{""name"": ""נסים דיין"", ""slug"": null}]","[{""name"": ""אושיק לוי"", ""slug"": ""אושיק_לוי""}, {""name"": ""דב גליקמן"", ""slug"": ""דב_גליקמן""}]",דרמה,1981,,2,B (1970-1990)
סיפור אינטימי,סיפור_אינטימי,1981,"[{""name"": ""נדב לויתן"", ""slug"": ""נדב_לויתן""}]","[{""name"": ""נדב לויתן"", ""slug"": null}]","[{""name"": ""חוה אלברשטיין"", ""slug"": ""חוה_אלברשטיין""}, {""name"": ""אלכס פלג"", ""slug"": ""אלכס_פלג""}, {""name"": ""דן תורן"", ""slug"": ""דן_תורן""}]",דרמה,1981,,3,B (1970-1990)
עם ישראל חי,עם_ישראל_חי_(סרט),1981,"[{""name"": ""אסי דיין"", ""slug"": ""אסי_דיין""}]","[{""name"": ""אסי דיין"", ""slug"": null}]","[{""name"": ""חנן גולדבלט"", ""slug"": ""חנן_גולדבלט""}, {""name"": ""אייל גפן"", ""slug"": ""אייל_גפן""}, {""name"": ""חנה לסלאו"", ""slug"": ""חנה_לסלאו""}]",דרמה,1981,,3,B (1970-1990)
שגעון של אבא,שגעון_של_אבא,1981,"[{""name"": ""אלי שגיא"", ""slug"": ""אלי_שגיא""}]","[{""name"": ""אלי שגיא"", ""slug"": null}]","[{""name"": ""גבי עמרני"", ""slug"": ""גבי_עמרני""}, {""name"": ""שושיק שני"", ""slug"": ""שושיק_שני""}, {""name"": ""ששי קשת"", ""slug"": ""ששי_קשת""}]",קומדיה,1981,,3,B (1970-1990)
שדר מן העתיד,,1981,"[{""name"": ""דוד אבידן"", ""slug"": ""דוד_אבידן""}]","[{""name"": ""דוד אבידן"", ""slug"": null}]","[{""name"": ""ג'וזף בי"", ""slug"": null}, {""name"": ""אבי יקיר"", ""slug"": ""אבי_יקיר""}, {""name"": ""אביבה מרקס"", ""slug"": ""אביבה_מרקס""}, {""name"": ""דוד אבידן"", ""slug"": null}]",מדע בדיוני,1981,,4,B (1970-1990)
אדון לאון,אדון_לאון,1982,"[{""name"": ""זאב רווח"", ""slug"": ""זאב_רווח""}, {""name"": ""שמעון ישראלי"", ""slug"": ""שמעון_ישראלי""}]","[{""name"": ""זאב רווח"", ""slug"": null}]","[{""name"": ""מאיר סוויסה"", ""slug"": ""מאיר_סוויסה""}, {""name"": ""משה איבגי"", ""slug"": ""משה_איבגי""}, {""name"": ""זאב רווח"", ""slug"": null}]",קומדיה,1982,,3,B (1970-1990)
אהבה אילמת,אהבה_אילמת,1982,"[{""name"": ""אלי תבור"", ""slug"": ""אלי_תבור""}]","[{""name"": ""יואל זילברג"", ""slug"": ""יואל_זילברג""}]","[{""name"": ""שרגא הרפז"", ""slug"": ""שרגא_הרפז""}, {""name"": ""אביבה גר"", ""slug"": ""אביבה_גר""}, {""name"": ""אשר צרפתי"", ""slug"": ""אשר_צרפתי""}, {""name"": ""לשה רוזנברג"", ""slug"": null}, {""name"": ""מירי אלוני"", ""slug"": ""מירי_אלוני""}]",דרמה,1982,,5,B (1970-1990)
אהבה ראשונה,אהבה_ראשונה_(סרט),1982,"[{""name"": ""עוזי פרס"", ""slug"": ""עוזי_פרס""}]","[{""name"": ""עוזי פרס"", ""slug"": null}]","[{""name"": ""גילה אלמגור"", ""slug"": ""גילה_אלמגור""}, {""name"": ""יפתח קצור"", ""slug"": ""יפתח_קצור""}, {""name"": ""חנן גולדבלט"", ""slug"": ""חנן_גולדבלט""}, {""name"": ""דבי הס"", ""slug"": ""דבי_הס""}, {""name"": ""אורי לוי"", ""slug"": ""אורי_לוי_(שחקן)""}]",דרמה,1982,,5,B (1970-1990)
אות קין,אות_קין_(סרט),1982,"[{""name"": ""אורי ברבש"", ""slug"": ""אורי_ברבש""}, {""name"": ""ערן פרייס"", ""slug"": ""ערן_פרייס""}]","[{""name"": ""אורי ברבש"", ""slug"": null}]","[{""name"": ""ארנון צדוק"", ""slug"": ""ארנון_צדוק""}, {""name"": ""דליק ווליניץ"", ""slug"": ""דליק_ווליניץ""}, {""name"": ""עפרה וינגרטן"", ""slug"": ""עפרה_וינגרטן""}]",דרמה,1982,,3,B (1970-1990)
בן לוקח בת,בן_לוקח_בת,1982,"[{""name"": ""מיכל בת-אדם"", ""slug"": ""מיכל_בת-אדם""}]","[{""name"": ""מיכל בת-אדם"", ""slug"": null}]","[{""name"": ""מיכל בת-אדם"", ""slug"": null}]",דרמה,1982,,1,B (1970-1990)
גבי בן יקר,גבי_בן_יקר,1982,"[{""name"": ""ערן פרייס"", ""slug"": ""ערן_פרייס""}]","[{""name"": ""אורי ברבש"", ""slug"": ""אורי_ברבש""}]","[{""name"": ""משה איבגי"", ""slug"": ""משה_איבגי""}]",דרמה,1982,,1,B (1970-1990)
כביש ללא מוצא,כביש_ללא_מוצא_(סרט),1982,"[{""name"": ""יקי יושע"", ""slug"": ""יקי_יושע""}, {""name"": ""אלי תבור"", ""slug"": ""אלי_תבור""}]","[{""name"": ""יקי יושע"", ""slug"": null}]","[{""name"": ""יהורם גאון"", ""slug"": ""יהורם_גאון""}, {""name"": ""ענת עצמון"", ""slug"": ""ענת_עצמון""}, {""name"": ""גילה אלמגור"", ""slug"": ""גילה_אלמגור""}]",דרמה,1982,,3,B (1970-1990)
כשנותנים - קח!,כשנותנים_-_קח!,1982,"[{""name"": ""מיכאל גרינשטיין"", ""slug"": null}]","[{""name"": ""אלפרד שטיינהארדט"", ""slug"": ""אלפרד_שטיינהארדט""}]","[{""name"": ""יעקב בודו"", ""slug"": ""יעקב_בודו""}, {""name"": ""רחל דיין"", ""slug"": null}]",,1982,,2,B (1970-1990)
מתחת לאף,מתחת_לאף,1982,"[{""name"": ""חיים מרין"", ""slug"": ""חיים_מרין""}]","[{""name"": ""יעקב גולדווסר"", ""slug"": ""יעקב_גולדווסר""}]","[{""name"": ""אורי גבריאל"", ""slug"": ""אורי_גבריאל""}, {""name"": ""משה איבגי"", ""slug"": ""משה_איבגי""}]",דרמה,1982,,2,B (1970-1990)
נועה בת 17,נועה_בת_17,1982,"[{""name"": ""יצחק צפל ישורון"", ""slug"": ""יצחק_צפל_ישורון""}]","[{""name"": ""יצחק צפל ישורון"", ""slug"": null}]","[{""name"": ""דליה שימקו"", ""slug"": ""דליה_שימקו""}]",דרמה,1982,,1,B (1970-1990)
צלילה חוזרת,צלילה_חוזרת,1982,"[{""name"": ""שמעון דותן"", ""slug"": ""שמעון_דותן""}]","[{""name"": ""שמעון דותן"", ""slug"": null}]","[{""name"": ""דורון נשר"", ""slug"": ""דורון_נשר""}, {""name"": ""בתיה רוזנטל"", ""slug"": ""בתיה_רוזנטל""}]",דרמה,1982,,2,B (1970-1990)
אסקימו לימון 4 - ספיחס,אסקימו_לימון_4_-_ספיחס,1982,"[{""name"": ""בועז דוידזון"", ""slug"": ""בועז_דוידזון""}, {""name"": ""אלי תבור"", ""slug"": ""אלי_תבור""}]","[{""name"": ""בועז דוידזון"", ""slug"": null}]","[{""name"": ""יפתח קצור"", ""slug"": ""יפתח_קצור""}, {""name"": ""צחי נוי"", ""slug"": ""צחי_נוי""}, {""name"": ""יהונתן סגל"", ""slug"": ""יהונתן_סגל""}, {""name"": ""יוסף שילוח"", ""slug"": ""יוסף_שילוח""}, {""name"": ""דבורה קידר"", ""slug"": null}]",קומדיה,1982,,5,B (1970-1990)
בחינת בגרות,בחינת_בגרות_(סרט),1983,"[{""name"": ""אסי דיין"", ""slug"": ""אסי_דיין""}, {""name"": ""נפתלי אלטר"", ""slug"": ""נפתלי_אלטר""}, {""name"": ""גלילה רון-פדר עמית"", ""slug"": ""גלילה_רון-פדר_עמית""}]","[{""name"": ""אסי דיין"", ""slug"": null}]","[{""name"": ""דן תורן"", ""slug"": ""דן_תורן""}, {""name"": ""עירית פרנק"", ""slug"": ""עירית_פרנק""}]",דרמה,1983,,2,B (1970-1990)
נורית 2,נורית_2,1983,"[{""name"": ""ג'ורג' עובדיה"", ""slug"": ""ג'ורג'_עובדיה""}]","[{""name"": ""ג'ורג' עובדיה"", ""slug"": null}]","[{""name"": ""איתן מסורי"", ""slug"": ""איתן_מסורי""}, {""name"": ""מוניקה טסלר"", ""slug"": ""מוניקה_טסלר""}, {""name"": ""אריה אליאס"", ""slug"": ""אריה_אליאס""}, {""name"": ""יעקב בן סירא"", ""slug"": ""יעקב_בן_סירא""}, {""name"": ""שלמה גולדברג"", ""slug"": ""שלמה_גולדברג""}]",דרמה,1983,,5,B (1970-1990)
המגילה 83,המגילה_83,1983,"[{""name"": ""אילן אלדד"", ""slug"": ""אילן_אלדד""}, {""name"": ""חיים חפר"", ""slug"": ""חיים_חפר""}]","[{""name"": ""אילן אלדד"", ""slug"": null}]","[{""name"": ""שלמה בראבא"", ""slug"": ""שלמה_בראבא""}, {""name"": ""יונתן סגל"", ""slug"": ""יונתן_סגל""}, {""name"": ""אביבה פז"", ""slug"": ""אביבה_פז""}, {""name"": ""ניצה שאול"", ""slug"": ""ניצה_שאול""}, {""name"": ""אלברט כהן"", ""slug"": ""אלברט_כהן""}]",דרמה,1983,,5,B (1970-1990)
הפנימייה,הפנימייה,1983,"[{""name"": ""יצחק גינסברג"", ""slug"": null}]","[{""name"": ""יעוד לבנון"", ""slug"": ""יעוד_לבנון""}]","[{""name"": ""אלון אבוטבול"", ""slug"": ""אלון_אבוטבול""}, {""name"": ""אורי ורדי"", ""slug"": ""אורי_ורדי""}, {""name"": ""בן לוין"", ""slug"": ""בן_לוין""}, {""name"": ""סמדר קילצ'ינסקי"", ""slug"": ""סמדר_קילצ'ינסקי""}]",דרמה,1983,,4,B (1970-1990)
זוג נשוי,זוג_נשוי,1983,"[{""name"": ""יצחק צפל ישורון"", ""slug"": ""יצחק_צפל_ישורון""}]","[{""name"": ""יצחק צפל ישורון"", ""slug"": null}]","[{""name"": ""ירון לונדון"", ""slug"": ""ירון_לונדון""}, {""name"": ""מירי פביאן"", ""slug"": ""מירי_פביאן""}]",דרמה,1983,,2,B (1970-1990)
מגש הכסף,מגש_הכסף_(סרט),1983,"[{""name"": ""ג'אד נאמן"", ""slug"": ""ג'אד_נאמן""}, {""name"": ""אמנון לורד"", ""slug"": ""אמנון_לורד""}, {""name"": ""רוחמה מרטון"", ""slug"": ""רוחמה_מרטון""}]","[{""name"": ""יהודה נאמן"", ""slug"": ""יהודה_נאמן""}]","[{""name"": ""גידי גוב"", ""slug"": ""גידי_גוב""}]",דרמה,1983,,1,B (1970-1990)
סבבה,סבבה_(סרט),1983,"[{""name"": ""בועז דוידזון"", ""slug"": ""בועז_דוידזון""}]","[{""name"": ""צבי שיסל"", ""slug"": ""צבי_שיסל""}]","[{""name"": ""צחי נוי"", ""slug"": ""צחי_נוי""}, {""name"": ""יוסף שילוח"", ""slug"": ""יוסף_שילוח""}]",קומדיה,1983,,2,B (1970-1990)
קוני למל בקהיר,קוני_למל_בקהיר,1983,"[{""name"": ""יואל זילברג"", ""slug"": ""יואל_זילברג""}]","[{""name"": ""יואל זילברג"", ""slug"": null}]","[{""name"": ""מייק בורשטיין"", ""slug"": ""מייק_בורשטיין""}, {""name"": ""חנה לסלאו"", ""slug"": ""חנה_לסלאו""}, {""name"": ""משה איבגי"", ""slug"": ""משה_איבגי""}, {""name"": ""אורי גבריאל"", ""slug"": ""אורי_גבריאל""}, {""name"": ""אברהם מור"", ""slug"": ""אברהם_מור""}]",קומדיה,1983,,5,B (1970-1990)
עובדים על העולם,,1983,"[{""name"": ""אריה סובור"", ""slug"": null}]","[{""name"": ""אלן יעקובוביץ'"", ""slug"": null}]","[{""name"": ""דורי בן זאב"", ""slug"": ""דורי_בן_זאב""}, {""name"": ""מאיר סויסה"", ""slug"": ""מאיר_סויסה""}]",קומדיה,1983,,2,B (1970-1990)
אני והמאהב של אשתי,אני_והמאהב_של_אשתי,1983,"[{""name"": ""עוזי פרס"", ""slug"": ""עוזי_פרס""}]","[{""name"": ""עוזי פרס"", ""slug"": null}]","[{""name"": ""אושיק לוי"", ""slug"": ""אושיק_לוי""}, {""name"": ""עמוס לביא"", ""slug"": ""עמוס_לביא""}, {""name"": ""רחל דיין"", ""slug"": ""רחל_דיין_(שחקנית)""}, {""name"": ""אלברט כהן"", ""slug"": ""אלברט_כהן""}, {""name"": ""אסי הנגבי"", ""slug"": ""אסי_הנגבי""}, {""name"": ""שמואל סגל"", ""slug"": ""שמואל_סגל_(שחקן)""}, {""name"": ""דינה לימון"", ""slug"": ""דינה_לימון""}, {""name"": ""מירי פביאן"", ""slug"": ""מירי_פביאן""}]",דרמה,1983,,8,B (1970-1990)
אדמה חמה,,1984,"[{""name"": ""סרג' אנקרי"", ""slug"": ""סרג'_אנקרי""}]","[{""name"": ""סרג' אנקרי"", ""slug"": null}]","[{""name"": ""מאיר סויסה"", ""slug"": ""מאיר_סויסה""}]",דרמה,1984,,1,B (1970-1990)
אסקימו לימון 5 - רומן זעיר,אסקימו_לימון_5_-_רומן_זעיר,1984,"[{""name"": ""בועז דוידזון"", ""slug"": ""בועז_דוידזון""}, {""name"": ""אלי תבור"", ""slug"": ""אלי_תבור""}]","[{""name"": ""דן וולמן"", ""slug"": ""דן_וולמן""}]","[{""name"": ""יפתח קצור"", ""slug"": ""יפתח_קצור""}, {""name"": ""צחי נוי"", ""slug"": ""צחי_נוי""}, {""name"": ""יהונתן סגל"", ""slug"": ""יהונתן_סגל""}, {""name"": ""דבורה קידר"", ""slug"": null}]",קומדיה,1984,,4,B (1970-1990)
ביום בהיר רואים את דמשק,ביום_בהיר_רואים_את_דמשק,1984,"[{""name"": ""ערן ריקליס"", ""slug"": ""ערן_ריקליס""}, {""name"": ""גבריאל ברונשטיין"", ""slug"": null}]","[{""name"": ""ערן ריקליס"", ""slug"": null}]","[{""name"": ""מוחמד בכרי"", ""slug"": ""מוחמד_בכרי""}, {""name"": ""אלי דנקר"", ""slug"": ""אלי_דנקר""}]",דרמה,1984,,2,B (1970-1990)
החורף האחרון,החורף_האחרון,1984,"[{""name"": ""ג'ון הצפלד"", ""slug"": null}]","[{""name"": ""ריקי שלח"", ""slug"": ""ריקי_שלח""}]","[{""name"": ""יונה אליאן"", ""slug"": ""יונה_אליאן""}, {""name"": ""קת'לין קווינלן"", ""slug"": ""קת'לין_קווינלן""}]",דרמה,1984,,2,B (1970-1990)
המתיחה הגדולה,,1984,[],"[{""name"": ""יהודה ברקן"", ""slug"": ""יהודה_ברקן""}, {""name"": ""יגאל שילון"", ""slug"": ""יגאל_שילון""}]","[{""name"": ""מושון אלבוחר"", ""slug"": ""מושון_אלבוחר""}, {""name"": ""יהודה ברקן"", ""slug"": null}]",קומדיה,1984,,2,B (1970-1990)
חייל הלילה,חייל_הלילה,1984,"[{""name"": ""דן וולמן"", ""slug"": ""דן_וולמן""}, {""name"": ""יעקב רוזן"", ""slug"": ""יעקב_רוזן""}]","[{""name"": ""דן וולמן"", ""slug"": null}]","[{""name"": ""זאב שמשוני"", ""slug"": ""זאב_שמשוני""}, {""name"": ""איריס קריינר"", ""slug"": null}]",דרמה,1984,,2,B (1970-1990)
כסאח,כסאח,1984,"[{""name"": ""אהרון בכר"", ""slug"": ""אהרון_בכר""}]","[{""name"": ""חיים גיל"", ""slug"": ""חיים_גיל_(במאי)""}]","[{""name"": ""חופני כהן"", ""slug"": ""חופני_כהן""}]",דרמה,1984,,1,B (1970-1990)
מאחורי הסורגים,מאחורי_הסורגים,1984,"[{""name"": ""בני ברבש"", ""slug"": ""בני_ברבש""}, {""name"": ""אורי ברבש"", ""slug"": ""אורי_ברבש""}]","[{""name"": ""אורי ברבש"", ""slug"": null}]","[{""name"": ""ארנון צדוק"", ""slug"": ""ארנון_צדוק""}, {""name"": ""מוחמד בכרי"", ""slug"": ""מוחמד_בכרי""}, {""name"": ""אסי דיין"", ""slug"": ""אסי_דיין""}]",דרמה,1984,,3,B (1970-1990)
מכת שמש,מכת_שמש_(סרט),1984,"[{""name"": ""יקי יושע"", ""slug"": ""יקי_יושע""}]","[{""name"": ""יקי יושע"", ""slug"": null}]","[{""name"": ""יובל בנאי"", ""slug"": ""יובל_בנאי""}, {""name"": ""ענת עצמון"", ""slug"": ""ענת_עצמון""}, {""name"": ""דליק ווליניץ"", ""slug"": ""דליק_ווליניץ""}, {""name"": ""אייל גפן"", ""slug"": ""אייל_גפן""}]",דרמה,1984,,4,B (1970-1990)
ספר נשים,ספר_נשים_(סרט),1984,"[{""name"": ""זאב רווח"", ""slug"": ""זאב_רווח""}, {""name"": ""הלל מיטלפונקט"", ""slug"": ""הלל_מיטלפונקט""}]","[{""name"": ""זאב רווח"", ""slug"": null}]","[{""name"": ""תקוה עזיז"", ""slug"": ""תקוה_עזיז""}, {""name"": ""גבי עמרני"", ""slug"": ""גבי_עמרני""}, {""name"": ""זאב רווח"", ""slug"": null}]",קומדיה,1984,,3,B (1970-1990)
עדות מאונס,עדות_מאונס,1984,[],"[{""name"": ""רפאל רביבו"", ""slug"": ""רפאל_רביבו""}]","[{""name"": ""ענת עצמון"", ""slug"": ""ענת_עצמון""}, {""name"": ""אורי גבריאל"", ""slug"": ""אורי_גבריאל""}]",דרמה,1984,,2,B (1970-1990)
עתליה,עתליה_(סרט),1984,"[{""name"": ""צביקה קרצנר"", ""slug"": ""צביקה_קרצנר""}]","[{""name"": ""עקיבא טבת"", ""slug"": ""עקיבא_טבת""}]","[{""name"": ""מיכל בת-אדם"", ""slug"": ""מיכל_בת-אדם""}]",דרמה,1984,,1,B (1970-1990)
זעם ותהילה,זעם_ותהילה,1984,"[{""name"": ""אבי נשר"", ""slug"": ""אבי_נשר""}]","[{""name"": ""אבי נשר"", ""slug"": null}]","[{""name"": ""חנה אזולאי-הספרי"", ""slug"": ""חנה_אזולאי-הספרי""}, {""name"": ""ג'וליאנו מר"", ""slug"": ""ג'וליאנו_מר""}]",דרמה,1984,,2,B (1970-1990)
אסקימו לימון 6 - הרימו עוגן,אסקימו_לימון_6_-_הרימו_עוגן,1985,"[{""name"": ""אלי תבור"", ""slug"": ""אלי_תבור""}, {""name"": ""סאם ויינברג"", ""slug"": null}]","[{""name"": ""דן וולמן"", ""slug"": ""דן_וולמן""}, {""name"": ""יואל זילברג"", ""slug"": ""יואל_זילברג""}]","[{""name"": ""יפתח קצור"", ""slug"": ""יפתח_קצור""}, {""name"": ""צחי נוי"", ""slug"": ""צחי_נוי""}, {""name"": ""יהונתן סגל"", ""slug"": ""יהונתן_סגל""}, {""name"": ""יוסף שילוח"", ""slug"": ""יוסף_שילוח""}, {""name"": ""דבורה קידר"", ""slug"": null}]",קומדיה,1985,,5,B (1970-1990)
בנות,בנות_(סרט),1985,"[{""name"": ""אסי דיין"", ""slug"": ""אסי_דיין""}]","[{""name"": ""נדב לויתן"", ""slug"": ""נדב_לויתן""}]","[{""name"": ""חנה אזולאי-הספרי"", ""slug"": ""חנה_אזולאי-הספרי""}]",קומדיה,1985,,1,B (1970-1990)
בר 51,בר_51,1985,"[{""name"": ""עמוס גוטמן"", ""slug"": ""עמוס_גוטמן""}]","[{""name"": ""עמוס גוטמן"", ""slug"": null}]","[{""name"": ""אלון אבוטבול"", ""slug"": ""אלון_אבוטבול""}, {""name"": ""מוסקו אלקלעי"", ""slug"": ""מוסקו_אלקלעי""}, {""name"": ""ג'וליאנו מר"", ""slug"": ""ג'וליאנו_מר""}]",דרמה,1985,,3,B (1970-1990)
גשר צר מאד,גשר_צר_מאד,1985,"[{""name"": ""נסים דיין"", ""slug"": ""נסים_דיין""}, {""name"": ""חיים חפר"", ""slug"": ""חיים_חפר""}]","[{""name"": ""נסים דיין"", ""slug"": null}]","[{""name"": ""אהרון איפלה"", ""slug"": ""אהרון_איפלה""}]",דרמה,1985,,1,B (1970-1990)
חסמבה ושודדי הסוסים,חסמבה_ושודדי_הסוסים,1985,"[{""name"": ""יגאל מוסינזון"", ""slug"": ""יגאל_מוסינזון""}]","[{""name"": ""הלל דמרון"", ""slug"": null}]","[{""name"": ""ספי ריבלין"", ""slug"": ""ספי_ריבלין""}, {""name"": ""טוביה דובלרו"", ""slug"": ""טוביה_דובלרו""}, {""name"": ""שרון קילצ'ינסקי"", ""slug"": null}, {""name"": ""אודי ערן"", ""slug"": null}, {""name"": ""בני קפלה"", ""slug"": null}, {""name"": ""דודו ניב"", ""slug"": ""דודו_ניב""}, {""name"": ""שאול מזרחי"", ""slug"": ""שאול_מזרחי""}]",דרמה,1985,,7,B (1970-1990)
עד סוף הלילה,עד_סוף_הלילה,1985,"[{""name"": ""איתן גרין"", ""slug"": ""איתן_גרין""}]","[{""name"": ""איתן גרין"", ""slug"": null}]","[{""name"": ""אסי דיין"", ""slug"": ""אסי_דיין""}]",דרמה,1985,,1,B (1970-1990)
אירית עירית,אירית_עירית,1985,"[{""name"": ""נפתלי אלטר"", ""slug"": ""נפתלי_אלטר""}]","[{""name"": ""נפתלי אלטר"", ""slug"": null}]","[{""name"": ""אירית אלטר"", ""slug"": ""אירית_אלטר""}, {""name"": ""חנן גולדבלט"", ""slug"": ""חנן_גולדבלט""}, {""name"": ""רוני פינקוביץ'"", ""slug"": ""רוני_פינקוביץ'""}]",דרמה,1985,,3,B (1970-1990)
קומפוט נעליים,קומפוט_נעליים,1985,"[{""name"": ""יוסי סוויה"", ""slug"": null}]","[{""name"": ""יהודה ברקן"", ""slug"": ""יהודה_ברקן""}, {""name"": ""עזרא שם טוב"", ""slug"": null}]","[{""name"": ""יהודה ברקן"", ""slug"": null}]",קומדיה,1985,,1,B (1970-1990)
קוקו בן 19,קוקו_בן_19,1985,"[{""name"": ""נתן זהבי"", ""slug"": ""נתן_זהבי""}]","[{""name"": ""דני ורטה"", ""slug"": ""דני_ורטה""}]","[{""name"": ""אודי כהן"", ""slug"": null}]",דרמה,1985,,1,B (1970-1990)
שוברים,שוברים,1985,"[{""name"": ""אבי נשר"", ""slug"": ""אבי_נשר""}]","[{""name"": ""אבי נשר"", ""slug"": null}]","[{""name"": ""יזהר אשדות"", ""slug"": ""יזהר_אשדות""}, {""name"": ""גלי עטרי"", ""slug"": ""גלי_עטרי""}, {""name"": ""סי היימן"", ""slug"": ""סי_היימן""}, {""name"": ""אלונה קמחי"", ""slug"": ""אלונה_קמחי""}, {""name"": ""מאיר בנאי"", ""slug"": ""מאיר_בנאי""}]",קומדיה,1985,,5,B (1970-1990)
המאהב,המאהב_(סרט_קולנוע_ישראלי),1986,"[{""name"": ""מיכל בת-אדם"", ""slug"": ""מיכל_בת-אדם""}, {""name"": ""א.ב. יהושע"", ""slug"": ""א.ב._יהושע""}, {""name"": ""(על פי ספרו של"", ""slug"": null}, {""name"": "")"", ""slug"": null}]","[{""name"": ""מיכל בת-אדם"", ""slug"": null}]","[{""name"": ""יהורם גאון"", ""slug"": ""יהורם_גאון""}, {""name"": ""רוברטו פולק"", ""slug"": ""רוברטו_פולק""}, {""name"": ""אביגיל אריאלי"", ""slug"": ""אביגיל_אריאלי""}, {""name"": ""מיכל בת-אדם"", ""slug"": null}]",דרמה,1986,,4,B (1970-1990)
אוונטי פופולו,אוונטי_פופולו,1986,"[{""name"": ""רפי בוקאי"", ""slug"": ""רפי_בוקאי""}]","[{""name"": ""רפי בוקאי"", ""slug"": null}]","[{""name"": ""סלים דאו"", ""slug"": ""סלים_דאו""}, {""name"": ""טוביה גלבר"", ""slug"": null}, {""name"": ""סוהיל חדאד"", ""slug"": ""סוהיל_חדאד""}]",דרמה,1986,,3,B (1970-1990)
אלכס חולה אהבה,אלכס_חולה_אהבה,1986,"[{""name"": ""אלי תבור"", ""slug"": ""אלי_תבור""}]","[{""name"": ""בועז דוידזון"", ""slug"": ""בועז_דוידזון""}]","[{""name"": ""איתן אנשל"", ""slug"": ""איתן_אנשל""}, {""name"": ""שרון הכהן"", ""slug"": ""שרון_הכהן""}, {""name"": ""אורי כבירי"", ""slug"": ""אורי_כבירי""}, {""name"": ""אבי קושניר"", ""slug"": ""אבי_קושניר""}]",קומדיה,1986,,4,B (1970-1990)
אסתר,אסתר_(סרט),1986,[],"[{""name"": ""עמוס גיתאי"", ""slug"": ""עמוס_גיתאי""}]","[{""name"": ""סימון בנימיני"", ""slug"": null}, {""name"": ""מוחמד בכרי"", ""slug"": ""מוחמד_בכרי""}, {""name"": ""ג'וליאנו מר"", ""slug"": ""ג'וליאנו_מר""}]",דרמה,1986,,3,B (1970-1990)
פלאש,"פלאש_(סרט,_1986)",1986,[],"[{""name"": ""דורון ערן"", ""slug"": ""דורון_ערן""}]","[{""name"": ""זאב שמשוני"", ""slug"": ""זאב_שמשוני""}, {""name"": ""ניצה שאול"", ""slug"": ""ניצה_שאול""}, {""name"": ""עמוס לביא"", ""slug"": ""עמוס_לביא""}]",דרמה,1986,,3,B (1970-1990)
השיגעון הגדול,השיגעון_הגדול,1986,[],"[{""name"": ""נפתלי אלטר"", ""slug"": ""נפתלי_אלטר""}]","[{""name"": ""ספי ריבלין"", ""slug"": ""ספי_ריבלין""}, {""name"": ""אריק לביא"", ""slug"": ""אריק_לביא""}, {""name"": ""ענת וקסמן"", ""slug"": ""ענת_וקסמן""}, {""name"": ""דב נבון"", ""slug"": ""דב_נבון""}, {""name"": ""יוסף שילוח"", ""slug"": ""יוסף_שילוח""}]",קומדיה,1986,,5,B (1970-1990)
הקרב על הוועד,הקרב_על_הוועד,1986,[],"[{""name"": ""אסי דיין"", ""slug"": ""אסי_דיין""}]","[{""name"": ""שייקה לוי"", ""slug"": ""שייקה_לוי""}, {""name"": ""ישראל פוליאקוב"", ""slug"": ""ישראל_פוליאקוב""}, {""name"": ""גברי בנאי"", ""slug"": ""גברי_בנאי""}]",דרמה,1986,,3,B (1970-1990)
חוזה אהבה,,1986,[],"[{""name"": ""דן וולמן"", ""slug"": ""דן_וולמן""}]","[{""name"": ""ענת עצמון"", ""slug"": ""ענת_עצמון""}, {""name"": ""שמואל עצמון"", ""slug"": ""שמואל_עצמון""}, {""name"": ""עירית זוהר"", ""slug"": null}, {""name"": ""רווית זוהר"", ""slug"": null}]",דרמה,1986,,4,B (1970-1990)
חיוך הגדי,חיוך_הגדי,1986,"[{""name"": ""שמעון דותן"", ""slug"": ""שמעון_דותן""}, {""name"": ""ענת לוי בר"", ""slug"": null}]","[{""name"": ""שמעון דותן"", ""slug"": null}]","[{""name"": ""טונג'ל קורטיז"", ""slug"": ""טונג'ל_קורטיז""}]",דרמה,1986,,1,B (1970-1990)
ילדי סטלין,ילדי_סטלין,1986,"[{""name"": ""גדי דנציג"", ""slug"": ""גדי_דנציג""}, {""name"": ""נדב לויתן"", ""slug"": ""נדב_לויתן""}]","[{""name"": ""נדב לויתן"", ""slug"": null}]","[{""name"": ""אהרון אלמוג"", ""slug"": ""אהרון_אלמוג""}, {""name"": ""עזרא דגן"", ""slug"": ""עזרא_דגן""}]",דרמה,1986,,2,B (1970-1990)
מלכת הכיתה,מלכת_הכיתה_(סרט),1986,"[{""name"": ""יצחק צפל ישורון"", ""slug"": ""יצחק_צפל_ישורון""}]","[{""name"": ""יצחק צפל ישורון"", ""slug"": null}]","[{""name"": ""יצחק בן-נר"", ""slug"": ""יצחק_בן-נר""}]",דרמה,1986,,1,B (1970-1990)
נאדיה,נאדיה_(סרט),1986,"[{""name"": ""איתן גרין"", ""slug"": ""איתן_גרין""}]","[{""name"": ""אמנון רובינשטיין"", ""slug"": ""אמנון_רובינשטיין_(במאי)""}]","[{""name"": ""חנה אזולאי-הספרי"", ""slug"": ""חנה_אזולאי-הספרי""}, {""name"": ""יובל בנאי"", ""slug"": ""יובל_בנאי""}]",דרמה,1986,,2,B (1970-1990)
שתי אצבעות מצידון,שתי_אצבעות_מצידון,1986,"[{""name"": ""צביקה קרצנר"", ""slug"": ""צביקה_קרצנר""}, {""name"": ""אלי כהן"", ""slug"": ""אלי_כהן_(במאי)""}, {""name"": ""ברוך נבו"", ""slug"": ""ברוך_נבו""}]","[{""name"": ""אלי כהן"", ""slug"": ""אלי_כהן_(במאי)""}]","[{""name"": ""רוני פינקוביץ'"", ""slug"": ""רוני_פינקוביץ'""}, {""name"": ""שאול מזרחי"", ""slug"": ""שאול_מזרחי""}, {""name"": ""אלון אבוטבול"", ""slug"": ""אלון_אבוטבול""}]",דרמה,1986,,3,B (1970-1990)
סוף שבוע מטורף,סוף_שבוע_מטורף,1986,"[{""name"": ""אלי שרייבר (חתולי)"", ""slug"": ""אלי_שרייבר_(חתולי)""}]","[{""name"": ""אילן מושנזון"", ""slug"": ""אילן_מושנזון""}]","[{""name"": ""דליק ווליניץ"", ""slug"": ""דליק_ווליניץ""}, {""name"": ""אוסי הלל"", ""slug"": null}]",קומדיה,1986,,2,B (1970-1990)
"הטוב, הרע והלא נורא","הטוב,_הרע_והלא_נורא",1986,"[{""name"": ""אסי דיין"", ""slug"": ""אסי_דיין""}, {""name"": ""יוסף שילוח"", ""slug"": ""יוסף_שילוח""}]","[{""name"": ""אסי דיין"", ""slug"": null}]","[{""name"": ""גבי עמרני"", ""slug"": ""גבי_עמרני""}, {""name"": ""משה איש כסית"", ""slug"": ""משה_איש_כסית""}, {""name"": ""יוסף שילוח"", ""slug"": null}, {""name"": ""אסי דיין"", ""slug"": null}]",קומדיה,1986,,4,B (1970-1990)
אבא גנוב,אבא_גנוב,1987,"[{""name"": ""חיים מרין"", ""slug"": ""חיים_מרין""}]","[{""name"": ""יעקב גולדווסר"", ""slug"": ""יעקב_גולדווסר""}]","[{""name"": ""יהודה ברקן"", ""slug"": ""יהודה_ברקן""}, {""name"": ""אלונה קמחי"", ""slug"": ""אלונה_קמחי""}, {""name"": ""בן ציון"", ""slug"": null}]",דרמה,1987,,3,B (1970-1990)
אהבה גנובה,אהבה_גנובה,1987,"[{""name"": ""רחל פביאן"", ""slug"": null}, {""name"": ""משה מזרחי"", ""slug"": ""משה_מזרחי_(במאי_קולנוע)""}, {""name"": ""לאה אפט"", ""slug"": null}]","[{""name"": ""משה מזרחי"", ""slug"": null}]","[{""name"": ""טום הנקס"", ""slug"": ""טום_הנקס""}, {""name"": ""כריסטינה מרסיליה"", ""slug"": null}, {""name"": ""גילה אלמגור"", ""slug"": ""גילה_אלמגור""}, {""name"": ""ענת עצמון"", ""slug"": ""ענת_עצמון""}, {""name"": ""מוני מושונוב"", ""slug"": ""מוני_מושונוב""}, {""name"": ""אבנר חזקיהו"", ""slug"": ""אבנר_חזקיהו""}, {""name"": ""אורנה פורת"", ""slug"": ""אורנה_פורת""}, {""name"": ""אלון אבוטבול"", ""slug"": ""אלון_אבוטבול""}, {""name"": ""דפנה ארמוני"", ""slug"": ""דפנה_ארמוני""}]",,1987,,9,B (1970-1990)
אסקימו לימון 7 - אהבה צעירה,אסקימו_לימון_7_-_אהבה_צעירה,1987,"[{""name"": ""אנטון מוהו"", ""slug"": null}, {""name"": ""איתן אבן"", ""slug"": ""איתן_אבן""}]","[{""name"": ""וולטר בנרט"", ""slug"": null}]","[{""name"": ""יפתח קצור"", ""slug"": ""יפתח_קצור""}, {""name"": ""צחי נוי"", ""slug"": ""צחי_נוי""}, {""name"": ""יהונתן סגל"", ""slug"": ""יהונתן_סגל""}]",קומדיה,1987,,3,B (1970-1990)
בלוז לחופש הגדול,בלוז_לחופש_הגדול,1987,"[{""name"": ""דורון נשר"", ""slug"": ""דורון_נשר""}]","[{""name"": ""רנן שור"", ""slug"": ""רנן_שור""}]","[{""name"": ""יואב צפיר"", ""slug"": ""יואב_צפיר""}, {""name"": ""שחר סגל"", ""slug"": ""שחר_סגל_(במאי)""}, {""name"": ""דור צויגנבום"", ""slug"": ""דור_צויגנבום""}, {""name"": ""נועה גולדברג"", ""slug"": ""נועה_גולדברג""}]",דרמה,1987,,4,B (1970-1990)
האינסטלטור,האינסטלטור,1987,"[{""name"": ""חנן פלד"", ""slug"": ""חנן_פלד""}]","[{""name"": ""מיקי בהגן"", ""slug"": ""מיקי_בהגן""}]","[{""name"": ""טוביה צפיר"", ""slug"": ""טוביה_צפיר""}, {""name"": ""אסי הנגבי"", ""slug"": ""אסי_הנגבי""}, {""name"": ""רמי ברוך"", ""slug"": ""רמי_ברוך""}, {""name"": ""אבי קושניר"", ""slug"": ""אבי_קושניר""}, {""name"": ""אבנר חזקיהו"", ""slug"": ""אבנר_חזקיהו""}, {""name"": ""שמעון פינקל"", ""slug"": ""שמעון_פינקל""}]",,1987,,6,B (1970-1990)
המובטל בטיטו,המובטל_בטיטו,1987,"[{""name"": ""זאב רווח"", ""slug"": ""זאב_רווח""}]","[{""name"": ""זאב רווח"", ""slug"": null}]","[{""name"": ""אריק לביא"", ""slug"": ""אריק_לביא""}, {""name"": ""שושנה שני"", ""slug"": ""שושנה_שני""}, {""name"": ""אריה מוסקונה"", ""slug"": ""אריה_מוסקונה""}, {""name"": ""זאב רווח"", ""slug"": null}]",קומדיה,1987,,4,B (1970-1990)
חימו מלך ירושלים,חימו_מלך_ירושלים,1987,"[{""name"": ""עדנה מזי\""א"", ""slug"": ""עדנה_מזי\""א""}, {""name"": ""יורם קניוק"", ""slug"": ""יורם_קניוק""}, {""name"": ""(על פי ספרו של"", ""slug"": null}, {""name"": "")"", ""slug"": null}]","[{""name"": ""עמוס גוטמן"", ""slug"": ""עמוס_גוטמן""}]","[{""name"": ""אלונה קמחי"", ""slug"": ""אלונה_קמחי""}]",דרמה,1987,,1,B (1970-1990)
לא שם זין,לא_שם_זין,1987,"[{""name"": ""חנן פלד"", ""slug"": ""חנן_פלד""}, {""name"": ""דן בן אמוץ"", ""slug"": ""דן_בן_אמוץ""}, {""name"": ""(על פי ספרו של"", ""slug"": null}, {""name"": "")"", ""slug"": null}]","[{""name"": ""שמואל אימברמן"", ""slug"": ""שמואל_אימברמן""}]","[{""name"": ""איקה זוהר"", ""slug"": ""איקה_זוהר""}, {""name"": ""ענת וקסמן"", ""slug"": ""ענת_וקסמן""}]",דרמה,1987,,2,B (1970-1990)
ניפגש בחוף,,1987,[],"[{""name"": ""יהודה ברקן"", ""slug"": ""יהודה_ברקן""}, {""name"": ""יגאל שילון"", ""slug"": ""יגאל_שילון""}]","[{""name"": ""מושון אלבוחר"", ""slug"": ""מושון_אלבוחר""}, {""name"": ""יהודה ברקן"", ""slug"": null}]",קומדיה,1987,,2,B (1970-1990)
עד לאזור לחימה,,1987,"[{""name"": ""חנן פלד"", ""slug"": ""חנן_פלד""}]","[{""name"": ""נתנאל גוטמן"", ""slug"": null}]","[{""name"": ""כריסטופר ווקן"", ""slug"": ""כריסטופר_ווקן""}]",דרמה,1987,,1,B (1970-1990)
פוטו רומן,פוטו_רומן,1987,"[{""name"": ""אסי דיין"", ""slug"": ""אסי_דיין""}]","[{""name"": ""אסי דיין"", ""slug"": ""אסי_דיין""}, {""name"": ""טל רון"", ""slug"": null}]","[{""name"": ""אלון אבוטבול"", ""slug"": ""אלון_אבוטבול""}, {""name"": ""סמדר קילצ'ינסקי"", ""slug"": ""סמדר_קילצ'ינסקי""}, {""name"": ""חיים ג'רפי"", ""slug"": null}]",דרמה,1987,,3,B (1970-1990)
רסיסים,רסיסים_(סרט),1987,"[{""name"": ""יוסי זומר"", ""slug"": null}]","[{""name"": ""יוסי זומר"", ""slug"": null}]","[{""name"": ""אתי אנקרי"", ""slug"": ""אתי_אנקרי""}]",דרמה,1987,,1,B (1970-1990)
בובה,בובה_(סרט),1987,"[{""name"": ""יעקב קוצקי"", ""slug"": null}, {""name"": ""זאב רווח"", ""slug"": ""זאב_רווח""}]","[{""name"": ""זאב רווח"", ""slug"": ""זאב_רווח""}]","[{""name"": ""זאב רווח"", ""slug"": ""זאב_רווח""}, {""name"": ""חני נחמיאס"", ""slug"": ""חני_נחמיאס""}]",דרמה,1987,,2,B (1970-1990)
יוננם,יוננם,1987,"[{""name"": ""בני תורתי"", ""slug"": ""בני_תורתי""}]","[{""name"": ""בני תורתי"", ""slug"": null}]","[{""name"": ""יונתן דני"", ""slug"": ""יונתן_דני""}, {""name"": ""ברוך ששון"", ""slug"": ""ברוך_ששון""}]",דרמה,1987,,2,B (1970-1990)
אל עצמי,אל_עצמי_(סרט),1988,"[{""name"": ""גלילה רון פדר"", ""slug"": ""גלילה_רון_פדר""}]","[{""name"": ""תמיר פאול"", ""slug"": null}]","[{""name"": ""אריק אוחנה"", ""slug"": null}, {""name"": ""תחיה דנון"", ""slug"": ""תחיה_דנון""}, {""name"": ""רועי בר-נתן"", ""slug"": ""רועי_בר-נתן""}]",דרמה,1988,,3,B (1970-1990)
אסקימו לימון 8 - בלוז לקיץ,בלוז_לקיץ,1988,"[{""name"": ""ריינהרד שבניצקי"", ""slug"": null}]","[{""name"": ""ריינהרד שבניצקי"", ""slug"": null}]","[{""name"": ""יפתח קצור"", ""slug"": ""יפתח_קצור""}, {""name"": ""צחי נוי"", ""slug"": ""צחי_נוי""}, {""name"": ""יהונתן סגל"", ""slug"": ""יהונתן_סגל""}]",קומדיה,1988,,3,B (1970-1990)
הינשוף,הינשוף,1988,"[{""name"": ""טוביה מנדלסון"", ""slug"": ""טוביה_מנדלסון""}]","[{""name"": ""אמנון רובינשטיין"", ""slug"": ""אמנון_רובינשטיין_(במאי)""}]","[{""name"": ""אסי דיין"", ""slug"": ""אסי_דיין""}, {""name"": ""לאורה ריבלין"", ""slug"": ""לאורה_ריבלין""}, {""name"": ""עפרה וינגרטן"", ""slug"": ""עפרה_וינגרטן""}]",דרמה,1988,,3,B (1970-1990)
בצילו של הלם קרב,בצילו_של_הלם_קרב,1988,"[{""name"": ""יואל שרון"", ""slug"": ""יואל_שרון""}]","[{""name"": ""יואל שרון"", ""slug"": null}]","[{""name"": ""דן תורג'מן"", ""slug"": ""דן_תורג'מן""}, {""name"": ""ענת עצמון"", ""slug"": ""ענת_עצמון""}]",דרמה,1988,,2,B (1970-1990)
הקיץ של אביה,הקיץ_של_אביה_(סרט),1988,"[{""name"": ""גילה אלמגור"", ""slug"": ""גילה_אלמגור""}, {""name"": ""חיים בוזגלו"", ""slug"": ""חיים_בוזגלו""}]","[{""name"": ""אלי כהן"", ""slug"": ""אלי_כהן_(במאי)""}]","[{""name"": ""קאיפו כהן"", ""slug"": ""קאיפו_כהן""}, {""name"": ""גילה אלמגור"", ""slug"": null}]",דרמה,1988,,2,B (1970-1990)
יהושע יהושע,יהושע_יהושע,1988,"[{""name"": ""יצחק גינסברג"", ""slug"": null}]","[{""name"": ""אבי כהן"", ""slug"": ""אבי_כהן_(במאי)""}]","[{""name"": ""אברי גלעד"", ""slug"": ""אברי_גלעד""}]",קומדיה,1988,,1,B (1970-1990)
מלך הסלים,מלך_הסלים_(סרט),1988,"[{""name"": ""דובי גל"", ""slug"": ""דובי_גל""}, {""name"": ""דורון ערן"", ""slug"": ""דורון_ערן""}]","[{""name"": ""דובי גל"", ""slug"": null}]","[{""name"": ""ששי סעד"", ""slug"": ""ששי_סעד""}, {""name"": ""אבינועם מור חיים"", ""slug"": ""אבינועם_מור_חיים""}, {""name"": ""דובי גל"", ""slug"": null}]",קומדיה,1988,,3,B (1970-1990)
מצלמה בלי בושה,מצלמה_בלי_בושה,1988,"[{""name"": ""יהודה ברקן"", ""slug"": ""יהודה_ברקן""}]","[{""name"": ""יהודה ברקן"", ""slug"": null}]","[{""name"": ""יהודה ברקן"", ""slug"": null}]",קומדיה,1988,,1,B (1970-1990)
מקום ליד הים,מקום_ליד_הים,1988,"[{""name"": ""רפאל רביבו"", ""slug"": ""רפאל_רביבו""}]","[{""name"": ""רפאל רביבו"", ""slug"": null}]","[{""name"": ""אלון אבוטבול"", ""slug"": ""אלון_אבוטבול""}, {""name"": ""ענת צחור"", ""slug"": ""ענת_צחור""}, {""name"": ""אריה מוסקונה"", ""slug"": ""אריה_מוסקונה""}, {""name"": ""שלמה תרשיש"", ""slug"": ""שלמה_תרשיש""}]",דרמה,1988,,4,B (1970-1990)
נישואין פיקטיביים,נישואין_פיקטיביים_(סרט),1988,"[{""name"": ""חיים בוזגלו"", ""slug"": ""חיים_בוזגלו""}, {""name"": ""יוסי סויה"", ""slug"": null}]","[{""name"": ""חיים בוזגלו"", ""slug"": null}]","[{""name"": ""שלמה בראבא"", ""slug"": ""שלמה_בראבא""}, {""name"": ""עירית שלג"", ""slug"": ""עירית_שלג""}, {""name"": ""אלי יצפאן"", ""slug"": ""אלי_יצפאן""}]",דרמה,1988,,3,B (1970-1990)
תל אביב לוס אנג'לס,תל_אביב_לוס_אנג'לס,1988,"[{""name"": ""דודו טופז"", ""slug"": ""דודו_טופז""}]","[{""name"": ""שמואל אימברמן"", ""slug"": ""שמואל_אימברמן""}]","[{""name"": ""אביגיל אריאלי"", ""slug"": ""אביגיל_אריאלי""}, {""name"": ""ז'אק כהן"", ""slug"": ""ז'אק_כהן""}, {""name"": ""דודו טופז"", ""slug"": null}]",דרמה,1988,,3,B (1970-1990)
תלווה לי את אשתך,תלווה_לי_את_אשתך,1989,"[{""name"": ""זאב רווח"", ""slug"": ""זאב_רווח""}, {""name"": ""משה נתן"", ""slug"": ""משה_נתן""}]","[{""name"": ""זאב רווח"", ""slug"": null}]","[{""name"": ""יונה אליאן"", ""slug"": ""יונה_אליאן""}, {""name"": ""דן תורן"", ""slug"": ""דן_תורן""}, {""name"": ""אריה מוסקונה"", ""slug"": ""אריה_מוסקונה""}, {""name"": ""זאב רווח"", ""slug"": null}]",קומדיה,1989,,4,B (1970-1990)
אבא גנוב 2,אבא_גנוב_2,1989,"[{""name"": ""פיני עדן"", ""slug"": ""פיני_עדן""}, {""name"": ""שלמה משיח"", ""slug"": ""שלמה_משיח_(תסריטאי)""}]","[{""name"": ""אבי כהן"", ""slug"": ""אבי_כהן_(במאי)""}]","[{""name"": ""יהודה ברקן"", ""slug"": ""יהודה_ברקן""}, {""name"": ""בן ציון"", ""slug"": null}]",דרמה,1989,,2,B (1970-1990)
אהבה אסורה,,1989,"[{""name"": ""מרק קריסטל"", ""slug"": null}]","[{""name"": ""ג'ק פישר"", ""slug"": null}]","[{""name"": ""אדריאן פסדר"", ""slug"": ""אדריאן_פסדר""}, {""name"": ""ססיליה פק"", ""slug"": null}, {""name"": ""ארנון צדוק"", ""slug"": ""ארנון_צדוק""}, {""name"": ""חנה אזולאי-הספרי"", ""slug"": ""חנה_אזולאי-הספרי""}, {""name"": ""מכרם ח'ורי"", ""slug"": ""מכרם_ח'ורי""}]",,1989,,5,B (1970-1990)
אוכלים לוקשים,אוכלים_לוקשים,1989,[],"[{""name"": ""בועז דוידזון"", ""slug"": ""בועז_דוידזון""}, {""name"": ""צבי שיסל"", ""slug"": ""צבי_שיסל""}]","[{""name"": ""יהודה ברקן"", ""slug"": ""יהודה_ברקן""}]",קומדיה,1989,,1,B (1970-1990)
אחד באפריל,אחד_באפריל_(סרט),1989,"[{""name"": ""מנחם זילברמן"", ""slug"": ""מנחם_זילברמן""}]","[{""name"": ""מנחם זילברמן"", ""slug"": ""מנחם_זילברמן""}]","[{""name"": ""ציפי שביט"", ""slug"": ""ציפי_שביט""}, {""name"": ""ספי ריבלין"", ""slug"": ""ספי_ריבלין""}]",קומדיה,1989,,2,B (1970-1990)
אחד משלנו,אחד_משלנו,1989,"[{""name"": ""בני ברבש"", ""slug"": ""בני_ברבש""}]","[{""name"": ""אורי ברבש"", ""slug"": ""אורי_ברבש""}]","[{""name"": ""אלון אבוטבול"", ""slug"": ""אלון_אבוטבול""}, {""name"": ""שרון אלכסנדר"", ""slug"": ""שרון_אלכסנדר""}, {""name"": ""דן תורן"", ""slug"": ""דן_תורן""}, {""name"": ""דליה שימקו"", ""slug"": ""דליה_שימקו""}]",דרמה,1989,,4,B (1970-1990)
אלף נשותיו של נפתלי סימן טוב,אלף_נשותיו_של_נפתלי_סימן_טוב,1989,"[{""name"": ""מיכל בת-אדם"", ""slug"": ""מיכל_בת-אדם""}]","[{""name"": ""מיכל בת-אדם"", ""slug"": null}]","[{""name"": ""יוסי פולק"", ""slug"": ""יוסי_פולק""}, {""name"": ""ריטה"", ""slug"": ""ריטה""}, {""name"": ""לבנה פינקלשטיין"", ""slug"": ""לבנה_פינקלשטיין""}]",דרמה,1989,,3,B (1970-1990)
אש צולבת,אש_צולבת,1989,"[{""name"": ""בני ברבש"", ""slug"": ""בני_ברבש""}]","[{""name"": ""גדעון גנני"", ""slug"": ""גדעון_גנני""}]","[{""name"": ""דן תורג'מן"", ""slug"": ""דן_תורג'מן""}, {""name"": ""שרון הכהן-בר"", ""slug"": ""שרון_הכהן-בר""}, {""name"": ""מרים גבריאלי"", ""slug"": ""מרים_גבריאלי""}]",דרמה,1989,,3,B (1970-1990)
ברלין ירושלים,ברלין_ירושלים,1989,"[{""name"": ""עמוס גיתאי"", ""slug"": ""עמוס_גיתאי""}]","[{""name"": ""עמוס גיתאי"", ""slug"": null}]","[{""name"": ""רבקה נוימן"", ""slug"": ""רבקה_נוימן""}, {""name"": ""ג'וליאנו מר"", ""slug"": ""ג'וליאנו_מר""}, {""name"": ""מארק איווניר"", ""slug"": ""מארק_איווניר""}]",דרמה,1989,,3,B (1970-1990)
ד. צ. חוף אילת,ד._צ._חוף_אילת,1989,"[{""name"": ""דובי גל"", ""slug"": ""דובי_גל""}, {""name"": ""נתן נתנזון"", ""slug"": ""נתן_נתנזון""}]","[{""name"": ""דובי גל"", ""slug"": null}]","[{""name"": ""דובי גל"", ""slug"": null}, {""name"": ""נתן נתנזון"", ""slug"": null}]",קומדיה,1989,,2,B (1970-1990)
ניפגש בספארי,ניפגש_בספארי,1989,"[{""name"": ""יהודה ברקן"", ""slug"": ""יהודה_ברקן""}]","[{""name"": ""יהודה ברקן"", ""slug"": null}]",[],קומדיה,1989,,0,B (1970-1990)
עבודה בעיניים,,1989,[],"[{""name"": ""יגאל שילון"", ""slug"": ""יגאל_שילון""}]","[{""name"": ""נתן דטנר"", ""slug"": ""נתן_דטנר""}, {""name"": ""אבי קושניר"", ""slug"": ""אבי_קושניר""}]",קומדיה,1989,,2,B (1970-1990)
רכבת העמק,"רכבת_העמק_(סרט,_1989)",1989,"[{""name"": ""ניסים זוהר"", ""slug"": ""ניסים_זוהר""}, {""name"": ""יונתן פז"", ""slug"": ""יונתן_פז""}, {""name"": ""יעקב לזר"", ""slug"": null}, {""name"": ""חנן זס"", ""slug"": null}]","[{""name"": ""יונתן פז"", ""slug"": null}]","[{""name"": ""דן תורג'מן"", ""slug"": ""דן_תורג'מן""}, {""name"": ""נטע מורן"", ""slug"": ""נטע_מורן""}]",דרמה,1989,,2,B (1970-1990)
שדות ירוקים,"שדות_ירוקים_(סרט,_1989)",1989,"[{""name"": ""יצחק צפל ישורון"", ""slug"": ""יצחק_צפל_ישורון""}]","[{""name"": ""יצחק צפל ישורון"", ""slug"": null}]",[],דרמה,1989,,0,B (1970-1990)
"יוסל'ה, איך זה קרה?","יוסל'ה,_איך_זה_קרה?",1989,"[{""name"": ""נפתלי אלטר"", ""slug"": ""נפתלי_אלטר""}, {""name"": ""ישראל ויסלר"", ""slug"": ""ישראל_ויסלר""}]","[{""name"": ""טל רון"", ""slug"": null}]","[{""name"": ""אביגיל אריאלי"", ""slug"": ""אביגיל_אריאלי""}, {""name"": ""ניר רון"", ""slug"": ""ניר_רון""}, {""name"": ""דב נבון"", ""slug"": ""דב_נבון""}, {""name"": ""משה פרסטר"", ""slug"": ""משה_פרסטר""}, {""name"": ""צבי קורמן"", ""slug"": null}, {""name"": ""זוהר זמיר"", ""slug"": ""זוהר_זמיר""}]",קומדיה,1989,,6,B (1970-1990)
המיועד,המיועד_(סרט),1989,"[{""name"": ""שמואל הספרי"", ""slug"": ""שמואל_הספרי""}, {""name"": ""רזי לוינס"", ""slug"": null}]","[{""name"": ""דניאל וקסמן"", ""slug"": ""דניאל_וקסמן""}]","[{""name"": ""רונית אלקבץ"", ""slug"": ""רונית_אלקבץ""}, {""name"": ""שולי רנד"", ""slug"": ""שולי_רנד""}]",דרמה,1989,,2,B (1970-1990)
צמות,צמות_(סרט),1989,"[{""name"": ""יצחק חלוצי"", ""slug"": ""יצחק_חלוצי""}]","[{""name"": ""יצחק חלוצי"", ""slug"": null}]","[{""name"": ""אדיב ג'השאן"", ""slug"": ""אדיב_ג'השאן""}, {""name"": ""יוסף שילוח"", ""slug"": ""יוסף_שילוח""}, {""name"": ""חנה אזולאי-הספרי"", ""slug"": ""חנה_אזולאי-הספרי""}, {""name"": ""תחיה דנון"", ""slug"": ""תחיה_דנון""}, {""name"": ""נטע סובול"", ""slug"": ""נטע_סובול""}]",דרמה,1989,,5,B (1970-1990)
אהבתה האחרונה של לורה אדלר,אהבתה_האחרונה_של_לורה_אדלר,1990,"[{""name"": ""אברהם הפנר"", ""slug"": ""אברהם_הפנר""}]","[{""name"": ""אברהם הפנר"", ""slug"": null}]","[{""name"": ""ריטה זוהר"", ""slug"": ""ריטה_זוהר""}, {""name"": ""מנשה ורשבסקי"", ""slug"": ""מנשה_ורשבסקי""}, {""name"": ""אברהם מור"", ""slug"": ""אברהם_מור""}, {""name"": ""שולמית ארד"", ""slug"": null}]",,1990,,4,B (1970-1990)
דרך הנשר,דרך_הנשר,1990,"[{""name"": ""בני ברבש"", ""slug"": ""בני_ברבש""}, {""name"": ""אסי דיין"", ""slug"": ""אסי_דיין""}]","[{""name"": ""אורי ברבש"", ""slug"": ""אורי_ברבש""}]","[{""name"": ""אלי דנקר"", ""slug"": ""אלי_דנקר""}, {""name"": ""גידי גוב"", ""slug"": ""גידי_גוב""}, {""name"": ""נורית גלרון"", ""slug"": ""נורית_גלרון""}]",דרמה,1990,,3,B (1970-1990)
הדרך לעין חרוד,הדרך_לעין_חרוד,1990,"[{""name"": ""רמי נעמן"", ""slug"": null}, {""name"": ""עמוס קינן"", ""slug"": ""עמוס_קינן""}, {""name"": ""(ספר)"", ""slug"": null}]","[{""name"": ""דורון ערן"", ""slug"": ""דורון_ערן""}]","[{""name"": ""טוני פק"", ""slug"": null}, {""name"": ""אלסנדרה מוסוליני"", ""slug"": ""אלסנדרה_מוסוליני""}, {""name"": ""ארנון צדוק"", ""slug"": ""ארנון_צדוק""}]",דרמה,1990,,3,B (1970-1990)
המחצבה,המחצבה,1990,"[{""name"": ""עירא דביר"", ""slug"": ""עירא_דביר""}, {""name"": ""אהוד בן עזר"", ""slug"": ""אהוד_בן_עזר""}]","[{""name"": ""רוני ניניו"", ""slug"": ""רוני_ניניו""}]","[{""name"": ""אורי גבריאל"", ""slug"": ""אורי_גבריאל""}, {""name"": ""ששון גבאי"", ""slug"": ""ששון_גבאי""}, {""name"": ""חנה אזולאי-הספרי"", ""slug"": ""חנה_אזולאי-הספרי""}]",דרמה,1990,,3,B (1970-1990)
ניפגש בסיבוב,ניפגש_בסיבוב_(סרט),1990,[],"[{""name"": ""יהודה ברקן"", ""slug"": ""יהודה_ברקן""}, {""name"": ""עזרא שם טוב"", ""slug"": null}]","[{""name"": ""יהודה ברקן"", ""slug"": null}]",קומדיה,1990,,1,B (1970-1990)
"נשיקה במצ""ח","נשיקה_במצ""ח",1990,"[{""name"": ""שלמה משיח"", ""slug"": ""שלמה_משיח_(תסריטאי)""}, {""name"": ""יהודה ברקן"", ""slug"": ""יהודה_ברקן""}]","[{""name"": ""סם פירסטנברג"", ""slug"": ""סם_פירסטנברג""}]","[{""name"": ""יהודה ברקן"", ""slug"": null}]",דרמה,1990,,1,B (1970-1990)
אבא גנוב 3,אבא_גנוב_3,1991,"[{""name"": ""חיים מרין"", ""slug"": ""חיים_מרין""}, {""name"": ""שלמה משיח"", ""slug"": ""שלמה_משיח_(תסריטאי)""}]","[{""name"": ""איילת מנחמי"", ""slug"": ""איילת_מנחמי""}]","[{""name"": ""יהודה ברקן"", ""slug"": ""יהודה_ברקן""}, {""name"": ""בן ציון"", ""slug"": null}]",דרמה,1991,,2,C (>1990)
אזרח אמריקאי,אזרח_אמריקאי,1991,"[{""name"": ""איתן גרין"", ""slug"": ""איתן_גרין""}]","[{""name"": ""איתן גרין"", ""slug"": null}]","[{""name"": ""גיא גארנר"", ""slug"": null}, {""name"": ""איצ'ו אביטל"", ""slug"": ""איצ'ו_אביטל""}, {""name"": ""אווה חדד"", ""slug"": ""אווה_חדד""}, {""name"": ""חיים בנאי"", ""slug"": ""חיים_בנאי""}, {""name"": ""ברוך דוד"", ""slug"": ""ברוך_דוד""}]",דרמה,1991,,5,C (>1990)
אחרי המלחמה,,1991,"[{""name"": ""בני ברבש"", ""slug"": ""בני_ברבש""}, {""name"": ""היקיצה הגדולה"", ""slug"": ""היקיצה_הגדולה""}, {""name"": ""לפי ספרו"", ""slug"": null}]","[{""name"": ""אורי ברבש"", ""slug"": ""אורי_ברבש""}]","[{""name"": ""אסי דיין"", ""slug"": ""אסי_דיין""}, {""name"": ""רבקה נוימן"", ""slug"": ""רבקה_נוימן""}, {""name"": ""נטע מורן"", ""slug"": ""נטע_מורן""}]",,1991,,3,C (>1990)
זמן אמת,זמן_אמת_(1991),1991,"[{""name"": ""בני ברבש"", ""slug"": ""בני_ברבש""}]","[{""name"": ""אורי ברבש"", ""slug"": ""אורי_ברבש""}]","[{""name"": ""אסי דיין"", ""slug"": ""אסי_דיין""}, {""name"": ""נטע מורן"", ""slug"": ""נטע_מורן""}, {""name"": ""חנה מרון"", ""slug"": ""חנה_מרון""}]",דרמה,1991,,3,C (>1990)
עונת הדובדבנים,עונת_הדובדבנים,1991,"[{""name"": ""חיים בוזגלו"", ""slug"": ""חיים_בוזגלו""}]","[{""name"": ""חיים בוזגלו"", ""slug"": null}]","[{""name"": ""גיל פרנק"", ""slug"": ""גיל_פרנק""}, {""name"": ""עידית טפרסון"", ""slug"": ""עידית_טפרסון""}]",דרמה,1991,,2,C (>1990)
שורו,שורו_(סרט),1991,"[{""name"": ""שבי גביזון"", ""slug"": ""שבי_גביזון""}, {""name"": ""יונתן ארוך"", ""slug"": ""יונתן_ארוך""}, {""name"": ""יוחנן רביב"", ""slug"": null}]","[{""name"": ""שבי גביזון"", ""slug"": null}]","[{""name"": ""משה איבגי"", ""slug"": ""משה_איבגי""}, {""name"": ""קרן מור"", ""slug"": ""קרן_מור""}]",קומדיה,1991,,2,C (>1990)
אדי קינג,אדי_קינג,1992,"[{""name"": ""גידי דר"", ""slug"": ""גידי_דר""}, {""name"": ""איתן בלום"", ""slug"": ""איתן_בלום""}]","[{""name"": ""גידי דר"", ""slug"": null}]","[{""name"": ""רונית אלקבץ"", ""slug"": ""רונית_אלקבץ""}, {""name"": ""שולי רנד"", ""slug"": ""שולי_רנד""}, {""name"": ""איתן בלום"", ""slug"": null}]",קומדיה,1992,,3,C (>1990)
גברת תפתחי זה אני,גברת_תפתחי_זה_אני,1992,"[{""name"": ""יהודה ברקן"", ""slug"": ""יהודה_ברקן""}]","[{""name"": ""יהודה ברקן"", ""slug"": null}]","[{""name"": ""יהודה ברקן"", ""slug"": null}]",קומדיה,1992,,1,C (>1990)
גמר גביע,גמר_גביע,1992,"[{""name"": ""אייל חלפון"", ""slug"": ""אייל_חלפון""}]","[{""name"": ""ערן ריקליס"", ""slug"": ""ערן_ריקליס""}]","[{""name"": ""משה איבגי"", ""slug"": ""משה_איבגי""}, {""name"": ""מוחמד בכרי"", ""slug"": ""מוחמד_בכרי""}, {""name"": ""סלים דאו"", ""slug"": ""סלים_דאו""}, {""name"": ""בסאם זועמוט"", ""slug"": ""בסאם_זועמוט""}]",דרמה,1992,,4,C (>1990)
החיים על פי אגפא,החיים_על_פי_אגפא,1992,"[{""name"": ""אסי דיין"", ""slug"": ""אסי_דיין""}]","[{""name"": ""אסי דיין"", ""slug"": null}]","[{""name"": ""גילה אלמגור"", ""slug"": ""גילה_אלמגור""}, {""name"": ""אלון אבוטבול"", ""slug"": ""אלון_אבוטבול""}]",דרמה,1992,,2,C (>1990)
טיפת מזל,טיפת_מזל,1992,"[{""name"": ""זאב רווח"", ""slug"": ""זאב_רווח""}, {""name"": ""חנן פלד"", ""slug"": ""חנן_פלד""}]","[{""name"": ""זאב רווח"", ""slug"": null}]","[{""name"": ""זהבה בן"", ""slug"": ""זהבה_בן""}]",דרמה,1992,,1,C (>1990)
כבלים,כבלים_(סרט),1992,"[{""name"": ""אריק איינשטיין"", ""slug"": ""אריק_איינשטיין""}, {""name"": ""מוני מושונוב"", ""slug"": ""מוני_מושונוב""}, {""name"": ""צבי שיסל"", ""slug"": ""צבי_שיסל""}]","[{""name"": ""צבי שיסל"", ""slug"": null}]","[{""name"": ""אריק איינשטיין"", ""slug"": null}, {""name"": ""מוני מושונוב"", ""slug"": null}, {""name"": ""צבי שיסל"", ""slug"": null}]",קומדיה,1992,,3,C (>1990)
ללקק ת'תות,ללקק_ת'תות,1992,"[{""name"": ""בני ברבש"", ""slug"": ""בני_ברבש""}]","[{""name"": ""אורי ברבש"", ""slug"": ""אורי_ברבש""}]","[{""name"": ""אקי אבני"", ""slug"": ""אקי_אבני""}, {""name"": ""אורי בנאי"", ""slug"": ""אורי_בנאי""}, {""name"": ""אורי גוטליב"", ""slug"": ""אורי_גוטליב""}, {""name"": ""אלברט אילוז"", ""slug"": ""אלברט_אילוז""}]",קומדיה,1992,,4,C (>1990)
מאחורי הסורגים 2,מאחורי_הסורגים_2,1992,"[{""name"": ""בני ברבש"", ""slug"": ""בני_ברבש""}]","[{""name"": ""אורי ברבש"", ""slug"": ""אורי_ברבש""}]","[{""name"": ""מוחמד בכרי"", ""slug"": ""מוחמד_בכרי""}, {""name"": ""ארנון צדוק"", ""slug"": ""ארנון_צדוק""}]",דרמה,1992,,2,C (>1990)
נערי החוף,"נערי_החוף_(סרט,_1992)",1992,"[{""name"": ""צורי מימון"", ""slug"": ""צורי_מימון""}]","[{""name"": ""צורי מימון"", ""slug"": null}]","[{""name"": ""אקי אבני"", ""slug"": ""אקי_אבני""}]",דרמה,1992,,1,C (>1990)
סיפורי תל אביב,סיפורי_תל_אביב,1992,"[{""name"": ""איילת מנחמי"", ""slug"": ""איילת_מנחמי""}, {""name"": ""נירית ירון"", ""slug"": ""נירית_ירון""}, {""name"": ""שמי זרחין"", ""slug"": ""שמי_זרחין""}, {""name"": ""שחר סגל"", ""slug"": ""שחר_סגל_(מגישה)""}]","[{""name"": ""איילת מנחמי"", ""slug"": null}, {""name"": ""נירית ירון"", ""slug"": null}]","[{""name"": ""יעל אבקסיס"", ""slug"": ""יעל_אבקסיס""}, {""name"": ""רותי גולדברג"", ""slug"": null}, {""name"": ""ענת וקסמן"", ""slug"": ""ענת_וקסמן""}]",קומדיה,1992,,3,C (>1990)
אישה זרה,אישה_זרה,1993,"[{""name"": ""מיכל בת-אדם"", ""slug"": ""מיכל_בת-אדם""}]","[{""name"": ""מיכל בת-אדם"", ""slug"": null}]","[{""name"": ""מיכל בת-אדם"", ""slug"": null}]",דרמה,1993,,1,C (>1990)
גולם במעגל,גולם_במעגל_(סרט),1993,"[{""name"": ""טלי זילברשטיין"", ""slug"": null}, {""name"": ""ענר פרמינגר"", ""slug"": ""ענר_פרמינגר""}]","[{""name"": ""ענר פרמינגר"", ""slug"": null}]","[{""name"": ""חגית דסברג"", ""slug"": ""חגית_דסברג""}]",דרמה,1993,,1,C (>1990)
גרופי,גרופי,1993,"[{""name"": ""נדב לויתן"", ""slug"": ""נדב_לויתן""}]","[{""name"": ""נדב לויתן"", ""slug"": null}]","[{""name"": ""מילי אביטל"", ""slug"": ""מילי_אביטל""}, {""name"": ""דנה דבורין"", ""slug"": ""דנה_דבורין""}]",דרמה,1993,,2,C (>1990)
הירושה,"הירושה_(סרט,_1993)",1993,"[{""name"": ""צביקה קרצנר"", ""slug"": ""צביקה_קרצנר""}]","[{""name"": ""אמנון רובינשטיין"", ""slug"": ""אמנון_רובינשטיין_(במאי)""}]","[{""name"": ""יעל אבקסיס"", ""slug"": ""יעל_אבקסיס""}, {""name"": ""אלון אבוטבול"", ""slug"": ""אלון_אבוטבול""}, {""name"": ""אבי טולדנו"", ""slug"": ""אבי_טולדנו""}]",דרמה,1993,,3,C (>1990)
זוהר,זוהר_(סרט),1993,"[{""name"": ""אמיר בן-דוד"", ""slug"": ""אמיר_בן-דוד""}, {""name"": ""משה זונדר"", ""slug"": ""משה_זונדר""}]","[{""name"": ""ערן ריקליס"", ""slug"": ""ערן_ריקליס""}]","[{""name"": ""שאול מזרחי"", ""slug"": ""שאול_מזרחי""}, {""name"": ""דפנה דקל"", ""slug"": ""דפנה_דקל""}, {""name"": ""ג'וליאנו מר"", ""slug"": ""ג'וליאנו_מר""}]",דרמה,1993,,3,C (>1990)
מחפשת בעל על ארבע,מחפשת_בעל_על_ארבע,1993,"[{""name"": ""ירון זליג"", ""slug"": null}, {""name"": ""חגית מאור"", ""slug"": null}]","[{""name"": ""שמעון אזולאי"", ""slug"": null}]","[{""name"": ""יהודה ברקן"", ""slug"": ""יהודה_ברקן""}]",קומדיה,1993,,1,C (>1990)
נקמתו של איציק פינקלשטיין,נקמתו_של_איציק_פינקלשטיין,1993,"[{""name"": ""אנריקה רוטנברג"", ""slug"": ""אנריקה_רוטנברג""}, {""name"": ""אסטבן גוטפריד"", ""slug"": ""אסטבן_גוטפריד""}]","[{""name"": ""אנריקה רוטנברג"", ""slug"": ""אנריקה_רוטנברג""}]","[{""name"": ""משה איבגי"", ""slug"": ""משה_איבגי""}, {""name"": ""דבורה קידר"", ""slug"": null}]",קומדיה,1993,,2,C (>1990)
איה: אוטוביוגרפיה דמיונית,איה:_אוטוביוגרפיה_דמיונית,1994,"[{""name"": ""מיכל בת-אדם"", ""slug"": ""מיכל_בת-אדם""}]","[{""name"": ""מיכל בת-אדם"", ""slug"": null}]","[{""name"": ""מיכל זוארץ"", ""slug"": ""מיכל_זוארץ""}, {""name"": ""מיכל בת-אדם"", ""slug"": null}]",דרמה,1994,,2,C (>1990)
שלג באוגוסט,שלג_באוגוסט,1994,"[{""name"": ""חגי לוי"", ""slug"": ""חגי_לוי_(איש_תקשורת)""}]","[{""name"": ""חגי לוי"", ""slug"": ""חגי_לוי_(איש_תקשורת)""}]","[{""name"": ""רמי הויברגר"", ""slug"": ""רמי_הויברגר""}, {""name"": ""אביגיל אריאלי"", ""slug"": ""אביגיל_אריאלי""}, {""name"": ""שי אביבי"", ""slug"": ""שי_אביבי""}, {""name"": ""גלי בן נר"", ""slug"": null}]",דרמה,1994,,4,C (>1990)
סיפור שמתחיל בלוויה של נחש,סיפור_שמתחיל_בלוויה_של_נחש,1994,"[{""name"": ""אבי מוגרבי"", ""slug"": ""אבי_מוגרבי""}]","[{""name"": ""דינה צבי ריקליס"", ""slug"": ""דינה_צבי_ריקליס""}]","[{""name"": ""משה איבגי"", ""slug"": ""משה_איבגי""}, {""name"": ""ריטה שוקרון"", ""slug"": ""ריטה_שוקרון""}]",דרמה,1994,,2,C (>1990)
ארץ חדשה,ארץ_חדשה_(סרט),1994,"[{""name"": ""קובי ניב"", ""slug"": ""קובי_ניב""}]","[{""name"": ""אורנה בן דור"", ""slug"": ""אורנה_בן_דור""}]","[{""name"": ""אניה בוקשטיין"", ""slug"": ""אניה_בוקשטיין""}, {""name"": ""מיכאל פלמן"", ""slug"": null}, {""name"": ""אתי אנקרי"", ""slug"": ""אתי_אנקרי""}]",דרמה,1994,,3,C (>1990)
הגמל המעופף,הגמל_המעופף_(סרט),1994,"[{""name"": ""רמי נעמן"", ""slug"": null}]","[{""name"": ""רמי נעמן"", ""slug"": null}]","[{""name"": ""מוסקו אלקלעי"", ""slug"": ""מוסקו_אלקלעי""}, {""name"": ""גבי עמרני"", ""slug"": ""גבי_עמרני""}, {""name"": ""גילת אנקורי"", ""slug"": ""גילת_אנקורי""}]",קומדיה,1994,,3,C (>1990)
המרחק,המרחק,1994,"[{""name"": ""דן וולמן"", ""slug"": ""דן_וולמן""}]","[{""name"": ""דן וולמן"", ""slug"": null}]","[{""name"": ""ג'ניה צ'רניק"", ""slug"": null}]",דרמה,1994,,1,C (>1990)
ייפוי כוח,,1994,"[{""name"": ""בני ברבש"", ""slug"": ""בני_ברבש""}]","[{""name"": ""אורי ברבש"", ""slug"": ""אורי_ברבש""}]",[],דרמה,1994,,0,C (>1990)
מקס ומוריס,מקס_ומוריס,1994,"[{""name"": ""חיים מרין"", ""slug"": ""חיים_מרין""}]","[{""name"": ""יעקב גולדווסר"", ""slug"": ""יעקב_גולדווסר""}]","[{""name"": ""משה איבגי"", ""slug"": ""משה_איבגי""}, {""name"": ""אורי גבריאל"", ""slug"": ""אורי_גבריאל""}]",קומדיה,1994,,2,C (>1990)
שחור,שחור_(סרט),1994,"[{""name"": ""חנה אזולאי-הספרי"", ""slug"": ""חנה_אזולאי-הספרי""}]","[{""name"": ""שמואל הספרי"", ""slug"": ""שמואל_הספרי""}]","[{""name"": ""גילה אלמגור"", ""slug"": ""גילה_אלמגור""}, {""name"": ""רונית אלקבץ"", ""slug"": ""רונית_אלקבץ""}, {""name"": ""חנה אזולאי-הספרי"", ""slug"": null}]",דרמה,1994,,3,C (>1990)
צלקת,"צלקת_(סרט,_1994)",1994,"[{""name"": ""חיים בוזגלו"", ""slug"": ""חיים_בוזגלו""}, {""name"": ""רונית אלקבץ"", ""slug"": ""רונית_אלקבץ""}]","[{""name"": ""חיים בוזגלו"", ""slug"": null}]","[{""name"": ""רובין רנוצ'י"", ""slug"": null}, {""name"": ""אנדריאה פראול"", ""slug"": null}, {""name"": ""ששון גבאי"", ""slug"": ""ששון_גבאי""}, {""name"": ""רונית אלקבץ"", ""slug"": null}]",דרמה,1994,,4,C (>1990)
שירת הסירנה,שירת_הסירנה_(סרט),1994,"[{""name"": ""עירית לינור"", ""slug"": ""עירית_לינור""}, {""name"": ""רון גואטה"", ""slug"": null}]","[{""name"": ""איתן פוקס"", ""slug"": ""איתן_פוקס""}]","[{""name"": ""דלית קהן"", ""slug"": ""דלית_קהן""}, {""name"": ""יאיר לפיד"", ""slug"": ""יאיר_לפיד""}]",קומדיה,1994,,2,C (>1990)
ב-72 לא הייתה מלחמה,ב-72_לא_הייתה_מלחמה,1995,"[{""name"": ""דודו קריינר"", ""slug"": null}]","[{""name"": ""דודו קריינר"", ""slug"": null}]","[{""name"": ""אדם אבולעפיה"", ""slug"": null}, {""name"": ""שמואל אדלמן"", ""slug"": ""שמואל_אדלמן""}, {""name"": ""אווה חדד"", ""slug"": ""אווה_חדד""}, {""name"": ""נטלי עטיה"", ""slug"": ""נטלי_עטיה""}]",דרמה,1995,,4,C (>1990)
זיכרון דברים,זכרון_דברים_(סרט),1995,"[{""name"": ""גלעד עברון"", ""slug"": ""גלעד_עברון""}, {""name"": ""מדי לוי"", ""slug"": null}]","[{""name"": ""עמוס גיתאי"", ""slug"": ""עמוס_גיתאי""}]","[{""name"": ""אסי דיין"", ""slug"": ""אסי_דיין""}, {""name"": ""עמוס שוב"", ""slug"": ""עמוס_שוב""}, {""name"": ""עמוס גיתאי"", ""slug"": null}]",דרמה,1995,,3,C (>1990)
חולה אהבה בשיכון ג',חולה_אהבה_בשיכון_ג',1995,"[{""name"": ""שבי גביזון"", ""slug"": ""שבי_גביזון""}]","[{""name"": ""שבי גביזון"", ""slug"": null}]","[{""name"": ""משה איבגי"", ""slug"": ""משה_איבגי""}, {""name"": ""חנה אזולאי-הספרי"", ""slug"": ""חנה_אזולאי-הספרי""}, {""name"": ""אביטל דיקר"", ""slug"": ""אביטל_דיקר""}]",דרמה,1995,,3,C (>1990)
לילסדה,לילסדה,1995,"[{""name"": ""שמי זרחין"", ""slug"": ""שמי_זרחין""}]","[{""name"": ""שמי זרחין"", ""slug"": null}]","[{""name"": ""גילה אלמגור"", ""slug"": ""גילה_אלמגור""}, {""name"": ""אלון אבוטבול"", ""slug"": ""אלון_אבוטבול""}, {""name"": ""יוסף שילוח"", ""slug"": ""יוסף_שילוח""}]",דרמה,1995,,3,C (>1990)
עץ הדומים תפוס,עץ_הדומים_תפוס_(סרט),1995,"[{""name"": ""גילה אלמגור"", ""slug"": ""גילה_אלמגור""}, {""name"": ""איל שר"", ""slug"": ""איל_שר""}]","[{""name"": ""אלי כהן"", ""slug"": ""אלי_כהן_(במאי)""}]","[{""name"": ""קאיפו כהן"", ""slug"": ""קאיפו_כהן""}, {""name"": ""ג'וליאנו מר"", ""slug"": ""ג'וליאנו_מר""}, {""name"": ""גילה אלמגור"", ""slug"": null}]",דרמה,1995,,3,C (>1990)
שמיכה חשמלית ושמה משה,שמיכה_חשמלית_ושמה_משה,1995,"[{""name"": ""אסי דיין"", ""slug"": ""אסי_דיין""}]","[{""name"": ""אסי דיין"", ""slug"": null}]","[{""name"": ""רבקה נוימן"", ""slug"": ""רבקה_נוימן""}, {""name"": ""שמיל בן ארי"", ""slug"": ""שמיל_בן_ארי""}, {""name"": ""אורי קלאוזנר"", ""slug"": ""אורי_קלאוזנר""}]",דרמה,1995,,3,C (>1990)
ילדי קניון הזהב,ילדי_קניון_הזהב,1995,"[{""name"": ""דניאל אסף"", ""slug"": null}]","[{""name"": ""דניאל אסף"", ""slug"": null}, {""name"": ""אושרי הילזנרט"", ""slug"": null}]","[{""name"": ""צביקה שוורצברג"", ""slug"": ""צביקה_שוורצברג""}]",,1995,,1,C (>1990)
אושר ללא גבול,אושר_ללא_גבול,1996,"[{""name"": ""יגאל בורשטיין"", ""slug"": ""יגאל_בורשטיין""}]","[{""name"": ""יגאל בורשטיין"", ""slug"": null}]","[{""name"": ""אריאל זילבר"", ""slug"": ""אריאל_זילבר""}]",קומדיה,1996,,1,C (>1990)
האיטלקים באים,האיטלקים_באים,1996,"[{""name"": ""אייל חלפון"", ""slug"": ""אייל_חלפון""}]","[{""name"": ""אייל חלפון"", ""slug"": null}]","[{""name"": ""פרנקו נרו"", ""slug"": ""פרנקו_נרו""}, {""name"": ""אשר צרפתי"", ""slug"": ""אשר_צרפתי""}]",דרמה,1996,,2,C (>1990)
החצי השני,,1996,[],"[{""name"": ""אורי ענבר"", ""slug"": ""אורי_ענבר""}]","[{""name"": ""אורנה בנאי"", ""slug"": ""אורנה_בנאי""}, {""name"": ""אלון אבוטבול"", ""slug"": ""אלון_אבוטבול""}]",קומדיה,1996,,2,C (>1990)
זולגות הדמעות מעצמן,זולגות_הדמעות_מעצמן,1996,"[{""name"": ""איתן גרין"", ""slug"": ""איתן_גרין""}]","[{""name"": ""איתן גרין"", ""slug"": null}]","[{""name"": ""אבי גרייניק"", ""slug"": ""אבי_גרייניק""}, {""name"": ""אריה מוסקונה"", ""slug"": ""אריה_מוסקונה""}]",דרמה,1996,,2,C (>1990)
כלבים לא נובחים בירוק,כלבים_לא_נובחים_בירוק,1996,"[{""name"": ""ארז עיני שביט"", ""slug"": null}]","[{""name"": ""ארנה רביב"", ""slug"": ""ארנה_רביב""}, {""name"": ""יונתן רביב"", ""slug"": null}]","[{""name"": ""קרן מור"", ""slug"": ""קרן_מור""}, {""name"": ""רמי הויברגר"", ""slug"": ""רמי_הויברגר""}, {""name"": ""מנשה נוי"", ""slug"": ""מנשה_נוי""}, {""name"": ""דב נבון"", ""slug"": ""דב_נבון""}]",קומדיה,1996,,4,C (>1990)
כרוניקה של היעלמות,,1996,"[{""name"": ""אליה סולימאן"", ""slug"": ""אליה_סולימאן""}]","[{""name"": ""אליה סולימאן"", ""slug"": null}]","[{""name"": ""אליה סולימאן"", ""slug"": null}]",דרמה,1996,,1,C (>1990)
לילה לבן,לילה_לבן_(סרט),1996,"[{""name"": ""יואב הלוי"", ""slug"": ""יואב_הלוי_(איש_קולנוע)""}, {""name"": ""ארנון צדוק"", ""slug"": ""ארנון_צדוק""}]","[{""name"": ""ארנון צדוק"", ""slug"": null}]","[{""name"": ""שרון אלכסנדר"", ""slug"": ""שרון_אלכסנדר""}, {""name"": ""עידן אלתרמן"", ""slug"": ""עידן_אלתרמן""}, {""name"": ""לאורה ריבלין"", ""slug"": ""לאורה_ריבלין""}]",דרמה,1996,,3,C (>1990)
לנגד עיניים מערביות,לנגד_עיניים_מערביות,1996,"[{""name"": ""יוסף פיצ'חדזה"", ""slug"": ""יוסף_פיצ'חדזה""}]","[{""name"": ""יוסף פיצ'חדזה"", ""slug"": null}]","[{""name"": ""אייל שכטר"", ""slug"": ""אייל_שכטר""}, {""name"": ""ליאת גליק"", ""slug"": ""ליאת_גליק""}]",דרמה,1996,,2,C (>1990)
מילים,,1996,"[{""name"": ""עמוס גיתאי"", ""slug"": ""עמוס_גיתאי""}]","[{""name"": ""עמוס גיתאי"", ""slug"": null}]","[{""name"": ""רונית אלקבץ"", ""slug"": ""רונית_אלקבץ""}, {""name"": ""שמואל פולר"", ""slug"": null}]",דרמה,1996,,2,C (>1990)
נשים,,1996,"[{""name"": ""משה מזרחי"", ""slug"": ""משה_מזרחי_(במאי_קולנוע)""}, {""name"": ""יהודה בורלא"", ""slug"": ""יהודה_בורלא""}, {""name"": ""על פי"", ""slug"": null}]","[{""name"": ""משה מזרחי"", ""slug"": null}]","[{""name"": ""מיכל בת-אדם"", ""slug"": ""מיכל_בת-אדם""}]",דרמה,1996,,1,C (>1990)
צעירים לנצח,צעירים_לנצח,1996,"[{""name"": ""מיכאל בהגן"", ""slug"": ""מיכאל_בהגן""}]","[{""name"": ""מיכאל בהגן"", ""slug"": null}]","[{""name"": ""סער בדישי"", ""slug"": ""סער_בדישי""}, {""name"": ""אורי גבריאל"", ""slug"": ""אורי_גבריאל""}, {""name"": ""ארנון צדוק"", ""slug"": ""ארנון_צדוק""}, {""name"": ""מיכל זוארץ"", ""slug"": ""מיכל_זוארץ""}]",דרמה,1996,,4,C (>1990)
קיצור תולדות האוהבים,קיצור_תולדות_האוהבים,1996,"[{""name"": ""יצחק צפל ישורון"", ""slug"": ""יצחק_צפל_ישורון""}]","[{""name"": ""יצחק צפל ישורון"", ""slug"": null}]",[],דרמה,1996,,0,C (>1990)
קלרה הקדושה,קלרה_הקדושה,1996,"[{""name"": ""ארי פולמן"", ""slug"": ""ארי_פולמן""}, {""name"": ""אורי סיון"", ""slug"": ""אורי_סיון_(במאי_קולנוע)""}]","[{""name"": ""ארי פולמן"", ""slug"": null}, {""name"": ""אורי סיון"", ""slug"": null}]","[{""name"": ""לוסי דובינצ'יק"", ""slug"": ""לוסי_דובינצ'יק""}, {""name"": ""חליל אלוהב"", ""slug"": null}]",דרמה,1996,,2,C (>1990)
קשר דם,קשר_דם_(סרט),1996,"[{""name"": ""יקי יושע"", ""slug"": ""יקי_יושע""}]","[{""name"": ""יקי יושע"", ""slug"": null}]","[{""name"": ""עמוס לביא"", ""slug"": ""עמוס_לביא""}, {""name"": ""יעל הדר"", ""slug"": ""יעל_הדר""}, {""name"": ""אביטל דיקר"", ""slug"": ""אביטל_דיקר""}]",דרמה,1996,,3,C (>1990)
מי האבא?,מי_האבא?,1996,"[{""name"": ""חיים אידיסיס"", ""slug"": ""חיים_אידיסיס""}]","[{""name"": ""אלי קנר"", ""slug"": ""אלי_קנר""}]","[{""name"": ""דובי גל"", ""slug"": ""דובי_גל""}, {""name"": ""ניצה שאול"", ""slug"": ""ניצה_שאול""}, {""name"": ""מריה אובנוב"", ""slug"": ""מריה_אובנוב""}, {""name"": ""אורי בנאי"", ""slug"": ""אורי_בנאי""}]",קומדיה,1996,,4,C (>1990)
אהבה אסורה,אהבה_אסורה,1997,"[{""name"": ""יוסי זומר"", ""slug"": null}, {""name"": ""איל שר"", ""slug"": ""איל_שר""}]","[{""name"": ""יוסי זומר"", ""slug"": null}]","[{""name"": ""יחזקאל לזרוב"", ""slug"": ""יחזקאל_לזרוב""}, {""name"": ""איילת זורר"", ""slug"": ""איילת_זורר""}, {""name"": ""יגאל נאור"", ""slug"": ""יגאל_נאור""}, {""name"": ""אורנה פורת"", ""slug"": ""אורנה_פורת""}, {""name"": ""אלון דהן"", ""slug"": ""אלון_דהן_(שחקן)""}, {""name"": ""משה איבגי"", ""slug"": ""משה_איבגי""}, {""name"": ""אלברט אילוז"", ""slug"": ""אלברט_אילוז""}, {""name"": ""גילי שושן"", ""slug"": ""גילי_שושן""}, {""name"": ""יובל זמיר"", ""slug"": ""יובל_זמיר""}, {""name"": ""שבתאי קונורטי"", ""slug"": ""שבתאי_קונורטי""}, {""name"": ""ענבר סוירפמן"", ""slug"": null}]",,1997,,11,C (>1990)
אין שמות על הדלתות,אין_שמות_על_הדלתות,1997,"[{""name"": ""נדב לויתן"", ""slug"": ""נדב_לויתן""}, {""name"": ""ארז עיני שביט"", ""slug"": null}]","[{""name"": ""נדב לויתן"", ""slug"": null}]","[{""name"": ""חוה אלברשטיין"", ""slug"": ""חוה_אלברשטיין""}, {""name"": ""מוסקו אלקלעי"", ""slug"": ""מוסקו_אלקלעי""}, {""name"": ""אבי פניני"", ""slug"": ""אבי_פניני""}]",דרמה,1997,,3,C (>1990)
ביפ,ביפ,1997,"[{""name"": ""עמית הכט"", ""slug"": null}, {""name"": ""מנשה נוי"", ""slug"": ""מנשה_נוי""}]","[{""name"": ""עמית הכט"", ""slug"": null}]","[{""name"": ""קרן מור"", ""slug"": ""קרן_מור""}, {""name"": ""דפנה רכטר"", ""slug"": ""דפנה_רכטר""}, {""name"": ""מנשה נוי"", ""slug"": null}]",קומדיה,1997,,3,C (>1990)
מינוטאור,מינוטאור_(סרט),1997,"[{""name"": ""ארווין ס. ווייט"", ""slug"": null}, {""name"": ""דן תורג'מן"", ""slug"": ""דן_תורג'מן""}]","[{""name"": ""יונתן תמוז"", ""slug"": null}]","[{""name"": ""מילי אביטל"", ""slug"": ""מילי_אביטל""}, {""name"": ""דן תורג'מן"", ""slug"": null}]",דרמה,1997,,2,C (>1990)
מר באום,מר_באום,1997,"[{""name"": ""אסי דיין"", ""slug"": ""אסי_דיין""}]","[{""name"": ""אסי דיין"", ""slug"": null}]","[{""name"": ""שירה גפן"", ""slug"": ""שירה_גפן""}, {""name"": ""אסי דיין"", ""slug"": null}]",דרמה,1997,,2,C (>1990)
עפולה אקספרס,עפולה_אקספרס,1997,"[{""name"": ""עמית ליאור"", ""slug"": ""עמית_ליאור""}]","[{""name"": ""ג'ולי שלז"", ""slug"": ""ג'ולי_שלז""}]","[{""name"": ""צביקה הדר"", ""slug"": ""צביקה_הדר""}, {""name"": ""אסתי זקהיים"", ""slug"": ""אסתי_זקהיים""}, {""name"": ""אריה מוסקונה"", ""slug"": ""אריה_מוסקונה""}, {""name"": ""אורלי פרל"", ""slug"": ""אורלי_פרל""}]",דרמה,1997,,4,C (>1990)
פתיחה 1812,פתיחה_1812_(סרט),1997,"[{""name"": ""מנשה נוי"", ""slug"": ""מנשה_נוי""}]","[{""name"": ""מנשה נוי"", ""slug"": null}]","[{""name"": ""עמי סמולרצ'יק"", ""slug"": ""עמי_סמולרצ'יק""}, {""name"": ""טינקרבל"", ""slug"": ""טינקרבל""}, {""name"": ""ג'וליאנו מר"", ""slug"": ""ג'וליאנו_מר""}, {""name"": ""קרן מור"", ""slug"": ""קרן_מור""}]",דרמה,1997,,4,C (>1990)
קמפיין,,1997,[],"[{""name"": ""שמואל הספרי"", ""slug"": ""שמואל_הספרי""}]","[{""name"": ""אלון אבוטבול"", ""slug"": ""אלון_אבוטבול""}, {""name"": ""חנה אזולאי-הספרי"", ""slug"": ""חנה_אזולאי-הספרי""}, {""name"": ""שמיל בן ארי"", ""slug"": ""שמיל_בן_ארי""}, {""name"": ""ישראל פוליאקוב"", ""slug"": ""ישראל_פוליאקוב""}]",דרמה,1997,,4,C (>1990)
אהבה מדרגה ראשונה,אהבה_מדרגה_ראשונה,1997,"[{""name"": ""שירלי רם עמית"", ""slug"": null}]","[{""name"": ""עקיבא טבת"", ""slug"": ""עקיבא_טבת""}]","[{""name"": ""אלון אבוטבול"", ""slug"": ""אלון_אבוטבול""}, {""name"": ""דפנה דקל"", ""slug"": ""דפנה_דקל""}, {""name"": ""גיל פרנק"", ""slug"": ""גיל_פרנק""}]",,1997,,3,C (>1990)
עם חוקים,עם_חוקים,1997,[],"[{""name"": ""דובר קוסאשווילי"", ""slug"": ""דובר_קוסאשווילי""}]","[{""name"": ""אלון אבוטבול"", ""slug"": ""אלון_אבוטבול""}]",דרמה,1997,,1,C (>1990)
אביב,,1998,"[{""name"": ""נדב לויתן"", ""slug"": ""נדב_לויתן""}]","[{""name"": ""נדב לויתן"", ""slug"": null}]","[{""name"": ""תכלת סמל"", ""slug"": null}]",דרמה,1998,,1,C (>1990)
אגדת האיש ששתק,,1998,"[{""name"": ""דורון נשר"", ""slug"": ""דורון_נשר""}]","[{""name"": ""דורון נשר"", ""slug"": null}]","[{""name"": ""שמיל בן ארי"", ""slug"": ""שמיל_בן_ארי""}, {""name"": ""דורין כספי"", ""slug"": ""דורין_כספי""}]",דרמה,1998,,2,C (>1990)
באזז,באזז,1998,"[{""name"": ""יעל שטרן-אודוויר"", ""slug"": null}]","[{""name"": ""אלי כהן"", ""slug"": ""אלי_כהן_(במאי)""}]","[{""name"": ""שרון צור"", ""slug"": ""שרון_צור""}, {""name"": ""איציק עצמון"", ""slug"": null}, {""name"": ""אהובה קרן"", ""slug"": ""אהובה_קרן""}, {""name"": ""יובל סגל"", ""slug"": ""יובל_סגל_(1980)""}]",דרמה,1998,,4,C (>1990)
כרוניקה של אהבה,כרוניקה_של_אהבה,1998,"[{""name"": ""ציפי טרופה"", ""slug"": ""ציפי_טרופה""}]","[{""name"": ""ציפי טרופה"", ""slug"": null}]","[{""name"": ""סמדר קילצ'ינסקי"", ""slug"": ""סמדר_קילצ'ינסקי""}, {""name"": ""שרון אלכסנדר"", ""slug"": ""שרון_אלכסנדר""}]",דרמה,1998,,2,C (>1990)
יום יום,יום_יום_(סרט),1998,"[{""name"": ""עמוס גיתאי"", ""slug"": ""עמוס_גיתאי""}]","[{""name"": ""עמוס גיתאי"", ""slug"": null}]","[{""name"": ""משה איבגי"", ""slug"": ""משה_איבגי""}, {""name"": ""חנה מרון"", ""slug"": ""חנה_מרון""}, {""name"": ""ג'וליאנו מר"", ""slug"": ""ג'וליאנו_מר""}, {""name"": ""דלית קהן"", ""slug"": ""דלית_קהן""}]",דרמה,1998,,4,C (>1990)
מסוכנת,מסוכנת,1998,"[{""name"": ""שמי זרחין"", ""slug"": ""שמי_זרחין""}]","[{""name"": ""שמי זרחין"", ""slug"": null}]","[{""name"": ""גילה אלמגור"", ""slug"": ""גילה_אלמגור""}, {""name"": ""נתן דטנר"", ""slug"": ""נתן_דטנר""}, {""name"": ""משה איבגי"", ""slug"": ""משה_איבגי""}, {""name"": ""דרור קרן"", ""slug"": ""דרור_קרן""}]",דרמה,1998,,4,C (>1990)
סודות משפחה,סודות_משפחה,1998,"[{""name"": ""שמי זרחין"", ""slug"": ""שמי_זרחין""}]","[{""name"": ""ניצה גונן"", ""slug"": ""ניצה_גונן""}]","[{""name"": ""מיכאל הנגבי"", ""slug"": ""מיכאל_הנגבי""}, {""name"": ""רומי אבולעפיה"", ""slug"": ""רומי_אבולעפיה""}]",דרמה,1998,,2,C (>1990)
סופר בוי,סופר_בוי,1998,"[{""name"": ""נועה ארד ברנר"", ""slug"": null}, {""name"": ""עמית ליאור"", ""slug"": ""עמית_ליאור""}]","[{""name"": ""חנוך רוזן"", ""slug"": ""חנוך_רוזן""}]","[{""name"": ""תום אבני"", ""slug"": ""תום_אבני""}, {""name"": ""עודד תאומי"", ""slug"": ""עודד_תאומי""}]",ילדים,1998,,2,C (>1990)
פעמיים בוסקילה,פעמיים_בוסקילה,1998,"[{""name"": ""זאב רווח"", ""slug"": ""זאב_רווח""}]","[{""name"": ""יעקב קוצקי"", ""slug"": null}, {""name"": ""זאב רווח"", ""slug"": null}]","[{""name"": ""גאולה נוני"", ""slug"": ""גאולה_נוני""}, {""name"": ""זאב רווח"", ""slug"": null}]",קומדיה,1998,,2,C (>1990)
צדק מוחלט,צדק_מוחלט,1998,"[{""name"": ""יואב הלוי"", ""slug"": ""יואב_הלוי_(איש_קולנוע)""}]","[{""name"": ""ארנון צדוק"", ""slug"": ""ארנון_צדוק""}]","[{""name"": ""גבי עמרני"", ""slug"": ""גבי_עמרני""}, {""name"": ""יונה עטרי"", ""slug"": ""יונה_עטרי""}, {""name"": ""סער בדישי"", ""slug"": ""סער_בדישי""}, {""name"": ""שמיל בן ארי"", ""slug"": ""שמיל_בן_ארי""}]",דרמה,1998,,4,C (>1990)
קרקס פלשתינה,קרקס_פלשתינה,1998,"[{""name"": ""אייל חלפון"", ""slug"": ""אייל_חלפון""}]","[{""name"": ""אייל חלפון"", ""slug"": null}]","[{""name"": ""יורם חטב"", ""slug"": ""יורם_חטב""}, {""name"": ""יבגניה דודינה"", ""slug"": ""יבגניה_דודינה""}]",דרמה,1998,,2,C (>1990)
קשר עיר,קשר_עיר,1998,"[{""name"": ""יהונתן סגל"", ""slug"": ""יהונתן_סגל""}]","[{""name"": ""יהונתן סגל"", ""slug"": null}]","[{""name"": ""דפנה רכטר"", ""slug"": ""דפנה_רכטר""}, {""name"": ""שרון אלכסנדר"", ""slug"": ""שרון_אלכסנדר""}]",דרמה,1998,,2,C (>1990)
אהבה ממבט שני,"אהבה_ממבט_שני_(סרט,_1998)",1999,"[{""name"": ""מיכל בת-אדם"", ""slug"": ""מיכל_בת-אדם""}]","[{""name"": ""מיכל בת-אדם"", ""slug"": null}]","[{""name"": ""מיכל זוארץ"", ""slug"": ""מיכל_זוארץ""}, {""name"": ""אלון אבוטבול"", ""slug"": ""אלון_אבוטבול""}]",דרמה,1999,,2,C (>1990)
החברים של יאנה,החברים_של_יאנה,1999,"[{""name"": ""אריק קפלון"", ""slug"": ""אריק_קפלון""}, {""name"": ""סמיון וינוקור"", ""slug"": null}]","[{""name"": ""אריק קפלון"", ""slug"": null}]","[{""name"": ""אוולין קפלון"", ""slug"": ""אוולין_קפלון""}, {""name"": ""ניר לוי"", ""slug"": ""ניר_לוי""}]",דרמה,1999,,2,C (>1990)
חובו של אהרון כהן,חובו_של_אהרון_כהן,1999,"[{""name"": ""אלון בר"", ""slug"": null}]","[{""name"": ""עמליה מרגולין"", ""slug"": ""עמליה_מרגולין""}]","[{""name"": ""משה איבגי"", ""slug"": ""משה_איבגי""}, {""name"": ""אביטל אברג'יל"", ""slug"": ""אביטל_אברג'יל""}, {""name"": ""יוסוף אבו ורדה"", ""slug"": ""יוסוף_אבו_ורדה""}, {""name"": ""אורי אברהמי"", ""slug"": ""אורי_אברהמי""}]",דרמה,1999,,4,C (>1990)
צומת וולקן,צומת_וולקן_(סרט),1999,"[{""name"": ""אמיר בן-דוד"", ""slug"": ""אמיר_בן-דוד""}, {""name"": ""משה זונדר"", ""slug"": ""משה_זונדר""}]","[{""name"": ""ערן ריקליס"", ""slug"": ""ערן_ריקליס""}]","[{""name"": ""אורן שבו"", ""slug"": ""אורן_שבו""}, {""name"": ""סמי הורי"", ""slug"": ""סמי_הורי""}, {""name"": ""יעל הדר"", ""slug"": ""יעל_הדר""}, {""name"": ""דני שטג"", ""slug"": ""דני_שטג""}, {""name"": ""תומר שרון"", ""slug"": ""תומר_שרון""}]",דרמה,1999,,5,C (>1990)
צור הדסים,צור_הדסים,1999,"[{""name"": ""ערן קולירין"", ""slug"": ""ערן_קולירין""}]","[{""name"": ""ערן קולירין"", ""slug"": null}]","[{""name"": ""אורלי בן-גרטי"", ""slug"": ""אורלי_בן-גרטי""}, {""name"": ""דני שטג"", ""slug"": ""דני_שטג""}, {""name"": ""דפנה רכטר"", ""slug"": ""דפנה_רכטר""}, {""name"": ""אלברט אילוז"", ""slug"": ""אלברט_אילוז""}]",דרמה,1999,,4,C (>1990)
קדוש,קדוש_(סרט),1999,"[{""name"": ""עמוס גיתאי"", ""slug"": ""עמוס_גיתאי""}, {""name"": ""אליטה אבקסיס"", ""slug"": null}]","[{""name"": ""עמוס גיתאי"", ""slug"": null}]","[{""name"": ""יעל אבקסיס"", ""slug"": ""יעל_אבקסיס""}, {""name"": ""יורם חטב"", ""slug"": ""יורם_חטב""}]",דרמה,1999,,2,C (>1990)
הגרעין הקשה,הגרעין_הקשה,1999,"[{""name"": ""טלי זילברשטיין"", ""slug"": null}, {""name"": ""ענר פרמינגר"", ""slug"": ""ענר_פרמינגר""}]","[{""name"": ""ענר פרמינגר"", ""slug"": null}]","[{""name"": ""מיכה סלקטר"", ""slug"": ""מיכה_סלקטר""}, {""name"": ""אברהם סלקטר"", ""slug"": ""אברהם_סלקטר""}]",דרמה,1999,,2,C (>1990)
מבצע סבתא,מבצע_סבתא,1999,"[{""name"": ""דרור שאול"", ""slug"": ""דרור_שאול""}]","[{""name"": ""דרור שאול"", ""slug"": null}]","[{""name"": ""רמי הויברגר"", ""slug"": ""רמי_הויברגר""}, {""name"": ""עמי סמולרצ'יק"", ""slug"": ""עמי_סמולרצ'יק""}, {""name"": ""צח שפיצן"", ""slug"": ""צח_שפיצן""}]",קומדיה,1999,,3,C (>1990)
אחות זרה,אחות_זרה,2000,"[{""name"": ""דן וולמן"", ""slug"": ""דן_וולמן""}]","[{""name"": ""דן וולמן"", ""slug"": null}]","[{""name"": ""תמר ירושלמי"", ""slug"": null}, {""name"": ""נלי תגר"", ""slug"": ""נלי_תגר""}]",דרמה,2000,,2,C (>1990)
בסמה מוצ'ו,בסמה_מוצ'ו_(סרט),2000,"[{""name"": ""יוסף פיצ'חדזה"", ""slug"": ""יוסף_פיצ'חדזה""}]","[{""name"": ""יוסף פיצ'חדזה"", ""slug"": null}]","[{""name"": ""ג'ק אדליסט"", ""slug"": null}, {""name"": ""שרון אלכסנדר"", ""slug"": ""שרון_אלכסנדר""}, {""name"": ""סלים דאו"", ""slug"": ""סלים_דאו""}]",דרמה,2000,,3,C (>1990)
הבולשת חוקרת,הבולשת_חוקרת,2000,"[{""name"": ""חיים מרין"", ""slug"": ""חיים_מרין""}]","[{""name"": ""מרק רוזנבאום"", ""slug"": ""מרק_רוזנבאום""}]","[{""name"": ""משה איבגי"", ""slug"": ""משה_איבגי""}, {""name"": ""אקי אבני"", ""slug"": ""אקי_אבני""}]",דרמה,2000,,2,C (>1990)
ההסדר,ההסדר,2000,"[{""name"": ""יוסף סידר"", ""slug"": ""יוסף_סידר""}]","[{""name"": ""יוסף סידר"", ""slug"": null}]","[{""name"": ""אקי אבני"", ""slug"": ""אקי_אבני""}, {""name"": ""טינקרבל"", ""slug"": ""טינקרבל""}, {""name"": ""עידן אלתרמן"", ""slug"": ""עידן_אלתרמן""}, {""name"": ""אסי דיין"", ""slug"": ""אסי_דיין""}]",דרמה,2000,,4,C (>1990)
כיפור,כיפור_(סרט),2000,"[{""name"": ""עמוס גיתאי"", ""slug"": ""עמוס_גיתאי""}]","[{""name"": ""עמוס גיתאי"", ""slug"": null}]","[{""name"": ""לירון לבו"", ""slug"": ""לירון_לבו""}, {""name"": ""תומר רוסו"", ""slug"": ""תומר_רוסו""}, {""name"": ""אורי קלאוזנר"", ""slug"": ""אורי_קלאוזנר""}, {""name"": ""יורם חטב"", ""slug"": ""יורם_חטב""}]",דרמה,2000,,4,C (>1990)
משהו טוטאלי,משהו_טוטאלי,2000,"[{""name"": ""גור בנטביץ'"", ""slug"": ""גור_בנטביץ'""}, {""name"": ""אתגר קרת"", ""slug"": ""אתגר_קרת""}]","[{""name"": ""גור בנטביץ'"", ""slug"": null}]","[{""name"": ""מאור כהן"", ""slug"": ""מאור_כהן""}, {""name"": ""זוהר דינר"", ""slug"": null}, {""name"": ""טינקרבל"", ""slug"": ""טינקרבל""}, {""name"": ""גור בנטביץ'"", ""slug"": null}]",קומדיה,2000,,4,C (>1990)
פרא,"פרא_(סרט,_1999)",2000,"[{""name"": ""יורם גל"", ""slug"": ""יורם_גל""}]","[{""name"": ""יורם גל"", ""slug"": null}]","[{""name"": ""עומר ברנע"", ""slug"": ""עומר_ברנע""}, {""name"": ""דור פלס"", ""slug"": ""דור_פלס""}, {""name"": ""עדי עזרוני"", ""slug"": ""עדי_עזרוני""}]",דרמה,2000,,3,C (>1990)
קינוח,,2000,[],"[{""name"": ""עמית סקומסקי"", ""slug"": null}]","[{""name"": ""יהודה אפרוני"", ""slug"": ""יהודה_אפרוני""}, {""name"": ""רות פרחי"", ""slug"": ""רות_פרחי""}, {""name"": ""יאיר נשר"", ""slug"": null}]",דרמה,2000,,3,C (>1990)
Made in Israel,Made_in_Israel,2001,"[{""name"": ""ארי פולמן"", ""slug"": ""ארי_פולמן""}]","[{""name"": ""ארי פולמן"", ""slug"": null}]","[{""name"": ""מנשה נוי"", ""slug"": ""מנשה_נוי""}, {""name"": ""יבגניה דודינה"", ""slug"": ""יבגניה_דודינה""}, {""name"": ""דרור קרן"", ""slug"": ""דרור_קרן""}]",דרמה,2001,,3,C (>1990)
אינג'יל,אינג'יל,2001,"[{""name"": ""פיני עדן"", ""slug"": ""פיני_עדן""}]","[{""name"": ""ארנון צדוק"", ""slug"": ""ארנון_צדוק""}]","[{""name"": ""עידן ברדך"", ""slug"": null}, {""name"": ""עומר ברנע"", ""slug"": ""עומר_ברנע""}, {""name"": ""יונתן צ'רצ'י"", ""slug"": ""יונתן_צ'רצ'י""}, {""name"": ""אושרי כהן"", ""slug"": ""אושרי_כהן""}]",דרמה,2001,,4,C (>1990)
אספלט צהוב,אספלט_צהוב,2001,"[{""name"": ""דני ורטה"", ""slug"": ""דני_ורטה""}]","[{""name"": ""דני ורטה"", ""slug"": null}]","[{""name"": ""סמי סמיר"", ""slug"": ""סמי_סמיר""}, {""name"": ""טטיאנה בלכר"", ""slug"": null}]",דרמה,2001,,2,C (>1990)
אסקימו לימון 9 - החגיגה נמשכת,אסקימו_לימון_9_-_החגיגה_נמשכת,2001,"[{""name"": ""אלי תבור"", ""slug"": ""אלי_תבור""}]","[{""name"": ""צבי שיסל"", ""slug"": ""צבי_שיסל""}]","[{""name"": ""ניקי גולדשטיין"", ""slug"": ""ניקי_גולדשטיין""}, {""name"": ""עידו לב"", ""slug"": ""עידו_לב""}, {""name"": ""אלעד סטפנסקי"", ""slug"": null}]",קומדיה,2001,,3,C (>1990)
ג'ירפות,ג'ירפות_(סרט),2001,"[{""name"": ""צחי גראד"", ""slug"": ""צחי_גראד""}]","[{""name"": ""צחי גראד"", ""slug"": null}]","[{""name"": ""מיטל דוהן"", ""slug"": ""מיטל_דוהן""}, {""name"": ""ליאת גליק"", ""slug"": ""ליאת_גליק""}, {""name"": ""טינקרבל"", ""slug"": ""טינקרבל""}]",דרמה,2001,,3,C (>1990)
חמש דקות בהליכה,חמש_דקות_בהליכה,2001,"[{""name"": ""איתי לב"", ""slug"": ""איתי_לב_(במאי)""}]","[{""name"": ""איתי לב"", ""slug"": ""איתי_לב_(במאי)""}]","[{""name"": ""אלון אבוטבול"", ""slug"": ""אלון_אבוטבול""}, {""name"": ""שרון אלכסנדר"", ""slug"": ""שרון_אלכסנדר""}, {""name"": ""דביר בנדק"", ""slug"": ""דביר_בנדק""}]",דרמה,2001,,3,C (>1990)
חתונה מאוחרת,חתונה_מאוחרת,2001,"[{""name"": ""דובר קוסשווילי"", ""slug"": ""דובר_קוסשווילי""}]","[{""name"": ""דובר קוסשווילי"", ""slug"": null}]","[{""name"": ""ליאור אשכנזי"", ""slug"": ""ליאור_אשכנזי""}, {""name"": ""רונית אלקבץ"", ""slug"": ""רונית_אלקבץ""}, {""name"": ""מוני מושונוב"", ""slug"": ""מוני_מושונוב""}]",דרמה,2001,,3,C (>1990)
כיכר החלומות,כיכר_החלומות,2001,"[{""name"": ""בני תורתי"", ""slug"": ""בני_תורתי""}]","[{""name"": ""בני תורתי"", ""slug"": null}]","[{""name"": ""יוסף שילוח"", ""slug"": ""יוסף_שילוח""}, {""name"": ""יונה אליאן"", ""slug"": ""יונה_אליאן""}, {""name"": ""מוחמד בכרי"", ""slug"": ""מוחמד_בכרי""}, {""name"": ""אורי גבריאל"", ""slug"": ""אורי_גבריאל""}]",דרמה,2001,,4,C (>1990)
מרס תורכי,מרס_תורכי_(סרט),2001,"[{""name"": ""גל זייד"", ""slug"": ""גל_זייד""}, {""name"": ""לימור נחמיאס"", ""slug"": ""לימור_נחמיאס""}]","[{""name"": ""עודד דוידוף"", ""slug"": ""עודד_דוידוף""}]","[{""name"": ""אלון אבוטבול"", ""slug"": ""אלון_אבוטבול""}, {""name"": ""יעל הדר"", ""slug"": ""יעל_הדר""}, {""name"": ""דלית קהן"", ""slug"": ""דלית_קהן""}, {""name"": ""גל זייד"", ""slug"": null}]",קומדיה,2001,,4,C (>1990)
עדן,,2001,[],"[{""name"": ""עמוס גיתאי"", ""slug"": ""עמוס_גיתאי""}]","[{""name"": ""סמנתה מורטון"", ""slug"": ""סמנתה_מורטון""}, {""name"": ""תומאס ג'יין"", ""slug"": ""תומאס_ג'יין""}]",דרמה,2001,,2,C (>1990)
שישה מיליון רסיסים,שישה_מיליון_רסיסים,2001,"[{""name"": ""ציפי טרופה"", ""slug"": ""ציפי_טרופה""}]","[{""name"": ""ציפי טרופה"", ""slug"": null}]","[{""name"": ""סנדרה שדה"", ""slug"": ""סנדרה_שדה""}, {""name"": ""ענת לירי"", ""slug"": null}]",דרמה,2001,,2,C (>1990)
חצוצרה בואדי,חצוצרה_בואדי_(סרט),2001,"[{""name"": ""עמית ליאור"", ""slug"": ""עמית_ליאור""}]","[{""name"": ""סלבה צ'פלין"", ""slug"": ""סלבה_צ'פלין""}]","[{""name"": ""אלכסנדר סנדרוביץ'"", ""slug"": ""אלכסנדר_סנדרוביץ'""}, {""name"": ""ראידה אדון"", ""slug"": ""ראידה_אדון""}, {""name"": ""יצחק נאמן"", ""slug"": ""יצחק_נאמן""}]",דרמה,2001,,3,C (>1990)
אבא שחור לבן,אבא_שחור_לבן_(סרט_טלוויזיה),2002,"[{""name"": ""איתן לונדנר"", ""slug"": ""איתן_לונדנר""}, {""name"": ""חגי טבת"", ""slug"": null}]","[{""name"": ""איתן לונדנר"", ""slug"": null}]","[{""name"": ""דן תורן"", ""slug"": ""דן_תורן""}, {""name"": ""אגם רודברג"", ""slug"": ""אגם_רודברג""}]",דרמה,2002,,2,C (>1990)
השיבה מהודו,השיבה_מהודו_(סרט),2002,"[{""name"": ""חנן פלד"", ""slug"": ""חנן_פלד""}]","[{""name"": ""מנחם גולן"", ""slug"": ""מנחם_גולן""}]","[{""name"": ""אקי אבני"", ""slug"": ""אקי_אבני""}, {""name"": ""אסי דיין"", ""slug"": ""אסי_דיין""}, {""name"": ""ריקי גל"", ""slug"": ""ריקי_גל""}]",דרמה,2002,,3,C (>1990)
חוכמת הבייגלה,חוכמת_הבייגלה_(סרט),2002,"[{""name"": ""אילן הייטנר"", ""slug"": ""אילן_הייטנר""}]","[{""name"": ""אילן הייטנר"", ""slug"": null}]","[{""name"": ""גיא לואל"", ""slug"": ""גיא_לואל""}, {""name"": ""אסנת חכים"", ""slug"": ""אסנת_חכים""}, {""name"": ""יורם זק"", ""slug"": ""יורם_זק""}]",קומדיה,2002,,3,C (>1990)
כנפיים שבורות,כנפיים_שבורות,2002,"[{""name"": ""ניר ברגמן"", ""slug"": ""ניר_ברגמן""}]","[{""name"": ""ניר ברגמן"", ""slug"": null}]","[{""name"": ""אורלי זילברשץ"", ""slug"": ""אורלי_זילברשץ""}, {""name"": ""מאיה מרון"", ""slug"": ""מאיה_מרון""}, {""name"": ""ניתאי גבירץ"", ""slug"": null}]",דרמה,2002,,3,C (>1990)
קדמה,קדמה_(סרט),2002,"[{""name"": ""עמוס גיתאי"", ""slug"": ""עמוס_גיתאי""}]","[{""name"": ""עמוס גיתאי"", ""slug"": null}]","[{""name"": ""אנדריי קשקר"", ""slug"": ""אנדריי_קשקר""}, {""name"": ""הלנה ירלובה"", ""slug"": ""הלנה_ירלובה""}]",דרמה,2002,,2,C (>1990)
טאהרה,טאהרה,2002,"[{""name"": ""חניתה הלוי"", ""slug"": ""חניתה_הלוי""}, {""name"": ""יואב הלוי"", ""slug"": ""יואב_הלוי_(איש_קולנוע)""}]","[{""name"": ""דורון ערן"", ""slug"": ""דורון_ערן""}]","[{""name"": ""ג'וליאנו מר"", ""slug"": ""ג'וליאנו_מר""}, {""name"": ""מיטל דוהן"", ""slug"": ""מיטל_דוהן""}, {""name"": ""רזיה ישראלי"", ""slug"": ""רזיה_ישראלי""}]",דרמה,2002,,3,C (>1990)
חיים זה חיים,חיים_זה_חיים,2002,"[{""name"": ""מיכל בת-אדם"", ""slug"": ""מיכל_בת-אדם""}]","[{""name"": ""מיכל בת-אדם"", ""slug"": null}]","[{""name"": ""יעל אבקסיס"", ""slug"": ""יעל_אבקסיס""}, {""name"": ""משה איבגי"", ""slug"": ""משה_איבגי""}]",דרמה,2002,,2,C (>1990)
פיתוי,פיתוי_(סרט),2002,"[{""name"": ""נפתלי אלטר"", ""slug"": ""נפתלי_אלטר""}]","[{""name"": ""ערן ריקליס"", ""slug"": ""ערן_ריקליס""}]","[{""name"": ""דפנה רכטר"", ""slug"": ""דפנה_רכטר""}, {""name"": ""אורנה פיטוסי"", ""slug"": ""אורנה_פיטוסי""}, {""name"": ""שרון אלכסנדר"", ""slug"": ""שרון_אלכסנדר""}, {""name"": ""גיא מרוז"", ""slug"": ""גיא_מרוז""}, {""name"": ""רועי בר נתן"", ""slug"": ""רועי_בר_נתן""}, {""name"": ""יהודה אפרוני"", ""slug"": ""יהודה_אפרוני""}, {""name"": ""חיים אתגר"", ""slug"": ""חיים_אתגר""}]",דרמה,2002,,7,C (>1990)
יוסי וג'אגר,יוסי_וג'אגר,2002,"[{""name"": ""אבנר ברנהיימר"", ""slug"": ""אבנר_ברנהיימר""}]","[{""name"": ""איתן פוקס"", ""slug"": ""איתן_פוקס""}]","[{""name"": ""יהודה לוי"", ""slug"": ""יהודה_לוי_(שחקן)""}, {""name"": ""אוהד קנולר"", ""slug"": ""אוהד_קנולר""}, {""name"": ""אסי כהן"", ""slug"": ""אסי_כהן""}, {""name"": ""שרון רג'יניאנו"", ""slug"": ""שרון_רג'יניאנו""}, {""name"": ""איה קורן"", ""slug"": ""איה_קורן""}, {""name"": ""חני פירסטנברג"", ""slug"": ""חני_פירסטנברג""}, {""name"": ""יובל סמו"", ""slug"": ""יובל_סמו""}, {""name"": ""חנן סביון"", ""slug"": ""חנן_סביון""}, {""name"": ""יניב מויאל"", ""slug"": null}, {""name"": ""ארז כהנא"", ""slug"": ""ארז_כהנא""}, {""name"": ""עמרי גבעון"", ""slug"": null}, {""name"": ""יעל פרל בקר"", ""slug"": ""יעל_פרל_בקר""}]",דרמה,2002,,12,C (>1990)
"בית""ר פרובנס","בית""ר_פרובנס",2002,"[{""name"": ""אורי ענבר"", ""slug"": ""אורי_ענבר""}]","[{""name"": ""יובל פרידמן"", ""slug"": ""יובל_פרידמן""}]","[{""name"": ""זאב רווח"", ""slug"": ""זאב_רווח""}, {""name"": ""איתי תורג'מן"", ""slug"": ""איתי_תורג'מן""}, {""name"": ""אלי אלטוניו"", ""slug"": ""אלי_אלטוניו""}, {""name"": ""ג'יזל סילבר"", ""slug"": ""ג'יזל_סילבר""}, {""name"": ""משה פולקנפליק"", ""slug"": ""משה_פולקנפליק""}, {""name"": ""ולדימיר פרידמן"", ""slug"": ""ולדימיר_פרידמן""}]",דרמה,2002,,6,C (>1990)
איש החשמל,איש_החשמל,2003,"[{""name"": ""ירון זליג"", ""slug"": null}]","[{""name"": ""אלי כהן"", ""slug"": ""אלי_כהן_(במאי)""}]","[{""name"": ""מנשה נוי"", ""slug"": ""מנשה_נוי""}, {""name"": ""איילת זורר"", ""slug"": ""איילת_זורר""}, {""name"": ""ליאור אשכנזי"", ""slug"": ""ליאור_אשכנזי""}]",דרמה,2003,,3,C (>1990)
האסונות של נינה,האסונות_של_נינה,2003,"[{""name"": ""שבי גביזון"", ""slug"": ""שבי_גביזון""}]","[{""name"": ""שבי גביזון"", ""slug"": null}]","[{""name"": ""איילת זורר"", ""slug"": ""איילת_זורר""}, {""name"": ""יורם חטב"", ""slug"": ""יורם_חטב""}, {""name"": ""אלון אבוטבול"", ""slug"": ""אלון_אבוטבול""}]",דרמה,2003,,3,C (>1990)
הכוכבים של שלומי,הכוכבים_של_שלומי,2003,"[{""name"": ""שמי זרחין"", ""slug"": ""שמי_זרחין""}]","[{""name"": ""שמי זרחין"", ""slug"": null}]","[{""name"": ""אושרי כהן"", ""slug"": ""אושרי_כהן""}, {""name"": ""אסתי זקהיים"", ""slug"": ""אסתי_זקהיים""}, {""name"": ""אריה אליאס"", ""slug"": ""אריה_אליאס""}]",דרמה,2003,,3,C (>1990)
המנגליסטים,המנגליסטים,2003,"[{""name"": ""יוסי מדמוני"", ""slug"": ""יוסי_מדמוני""}, {""name"": ""דוד אופק"", ""slug"": ""דוד_אופק""}, {""name"": ""ליאור שפר"", ""slug"": ""ליאור_שפר""}]","[{""name"": ""יוסי מדמוני"", ""slug"": null}, {""name"": ""דוד אופק"", ""slug"": null}]","[{""name"": ""ריימונד אבקסיס"", ""slug"": ""ריימונד_אבקסיס""}, {""name"": ""יגאל עדיקא"", ""slug"": ""יגאל_עדיקא""}]",דרמה,2003,,2,C (>1990)
הדמעות של אמסלם,הדמעות_של_אמסלם,2003,"[{""name"": ""רשף לוי"", ""slug"": ""רשף_לוי""}]","[{""name"": ""אורן שטרן"", ""slug"": null}]","[{""name"": ""משה איבגי"", ""slug"": ""משה_איבגי""}, {""name"": ""ראובן דיין"", ""slug"": ""ראובן_דיין""}, {""name"": ""אלברט אילוז"", ""slug"": ""אלברט_אילוז""}]",דרמה,2003,,3,C (>1990)
לא בת 17,לא_בת_17,2003,"[{""name"": ""דניאלה ישורון"", ""slug"": null}]","[{""name"": ""יצחק צפל ישורון"", ""slug"": ""יצחק_צפל_ישורון""}]","[{""name"": ""דליה שימקו"", ""slug"": ""דליה_שימקו""}, {""name"": ""מאיה מרון"", ""slug"": ""מאיה_מרון""}, {""name"": ""עידית צור"", ""slug"": ""עידית_צור""}]",דרמה,2003,,3,C (>1990)
להיות כוכב,להיות_כוכב,2003,"[{""name"": ""בנצי אידיסיס"", ""slug"": null}, {""name"": ""חיים אידיסיס"", ""slug"": ""חיים_אידיסיס""}]","[{""name"": ""ארנון צדוק"", ""slug"": ""ארנון_צדוק""}]","[{""name"": ""אלונה טל"", ""slug"": ""אלונה_טל""}, {""name"": ""אושרי כהן"", ""slug"": ""אושרי_כהן""}, {""name"": ""חיים אלמקייס"", ""slug"": null}, {""name"": ""ארנון צדוק"", ""slug"": null}]",דרמה,2003,,4,C (>1990)
מסעות ג'יימס בארץ הקודש,מסעות_ג'יימס_בארץ_הקודש,2003,"[{""name"": ""סמי דואניאס"", ""slug"": null}, {""name"": ""רענן אלכסנדרוביץ'"", ""slug"": ""רענן_אלכסנדרוביץ'""}]","[{""name"": ""רענן אלכסנדרוביץ'"", ""slug"": null}]","[{""name"": ""סייבונגה מלונגיסי"", ""slug"": null}, {""name"": ""סלים דאו"", ""slug"": ""סלים_דאו""}]",דרמה,2003,,2,C (>1990)
מתנה משמיים,מתנה_משמיים_(2003),2003,"[{""name"": ""דובר קוסשווילי"", ""slug"": ""דובר_קוסשווילי""}]","[{""name"": ""דובר קוסשווילי"", ""slug"": null}]","[{""name"": ""יובל סגל"", ""slug"": ""יובל_סגל_(1971)""}, {""name"": ""רמי הויברגר"", ""slug"": ""רמי_הויברגר""}, {""name"": ""מוני מושונוב"", ""slug"": ""מוני_מושונוב""}]",דרמה,2003,,3,C (>1990)
סימה וקנין מכשפה,סימה_וקנין_מכשפה,2003,"[{""name"": ""דרור שאול"", ""slug"": ""דרור_שאול""}]","[{""name"": ""דרור שאול"", ""slug"": null}]","[{""name"": ""תיקי דיין"", ""slug"": ""תיקי_דיין""}, {""name"": ""ליאור אשכנזי"", ""slug"": ""ליאור_אשכנזי""}, {""name"": ""עמי סמולרצ'יק"", ""slug"": ""עמי_סמולרצ'יק""}]",קומדיה,2003,,3,C (>1990)
עלילה,עלילה_(סרט),2003,[],"[{""name"": ""עמוס גיתאי"", ""slug"": ""עמוס_גיתאי""}]","[{""name"": ""יעל אבקסיס"", ""slug"": ""יעל_אבקסיס""}, {""name"": ""חנה לסלאו"", ""slug"": ""חנה_לסלאו""}, {""name"": ""אורי קלאוזנר"", ""slug"": ""אורי_קלאוזנר""}, {""name"": ""רונית אלקבץ"", ""slug"": ""רונית_אלקבץ""}]",דרמה,2003,,4,C (>1990)
צעד קטן,צעד_קטן,2003,"[{""name"": ""גיא מאירסון"", ""slug"": null}]","[{""name"": ""שחר סגל"", ""slug"": ""שחר_סגל_(במאי)""}]","[{""name"": ""אבי נשר"", ""slug"": ""אבי_נשר""}, {""name"": ""חלי גולדנברג"", ""slug"": ""חלי_גולדנברג""}]",דרמה,2003,,2,C (>1990)
אבנים,אבנים_(סרט),2004,"[{""name"": ""רפאל נג'ארי"", ""slug"": ""רפאל_נג'ארי""}]","[{""name"": ""רפאל נג'ארי"", ""slug"": null}]","[{""name"": ""אסי לוי"", ""slug"": ""אסי_לוי""}, {""name"": ""דני שטג"", ""slug"": ""דני_שטג""}, {""name"": ""אורי גבריאל"", ""slug"": ""אורי_גבריאל""}]",דרמה,2004,,3,C (>1990)
אהבה קולומביאנית,אהבה_קולומביאנית,2004,"[{""name"": ""רשף לוי"", ""slug"": ""רשף_לוי""}]","[{""name"": ""שי כנות"", ""slug"": ""שי_כנות""}]","[{""name"": ""מילי אביטל"", ""slug"": ""מילי_אביטל""}, {""name"": ""אסי כהן"", ""slug"": ""אסי_כהן""}]",קומדיה,2004,,2,C (>1990)
אפרסק,,2004,"[{""name"": ""דוד נוי"", ""slug"": null}]","[{""name"": ""דוד נוי"", ""slug"": null}]","[{""name"": ""אורנה בנאי"", ""slug"": ""אורנה_בנאי""}, {""name"": ""אורי קלאוזנר"", ""slug"": ""אורי_קלאוזנר""}]",דרמה,2004,,2,C (>1990)
אור,אור_(סרט),2004,"[{""name"": ""קרן ידעיה"", ""slug"": ""קרן_ידעיה""}, {""name"": ""שרי עזוז"", ""slug"": ""שרי_עזוז""}]","[{""name"": ""קרן ידעיה"", ""slug"": null}]","[{""name"": ""רונית אלקבץ"", ""slug"": ""רונית_אלקבץ""}, {""name"": ""דאנה איבגי"", ""slug"": ""דאנה_איבגי""}]",דרמה,2004,,2,C (>1990)
בלאק ג'ק,בלאק_ג'ק_(סרט),2004,"[{""name"": ""מתי הררי"", ""slug"": ""מתי_הררי_(יוצר)""}, {""name"": ""אריק לובצקי"", ""slug"": ""אריק_לובצקי""}]","[{""name"": ""מתי הררי"", ""slug"": ""מתי_הררי_(יוצר)""}, {""name"": ""אריק לובצקי"", ""slug"": ""אריק_לובצקי""}]","[{""name"": ""אורי גבריאל"", ""slug"": ""אורי_גבריאל""}]",פעולה,2004,,1,C (>1990)
דמיונות,דמיונות,2004,"[{""name"": ""נמרוד עציון קורן"", ""slug"": ""נמרוד_עציון_קורן""}, {""name"": ""סער לחמי"", ""slug"": null}]","[{""name"": ""נמרוד עציון-קורן"", ""slug"": ""נמרוד_עציון-קורן""}, {""name"": ""סער לחמי"", ""slug"": null}]","[{""name"": ""אסנת חכים"", ""slug"": ""אסנת_חכים""}, {""name"": ""ליאון רוזנברג"", ""slug"": ""ליאון_רוזנברג""}, {""name"": ""ריקי בליך"", ""slug"": ""ריקי_בליך""}]",דרמה,2004,,3,C (>1990)
האושפיזין,האושפיזין,2004,"[{""name"": ""שולי רנד"", ""slug"": ""שולי_רנד""}]","[{""name"": ""גידי דר"", ""slug"": ""גידי_דר""}]","[{""name"": ""מיכל רנד"", ""slug"": null}, {""name"": ""שאול מזרחי"", ""slug"": ""שאול_מזרחי""}, {""name"": ""אילן גנני"", ""slug"": ""אילן_גנני""}, {""name"": ""שולי רנד"", ""slug"": null}]",דרמה,2004,,4,C (>1990)
הארץ המובטחת,הארץ_המובטחת_(סרט),2004,"[{""name"": ""עמוס גיתאי"", ""slug"": ""עמוס_גיתאי""}, {""name"": ""מארי-ז'וזה סנסלם"", ""slug"": null}]","[{""name"": ""עמוס גיתאי"", ""slug"": null}]","[{""name"": ""רוזמונד פייק"", ""slug"": ""רוזמונד_פייק""}]",דרמה,2004,,1,C (>1990)
הבשורה על פי אלוהים,הבשורה_על_פי_אלוהים,2004,"[{""name"": ""אסי דיין"", ""slug"": ""אסי_דיין""}]","[{""name"": ""אסי דיין"", ""slug"": null}]","[{""name"": ""טינקרבל"", ""slug"": ""טינקרבל""}, {""name"": ""אסי דיין"", ""slug"": null}]",קומדיה,2004,,2,C (>1990)
הכלה הסורית,הכלה_הסורית,2004,"[{""name"": ""סוהא עראף"", ""slug"": ""סוהא_עראף""}, {""name"": ""ערן ריקליס"", ""slug"": ""ערן_ריקליס""}]","[{""name"": ""ערן ריקליס"", ""slug"": null}]","[{""name"": ""היאם עבאס"", ""slug"": ""היאם_עבאס""}, {""name"": ""מכרם ח'ורי"", ""slug"": ""מכרם_ח'ורי""}, {""name"": ""קלרה ח'ורי"", ""slug"": ""קלרה_ח'ורי""}]",דרמה,2004,,3,C (>1990)
חלומו של הנרי,חלומו_של_הנרי,2004,"[{""name"": ""איתן גרין"", ""slug"": ""איתן_גרין""}]","[{""name"": ""איתן גרין"", ""slug"": null}]","[{""name"": ""מנשה נוי"", ""slug"": ""מנשה_נוי""}]",דרמה,2004,,1,C (>1990)
ללכת על המים,ללכת_על_המים,2004,"[{""name"": ""גל אוחובסקי"", ""slug"": ""גל_אוחובסקי""}]","[{""name"": ""איתן פוקס"", ""slug"": ""איתן_פוקס""}]","[{""name"": ""ליאור אשכנזי"", ""slug"": ""ליאור_אשכנזי""}]",דרמה,2004,,1,C (>1990)
מדורת השבט,מדורת_השבט_(סרט),2004,"[{""name"": ""יוסף סידר"", ""slug"": ""יוסף_סידר""}]","[{""name"": ""יוסף סידר"", ""slug"": null}]","[{""name"": ""מיכאלה עשת"", ""slug"": ""מיכאלה_עשת""}, {""name"": ""חני פירסטנברג"", ""slug"": ""חני_פירסטנברג""}, {""name"": ""מאיה מרון"", ""slug"": ""מאיה_מרון""}, {""name"": ""משה איבגי"", ""slug"": ""משה_איבגי""}, {""name"": ""אסי דיין"", ""slug"": ""אסי_דיין""}]",דרמה,2004,,5,C (>1990)
משהו מתוק,משהו_מתוק,2004,"[{""name"": ""אופיר בביוף"", ""slug"": ""אופיר_בביוף""}]","[{""name"": ""דן תורג'מן"", ""slug"": ""דן_תורג'מן""}]","[{""name"": ""דן תורג'מן"", ""slug"": null}]",דרמה,2004,,1,C (>1990)
סוף העולם שמאלה,סוף_העולם_שמאלה,2004,"[{""name"": ""אבי נשר"", ""slug"": ""אבי_נשר""}, {""name"": ""שרה עזר"", ""slug"": null}, {""name"": ""רובי פורת שובל"", ""slug"": ""רובי_פורת_שובל""}]","[{""name"": ""אבי נשר"", ""slug"": null}]","[{""name"": ""נטע גרטי"", ""slug"": ""נטע_גרטי""}, {""name"": ""לירז צ'רכי"", ""slug"": ""לירז_צ'רכי""}]",דרמה,2004,,2,C (>1990)
עטאש (צימאון),עטאש_(צימאון),2004,"[{""name"": ""תאופיק אבו ואיל"", ""slug"": ""תאופיק_אבו_ואיל""}]","[{""name"": ""תאופיק אבו ואיל"", ""slug"": null}]","[{""name"": ""עמאל בויראט"", ""slug"": null}, {""name"": ""רובא בלאל-עספור"", ""slug"": ""רובא_בלאל-עספור""}, {""name"": ""חוסיין יאסין מחאג׳נה"", ""slug"": null}]",דרמה,2004,,3,C (>1990)
סיפור קיץ,סיפור_קיץ,2004,"[{""name"": ""שמואל חיימוביץ'"", ""slug"": ""שמואל_חיימוביץ'_(במאי)""}]","[{""name"": ""שמואל חיימוביץ'"", ""slug"": null}]","[{""name"": ""איה קורן"", ""slug"": ""איה_קורן""}, {""name"": ""קוסטה קפלן"", ""slug"": null}]",דרמה,2004,,2,C (>1990)
אזור חופשי,אזור_חופשי,2005,"[{""name"": ""עמוס גיתאי"", ""slug"": ""עמוס_גיתאי""}, {""name"": ""מארי-ז'וזה סנסלם"", ""slug"": null}]","[{""name"": ""עמוס גיתאי"", ""slug"": null}]","[{""name"": ""נטלי פורטמן"", ""slug"": ""נטלי_פורטמן""}, {""name"": ""היאם עבאס"", ""slug"": ""היאם_עבאס""}, {""name"": ""חנה לסלאו"", ""slug"": ""חנה_לסלאו""}]",דרמה,2005,,3,C (>1990)
ולקחת לך אישה,ולקחת_לך_אישה,2005,"[{""name"": ""רונית אלקבץ"", ""slug"": ""רונית_אלקבץ""}, {""name"": ""שלומי אלקבץ"", ""slug"": ""שלומי_אלקבץ""}]","[{""name"": ""רונית אלקבץ"", ""slug"": null}, {""name"": ""שלומי אלקבץ"", ""slug"": null}]","[{""name"": ""שלומי אבקריאן"", ""slug"": null}, {""name"": ""רונית אלקבץ"", ""slug"": null}, {""name"": ""יחיאל אלקבץ"", ""slug"": null}]",דרמה,2005,,3,C (>1990)
איזה מקום נפלא,איזה_מקום_נפלא,2005,"[{""name"": ""אייל חלפון"", ""slug"": ""אייל_חלפון""}]","[{""name"": ""אייל חלפון"", ""slug"": null}]","[{""name"": ""אורי גבריאל"", ""slug"": ""אורי_גבריאל""}, {""name"": ""אוולין קפלון"", ""slug"": ""אוולין_קפלון""}, {""name"": ""אבי אוריה"", ""slug"": ""אבי_אוריה""}]",דרמה,2005,,3,C (>1990)
אלנבי רומאנס,אלנבי_רומאנס,2005,"[{""name"": ""ינאי גוז"", ""slug"": null}, {""name"": ""יוני זיכהולץ"", ""slug"": ""יוני_זיכהולץ""}]","[{""name"": ""ינאי גוז"", ""slug"": null}, {""name"": ""יוני זיכהולץ"", ""slug"": null}]","[{""name"": ""דני גבע"", ""slug"": ""דני_גבע""}, {""name"": ""הילי ילון"", ""slug"": ""הילי_ילון""}]",דרמה,2005,,2,C (>1990)
גן עדן עכשיו,גן_עדן_עכשיו,2005,"[{""name"": ""האני אבו אסעד"", ""slug"": ""האני_אבו_אסעד""}, {""name"": ""ברו בראייר"", ""slug"": null}]","[{""name"": ""האני אבו אסעד"", ""slug"": null}]",[],דרמה,2005,,0,C (>1990)
דיסטורשן,דיסטורשן_(סרט),2005,"[{""name"": ""חיים בוזגלו"", ""slug"": ""חיים_בוזגלו""}]","[{""name"": ""חיים בוזגלו"", ""slug"": null}]","[{""name"": ""סמדר קילצ'ינסקי"", ""slug"": ""סמדר_קילצ'ינסקי""}, {""name"": ""עמוס לביא"", ""slug"": ""עמוס_לביא""}, {""name"": ""חיים בוזגלו"", ""slug"": null}]",דרמה,2005,,3,C (>1990)
החשוד האחרון,החשוד_האחרון,2005,"[{""name"": ""מתי הררי"", ""slug"": ""מתי_הררי_(יוצר)""}, {""name"": ""אריק לובצקי"", ""slug"": ""אריק_לובצקי""}]","[{""name"": ""מתי הררי"", ""slug"": ""מתי_הררי_(יוצר)""}, {""name"": ""אריק לובצקי"", ""slug"": ""אריק_לובצקי""}]","[{""name"": ""שמיל בן ארי"", ""slug"": ""שמיל_בן_ארי""}]",דרמה,2005,,1,C (>1990)
ימים קפואים,ימים_קפואים,2005,"[{""name"": ""דני לרנר"", ""slug"": ""דני_לרנר""}]","[{""name"": ""דני לרנר"", ""slug"": null}]","[{""name"": ""ענת קלאוזנר"", ""slug"": ""ענת_קלאוזנר""}, {""name"": ""סנדרה שדה"", ""slug"": ""סנדרה_שדה""}]",דרמה,2005,,2,C (>1990)
ימים של אהבה,ימים_של_אהבה,2005,"[{""name"": ""מנחם גולן"", ""slug"": ""מנחם_גולן""}]","[{""name"": ""מנחם גולן"", ""slug"": null}]","[{""name"": ""יוסף שילוח"", ""slug"": ""יוסף_שילוח""}, {""name"": ""מאיה בוסקילה"", ""slug"": ""מאיה_בוסקילה""}, {""name"": ""ניר לוי"", ""slug"": ""ניר_לוי""}]",דרמה,2005,,3,C (>1990)
מוכרחים להיות שמח,מוכרחים_להיות_שמח,2005,"[{""name"": ""עומר תדמור"", ""slug"": ""עומר_תדמור""}]","[{""name"": ""ג'ולי שלז"", ""slug"": ""ג'ולי_שלז""}]","[{""name"": ""סיגלית פוקס"", ""slug"": ""סיגלית_פוקס""}, {""name"": ""טל פרידמן"", ""slug"": ""טל_פרידמן""}, {""name"": ""דורית לב ארי"", ""slug"": ""דורית_לב_ארי""}, {""name"": ""קרן מור"", ""slug"": ""קרן_מור""}]",דרמה,2005,,4,C (>1990)
קרוב לבית,קרוב_לבית_(סרט),2005,"[{""name"": ""דליה הגר"", ""slug"": null}, {""name"": ""וידי (ורדית) בילו"", ""slug"": null}]","[{""name"": ""וידי (ורדית) בילו"", ""slug"": null}, {""name"": ""דליה הגר"", ""slug"": null}]","[{""name"": ""סמדר סייר"", ""slug"": ""סמדר_סייר""}, {""name"": ""אירית סוקי"", ""slug"": ""אירית_סוקי""}, {""name"": ""נעמה שנדר"", ""slug"": ""נעמה_שנדר""}]",דרמה,2005,,3,C (>1990)
ריקי ריקי,ריקי_ריקי,2005,"[{""name"": ""דלית קהן"", ""slug"": ""דלית_קהן""}]","[{""name"": ""איתן ענר"", ""slug"": ""איתן_ענר""}]","[{""name"": ""גורי אלפי"", ""slug"": ""גורי_אלפי""}, {""name"": ""גילה אלמגור"", ""slug"": ""גילה_אלמגור""}, {""name"": ""טל פרידמן"", ""slug"": ""טל_פרידמן""}]",קומדיה,2005,,3,C (>1990)
לרקוד,לרקוד,2005,"[{""name"": ""חיים מרין"", ""slug"": ""חיים_מרין""}]","[{""name"": ""מרק רוזנבאום"", ""slug"": ""מרק_רוזנבאום""}]","[{""name"": ""מיטל דוהן"", ""slug"": ""מיטל_דוהן""}, {""name"": ""אלון אבוטבול"", ""slug"": ""אלון_אבוטבול""}, {""name"": ""יובל סגל"", ""slug"": ""יובל_סגל_(1971)""}, {""name"": ""אורי קלאוזנר"", ""slug"": ""אורי_קלאוזנר""}, {""name"": ""מוני מושונוב"", ""slug"": ""מוני_מושונוב""}]",דרמה,2005,,5,C (>1990)
מלנומה אהובתי,מלנומה_אהובתי,2005,"[{""name"": ""יוסי מדמוני"", ""slug"": ""יוסי_מדמוני""}, {""name"": ""דוד אופק"", ""slug"": ""דוד_אופק""}]","[{""name"": ""יוסי מדמוני"", ""slug"": null}, {""name"": ""דוד אופק"", ""slug"": null}]","[{""name"": ""יגאל עדיקא"", ""slug"": ""יגאל_עדיקא""}, {""name"": ""שרון צוקרמן"", ""slug"": null}]",דרמה,2005,,2,C (>1990)
ג'נאם ג'נאם,ג'נאם_ג'נאם,2005,"[{""name"": ""חיים בוזגלו"", ""slug"": ""חיים_בוזגלו""}]","[{""name"": ""חיים בוזגלו"", ""slug"": null}]","[{""name"": ""דני רוטנברג"", ""slug"": null}, {""name"": ""אביטל דיקר"", ""slug"": ""אביטל_דיקר""}, {""name"": ""דור צויגנבום"", ""slug"": ""דור_צויגנבום""}]",דרמה,2005,,3,C (>1990)
שושלת שוורץ,שושלת_שוורץ,2005,"[{""name"": ""אמיר הספרי"", ""slug"": ""אמיר_הספרי""}]","[{""name"": ""שמואל הספרי"", ""slug"": ""שמואל_הספרי""}]","[{""name"": ""מרים זוהר"", ""slug"": ""מרים_זוהר""}, {""name"": ""טל פרידמן"", ""slug"": ""טל_פרידמן""}, {""name"": ""יהודה לוי"", ""slug"": ""יהודה_לוי_(שחקן)""}]",דרמה,2005,,3,C (>1990)
תחיה ותהיה,תחיה_ותהיה,2005,"[{""name"": ""ראדו מיכאיליאנו"", ""slug"": ""ראדו_מיכאיליאנו""}]","[{""name"": ""ראדו מיכאלנו"", ""slug"": null}]","[{""name"": ""יעל אבקסיס"", ""slug"": ""יעל_אבקסיס""}, {""name"": ""רוני הדר"", ""slug"": ""רוני_הדר""}, {""name"": ""רמי דנון"", ""slug"": ""רמי_דנון""}]",דרמה,2005,,3,C (>1990)
ברונו מאוהב,ברונו_מאוהב,2006,"[{""name"": ""אמיר בן סירה"", ""slug"": null}, {""name"": ""ליאור כפיר רפאל"", ""slug"": ""ליאור_כפיר_רפאל""}]","[{""name"": ""אילן הייטנר"", ""slug"": ""אילן_הייטנר""}]","[{""name"": ""אוהד קנולר"", ""slug"": ""אוהד_קנולר""}, {""name"": ""שמרית לוסטיג"", ""slug"": ""שמרית_לוסטיג""}, {""name"": ""בני אבני"", ""slug"": ""בני_אבני""}, {""name"": ""מיכל פורס"", ""slug"": null}]",דרמה,2006,,4,C (>1990)
NO אקזיט,NO_אקזיט,2006,"[{""name"": ""דרור סבו"", ""slug"": ""דרור_סבו""}]","[{""name"": ""דרור סבו"", ""slug"": null}]","[{""name"": ""עופר שכטר"", ""slug"": ""עופר_שכטר""}, {""name"": ""גל זייד"", ""slug"": ""גל_זייד""}, {""name"": ""נועה ברקאי"", ""slug"": ""נועה_ברקאי""}, {""name"": ""מלי לוי"", ""slug"": ""מלי_לוי""}]",דרמה,2006,,4,C (>1990)
אביבה אהובתי,אביבה_אהובתי,2006,"[{""name"": ""שמי זרחין"", ""slug"": ""שמי_זרחין""}]","[{""name"": ""שמי זרחין"", ""slug"": null}]","[{""name"": ""אסי לוי"", ""slug"": ""אסי_לוי""}, {""name"": ""רותם אבוהב"", ""slug"": ""רותם_אבוהב""}, {""name"": ""דרור קרן"", ""slug"": ""דרור_קרן""}, {""name"": ""לבנה פינקלשטיין"", ""slug"": ""לבנה_פינקלשטיין""}, {""name"": ""נתן רביץ"", ""slug"": ""נתן_רביץ""}]",דרמה,2006,,5,C (>1990)
אדמה משוגעת,אדמה_משוגעת,2006,"[{""name"": ""דרור שאול"", ""slug"": ""דרור_שאול""}]","[{""name"": ""דרור שאול"", ""slug"": null}]","[{""name"": ""תומר שטיינהוף"", ""slug"": null}, {""name"": ""רונית יודקביץ'"", ""slug"": ""רונית_יודקביץ'""}, {""name"": ""שי אביבי"", ""slug"": ""שי_אביבי""}]",דרמה,2006,,3,C (>1990)
בקרוב יקרה לך משהו טוב,בקרוב_יקרה_לך_משהו_טוב,2006,"[{""name"": ""עוזי וייל"", ""slug"": ""עוזי_וייל""}]","[{""name"": ""אייל שיראי"", ""slug"": ""אייל_שיראי""}]","[{""name"": ""אדם הירש"", ""slug"": ""אדם_הירש""}, {""name"": ""אסי דיין"", ""slug"": ""אסי_דיין""}, {""name"": ""טינקרבל"", ""slug"": ""טינקרבל""}]",דרמה,2006,,3,C (>1990)
גיבורים קטנים,גיבורים_קטנים,2006,"[{""name"": ""ערן ב.י."", ""slug"": ""ערן_ב.י.""}]","[{""name"": ""איתי לב"", ""slug"": ""איתי_לב_(במאי)""}]","[{""name"": ""אביגיל אריאלי"", ""slug"": ""אביגיל_אריאלי""}, {""name"": ""ציון ברוך"", ""slug"": ""ציון_ברוך""}, {""name"": ""לוסי דובינצ'יק"", ""slug"": ""לוסי_דובינצ'יק""}, {""name"": ""דאנה איבגי"", ""slug"": ""דאנה_איבגי""}]",ילדים,2006,,4,C (>1990)
הבועה,הבועה,2006,"[{""name"": ""גל אוחובסקי"", ""slug"": ""גל_אוחובסקי""}, {""name"": ""איתן פוקס"", ""slug"": ""איתן_פוקס""}]","[{""name"": ""איתן פוקס"", ""slug"": null}]","[{""name"": ""אוהד קנולר"", ""slug"": ""אוהד_קנולר""}, {""name"": ""יוסף סוויד"", ""slug"": ""יוסף_סוויד""}, {""name"": ""דניאלה וירצר"", ""slug"": ""דניאלה_וירצר""}, {""name"": ""אלון פרידמן"", ""slug"": ""אלון_פרידמן""}]",דרמה,2006,,4,C (>1990)
הדברים שמאחורי השמש,הדברים_שמאחורי_השמש,2006,"[{""name"": ""יובל שפרמן"", ""slug"": ""יובל_שפרמן""}]","[{""name"": ""יובל שפרמן"", ""slug"": null}]","[{""name"": ""טלי שרון"", ""slug"": ""טלי_שרון""}, {""name"": ""אסי דיין"", ""slug"": ""אסי_דיין""}, {""name"": ""סנדרה שדה"", ""slug"": ""סנדרה_שדה""}, {""name"": ""זהר שטראוס"", ""slug"": ""זהר_שטראוס""}]",דרמה,2006,,4,C (>1990)
ידיים קשורות,ידיים_קשורות,2006,"[{""name"": ""דן וולמן"", ""slug"": ""דן_וולמן""}, {""name"": ""אושרה שוורץ"", ""slug"": ""אושרה_שוורץ""}, {""name"": ""יעקב רוזן"", ""slug"": ""יעקב_רוזן""}]","[{""name"": ""דן וולמן"", ""slug"": null}]","[{""name"": ""גילה אלמגור"", ""slug"": ""גילה_אלמגור""}, {""name"": ""עידו תדמור"", ""slug"": ""עידו_תדמור""}, {""name"": ""נלי תגר"", ""slug"": ""נלי_תגר""}, {""name"": ""שרון שטרק"", ""slug"": ""שרון_שטרק""}]",דרמה,2006,,4,C (>1990)
למראית עין,למראית_עין,2006,"[{""name"": ""נועה גרינברג"", ""slug"": null}, {""name"": ""נח סטולמן"", ""slug"": ""נח_סטולמן""}]","[{""name"": ""דניאל סירקין"", ""slug"": ""דניאל_סירקין""}]","[{""name"": ""טלי שרון"", ""slug"": ""טלי_שרון""}, {""name"": ""אסי דיין"", ""slug"": ""אסי_דיין""}, {""name"": ""סנדרה שדה"", ""slug"": ""סנדרה_שדה""}]",דרמה,2006,,3,C (>1990)
מחילות,מחילות,2006,"[{""name"": ""אודי אלוני"", ""slug"": ""אודי_אלוני""}]","[{""name"": ""אודי אלוני"", ""slug"": null}]","[{""name"": ""איתי טיראן"", ""slug"": ""איתי_טיראן""}, {""name"": ""קלרה ח'ורי"", ""slug"": ""קלרה_ח'ורי""}, {""name"": ""מוני מושונוב"", ""slug"": ""מוני_מושונוב""}, {""name"": ""מכרם ח'ורי"", ""slug"": ""מכרם_ח'ורי""}]",דרמה,2006,,4,C (>1990)
מישהו לרוץ איתו,מישהו_לרוץ_איתו_(סרט),2006,"[{""name"": ""נח סטולמן"", ""slug"": ""נח_סטולמן""}]","[{""name"": ""עודד דוידוף"", ""slug"": ""עודד_דוידוף""}]","[{""name"": ""בר בלפר"", ""slug"": ""בר_בלפר""}, {""name"": ""יונתן בר-אור"", ""slug"": ""יונתן_בר-אור_(1981)""}, {""name"": ""צחי גראד"", ""slug"": ""צחי_גראד""}, {""name"": ""רינת מטטוב"", ""slug"": ""רינת_מטטוב""}, {""name"": ""יובל מנדלסון"", ""slug"": ""יובל_מנדלסון""}]",דרמה,2006,,5,C (>1990)
מכתבים לאמריקה,מכתבים_לאמריקה,2006,"[{""name"": ""חנן פלד"", ""slug"": ""חנן_פלד""}]","[{""name"": ""חנן פלד"", ""slug"": null}]","[{""name"": ""רמי הויברגר"", ""slug"": ""רמי_הויברגר""}]",דרמה,2006,,1,C (>1990)
מלח הארץ,מלח_הארץ_(סרט),2006,"[{""name"": ""בני ברבש"", ""slug"": ""בני_ברבש""}]","[{""name"": ""אורי ברבש"", ""slug"": ""אורי_ברבש""}]","[{""name"": ""ליאור אשכנזי"", ""slug"": ""ליאור_אשכנזי""}, {""name"": ""אקי אבני"", ""slug"": ""אקי_אבני""}, {""name"": ""לוסי דובינצ'יק"", ""slug"": ""לוסי_דובינצ'יק""}, {""name"": ""לימור גולדשטיין"", ""slug"": ""לימור_גולדשטיין""}]",דרמה,2006,,4,C (>1990)
נוזהת אל-פואד,נוזהת_אל-פואד,2006,"[{""name"": ""יהודה נאמן"", ""slug"": ""יהודה_נאמן""}, {""name"": ""שירלי רם-עמית"", ""slug"": null}, {""name"": ""דניאל אביצור"", ""slug"": null}]","[{""name"": ""יהודה נאמן"", ""slug"": null}]","[{""name"": ""מוחמד בכרי"", ""slug"": ""מוחמד_בכרי""}, {""name"": ""אפרת גוש"", ""slug"": ""אפרת_גוש""}]",דרמה,2006,,2,C (>1990)
סיפור חצי רוסי,סיפור_חצי_רוסי,2006,"[{""name"": ""איתן ענר"", ""slug"": ""איתן_ענר""}]","[{""name"": ""איתן ענר"", ""slug"": null}]","[{""name"": ""יבגניה דודינה"", ""slug"": ""יבגניה_דודינה""}, {""name"": ""אבי קושניר"", ""slug"": ""אבי_קושניר""}]",דרמה,2006,,2,C (>1990)
שלוש אמהות,שלוש_אמהות,2006,"[{""name"": ""דינה צבי-ריקליס"", ""slug"": ""דינה_צבי-ריקליס""}, {""name"": ""עלמה גניהר"", ""slug"": ""עלמה_גניהר""}]","[{""name"": ""דינה צבי-ריקליס"", ""slug"": null}]","[{""name"": ""מירי מסיקה"", ""slug"": ""מירי_מסיקה""}, {""name"": ""גילה אלמגור"", ""slug"": ""גילה_אלמגור""}]",דרמה,2006,,2,C (>1990)
אסקימוסים בגליל,אסקימוסים_בגליל,2007,"[{""name"": ""יהושע סובול"", ""slug"": ""יהושע_סובול""}, {""name"": ""יונתן פז"", ""slug"": ""יונתן_פז""}]","[{""name"": ""יונתן פז"", ""slug"": null}]","[{""name"": ""ז'רמן אוניקובסקי"", ""slug"": ""ז'רמן_אוניקובסקי""}, {""name"": ""מוסקו אלקלעי"", ""slug"": ""מוסקו_אלקלעי""}, {""name"": ""גבי עמרני"", ""slug"": ""גבי_עמרני""}]",דרמה,2007,,3,C (>1990)
בופור,בופור_(סרט),2007,"[{""name"": ""יוסף סידר"", ""slug"": ""יוסף_סידר""}, {""name"": ""רון לשם"", ""slug"": ""רון_לשם""}]","[{""name"": ""יוסף סידר"", ""slug"": null}]","[{""name"": ""אושרי כהן"", ""slug"": ""אושרי_כהן""}, {""name"": ""אוהד קנולר"", ""slug"": ""אוהד_קנולר""}, {""name"": ""אלון אבוטבול"", ""slug"": ""אלון_אבוטבול""}]",דרמה,2007,,3,C (>1990)
ביקור התזמורת,ביקור_התזמורת,2007,"[{""name"": ""ערן קולירין"", ""slug"": ""ערן_קולירין""}]","[{""name"": ""ערן קולירין"", ""slug"": null}]","[{""name"": ""ששון גבאי"", ""slug"": ""ששון_גבאי""}, {""name"": ""רונית אלקבץ"", ""slug"": ""רונית_אלקבץ""}, {""name"": ""סאלח בכרי"", ""slug"": ""סאלח_בכרי""}, {""name"": ""ח'ליפה נאטור"", ""slug"": ""ח'ליפה_נאטור""}]",דרמה,2007,,4,C (>1990)
החוב,"החוב_(סרט,_2007)",2007,"[{""name"": ""אסף ברנשטיין"", ""slug"": ""אסף_ברנשטיין""}, {""name"": ""עידו רוזנבלום"", ""slug"": ""עידו_רוזנבלום""}]","[{""name"": ""אסף ברנשטיין"", ""slug"": null}]","[{""name"": ""גילה אלמגור"", ""slug"": ""גילה_אלמגור""}, {""name"": ""נטע גרטי"", ""slug"": ""נטע_גרטי""}, {""name"": ""יחזקאל לזרוב"", ""slug"": ""יחזקאל_לזרוב""}]",דרמה,2007,,3,C (>1990)
המוסד הסגור,המוסד_הסגור,2007,"[{""name"": ""אלון גור אריה"", ""slug"": ""אלון_גור_אריה""}, {""name"": ""נועם שגב"", ""slug"": null}]","[{""name"": ""אלון גור אריה"", ""slug"": null}]","[{""name"": ""רון שחר"", ""slug"": ""רון_שחר""}, {""name"": ""אילן דר"", ""slug"": ""אילן_דר""}, {""name"": ""לנה אטינגר"", ""slug"": ""לנה_אטינגר""}]",קומדיה,2007,,3,C (>1990)
המקלט,"המקלט_(סרט,_2007)",2007,"[{""name"": ""רועי הורנשטיין"", ""slug"": null}]","[{""name"": ""רועי הורנשטיין"", ""slug"": null}]","[{""name"": ""יחזקאל לזרוב"", ""slug"": ""יחזקאל_לזרוב""}, {""name"": ""גילה אלמגור"", ""slug"": ""גילה_אלמגור""}]",דרמה,2007,,2,C (>1990)
הסודות,הסודות,2007,"[{""name"": ""אבי נשר"", ""slug"": ""אבי_נשר""}, {""name"": ""הדר גלרון"", ""slug"": ""הדר_גלרון""}]","[{""name"": ""אבי נשר"", ""slug"": null}]","[{""name"": ""אניה בוקשטיין"", ""slug"": ""אניה_בוקשטיין""}, {""name"": ""מיכל שטמלר"", ""slug"": ""מיכל_שטמלר""}, {""name"": ""טלי אורן"", ""slug"": ""טלי_אורן""}, {""name"": ""פאני ארדן"", ""slug"": ""פאני_ארדן""}, {""name"": ""אדיר מילר"", ""slug"": ""אדיר_מילר""}, {""name"": ""תיקי דיין"", ""slug"": ""תיקי_דיין""}]",דרמה,2007,,6,C (>1990)
התנתקות,התנתקות_(סרט),2007,"[{""name"": ""עמוס גיתאי"", ""slug"": ""עמוס_גיתאי""}, {""name"": ""מארי-ז'וזה סנסלם"", ""slug"": null}]","[{""name"": ""עמוס גיתאי"", ""slug"": null}]","[{""name"": ""ז'ולייט בינוש"", ""slug"": ""ז'ולייט_בינוש""}, {""name"": ""דאנה איבגי"", ""slug"": ""דאנה_איבגי""}, {""name"": ""לירון לבו"", ""slug"": ""לירון_לבו""}]",דרמה,2007,,3,C (>1990)
חופשת קיץ,"חופשת_קיץ_(סרט,_2007)",2007,"[{""name"": ""דוד ולך"", ""slug"": ""דוד_ולך""}]","[{""name"": ""דוד ולך"", ""slug"": null}]","[{""name"": ""אסי דיין"", ""slug"": ""אסי_דיין""}, {""name"": ""שרון הכהן-בר"", ""slug"": ""שרון_הכהן-בר""}, {""name"": ""גיל ססובר"", ""slug"": ""גיל_ססובר""}]",דרמה,2007,,3,C (>1990)
יפאן יפאן,יפאן_יפאן,2007,[],"[{""name"": ""ליאור שמריז"", ""slug"": null}]","[{""name"": ""אמרי קאהן"", ""slug"": null}]",דרמה,2007,,1,C (>1990)
מדוזות,מדוזות_(סרט),2007,"[{""name"": ""שירה גפן"", ""slug"": ""שירה_גפן""}]","[{""name"": ""אתגר קרת"", ""slug"": ""אתגר_קרת""}, {""name"": ""שירה גפן"", ""slug"": null}]","[{""name"": ""שרה אדלר"", ""slug"": ""שרה_אדלר""}, {""name"": ""נועה קנולר"", ""slug"": ""נועה_קנולר""}, {""name"": ""גרא סנדלר"", ""slug"": ""גרא_סנדלר""}, {""name"": ""זהרירה חריפאי"", ""slug"": ""זהרירה_חריפאי""}]",דרמה,2007,,4,C (>1990)
מלך של קבצנים,מלך_של_קבצנים,2007,"[{""name"": ""אורי פסטר"", ""slug"": ""אורי_פסטר""}]","[{""name"": ""אורי פסטר"", ""slug"": null}]","[{""name"": ""גילי סער"", ""slug"": ""גילי_סער""}, {""name"": ""מוסקו אלקלעי"", ""slug"": ""מוסקו_אלקלעי""}, {""name"": ""רובי פורת שובל"", ""slug"": ""רובי_פורת_שובל""}, {""name"": ""עמוס לביא"", ""slug"": ""עמוס_לביא""}, {""name"": ""חיים זנאתי"", ""slug"": ""חיים_זנאתי""}]",דרמה,2007,,5,C (>1990)
נודל,נודל_(סרט),2007,"[{""name"": ""איילת מנחמי"", ""slug"": ""איילת_מנחמי""}, {""name"": ""שמי זרחין"", ""slug"": ""שמי_זרחין""}]","[{""name"": ""איילת מנחמי"", ""slug"": null}]","[{""name"": ""מילי אביטל"", ""slug"": ""מילי_אביטל""}, {""name"": ""ענת וקסמן"", ""slug"": ""ענת_וקסמן""}, {""name"": ""אלון אבוטבול"", ""slug"": ""אלון_אבוטבול""}, {""name"": ""יפתח קליין"", ""slug"": ""יפתח_קליין""}]",דרמה,2007,,4,C (>1990)
ריקוד מסוכן,ריקוד_מסוכן,2007,"[{""name"": ""מנחם גולן"", ""slug"": ""מנחם_גולן""}]","[{""name"": ""מנחם גולן"", ""slug"": null}]","[{""name"": ""עומר ברנע"", ""slug"": ""עומר_ברנע""}, {""name"": ""מיכל אמדורסקי"", ""slug"": ""מיכל_אמדורסקי""}, {""name"": ""אליענה בקייר"", ""slug"": ""אליענה_בקייר""}, {""name"": ""זהר ליבה"", ""slug"": ""זהר_ליבה""}]",דרמה,2007,,4,C (>1990)
רק כלבים רצים חופשי,רק_כלבים_רצים_חופשי,2007,"[{""name"": ""אסי דיין"", ""slug"": ""אסי_דיין""}]","[{""name"": ""ארנון צדוק"", ""slug"": ""ארנון_צדוק""}]","[{""name"": ""ליאור אשכנזי"", ""slug"": ""ליאור_אשכנזי""}, {""name"": ""איילת זורר"", ""slug"": ""איילת_זורר""}]",דרמה,2007,,2,C (>1990)
תהילים,תהילים_(סרט),2007,"[{""name"": ""רפאל נג'ארי"", ""slug"": ""רפאל_נג'ארי""}, {""name"": ""וינסנט פומירו"", ""slug"": null}]","[{""name"": ""רפאל נג'ארי"", ""slug"": null}]","[{""name"": ""מיכאל מושונוב"", ""slug"": ""מיכאל_מושונוב""}, {""name"": ""לימור גולדשטיין"", ""slug"": ""לימור_גולדשטיין""}, {""name"": ""אילן דר"", ""slug"": ""אילן_דר""}]",דרמה,2007,,3,C (>1990)
רחמים,"רחמים_(סרט,_2007)",2007,"[{""name"": ""יניב אמודאי"", ""slug"": null}]","[{""name"": ""יניב אמודאי"", ""slug"": null}]","[{""name"": ""יגאל עדיקא"", ""slug"": ""יגאל_עדיקא""}, {""name"": ""שלום אסייג"", ""slug"": ""שלום_אסייג""}, {""name"": ""ג'וליה מסלאווי"", ""slug"": ""ג'וליה_מסלאווי""}, {""name"": ""דרור קרן"", ""slug"": ""דרור_קרן""}, {""name"": ""מורן אטיאס"", ""slug"": ""מורן_אטיאס""}, {""name"": ""פלורנס בלוך"", ""slug"": ""פלורנס_בלוך""}, {""name"": ""אופירה רחמים"", ""slug"": ""אופירה_רחמים""}, {""name"": ""צביקה הדר"", ""slug"": ""צביקה_הדר""}, {""name"": ""גברי לוי"", ""slug"": ""גברי_לוי""}]",קומדיה,2007,,9,C (>1990)
הרי את,הרי_את_(סרט),2007,"[{""name"": ""פזית ליכטמן"", ""slug"": null}]","[{""name"": ""פזית ליכטמן"", ""slug"": null}]","[{""name"": ""אביטל אברג'יל"", ""slug"": ""אביטל_אברג'יל""}, {""name"": ""שרון פרידמן"", ""slug"": null}]",דרמה,2007,,2,C (>1990)
$9.99,$9.99,2008,"[{""name"": ""תתיה רוזנטל"", ""slug"": ""תתיה_רוזנטל""}, {""name"": ""אתגר קרת"", ""slug"": ""אתגר_קרת""}]","[{""name"": ""תתיה רוזנטל"", ""slug"": ""תתיה_רוזנטל""}]",[],אנימציה,2008,,0,C (>1990)
אדם בן כלב,אדם_בן_כלב,2008,"[{""name"": ""נח סטולמן"", ""slug"": ""נח_סטולמן""}]","[{""name"": ""פול שרדר"", ""slug"": ""פול_שרדר""}]","[{""name"": ""ג'ף גולדבלום"", ""slug"": ""ג'ף_גולדבלום""}, {""name"": ""וילם דפו"", ""slug"": ""וילם_דפו""}, {""name"": ""דרק ג'קובי"", ""slug"": ""דרק_ג'קובי""}, {""name"": ""איילת זורר"", ""slug"": ""איילת_זורר""}]",דרמה,2008,,4,C (>1990)
איים אבודים,איים_אבודים_(סרט),2008,"[{""name"": ""רשף לוי"", ""slug"": ""רשף_לוי""}]","[{""name"": ""רשף לוי"", ""slug"": null}]","[{""name"": ""אושרי כהן"", ""slug"": ""אושרי_כהן""}, {""name"": ""מיכאל מושונוב"", ""slug"": ""מיכאל_מושונוב""}, {""name"": ""שמיל בן-ארי"", ""slug"": ""שמיל_בן-ארי""}, {""name"": ""אורלי זילברשץ"", ""slug"": ""אורלי_זילברשץ""}, {""name"": ""עופר שכטר"", ""slug"": ""עופר_שכטר""}]",קומדיה,2008,,5,C (>1990)
אילי ובן,אילי_ובן,2008,"[{""name"": ""אורי רביד"", ""slug"": null}]","[{""name"": ""אורי רביד"", ""slug"": null}]","[{""name"": ""ליאור אשכנזי"", ""slug"": ""ליאור_אשכנזי""}]",דרמה,2008,,1,C (>1990)
אצבע אלוהים,אצבע_אלוהים_(סרט),2008,"[{""name"": ""יגאל בורשטיין"", ""slug"": ""יגאל_בורשטיין""}]","[{""name"": ""יגאל בורשטיין"", ""slug"": null}]","[{""name"": ""אלון אבוטבול"", ""slug"": ""אלון_אבוטבול""}, {""name"": ""משה איבגי"", ""slug"": ""משה_איבגי""}]",קומדיה,2008,,2,C (>1990)
ואלס עם בשיר,ואלס_עם_בשיר,2008,"[{""name"": ""ארי פולמן"", ""slug"": ""ארי_פולמן""}]","[{""name"": ""ארי פולמן"", ""slug"": null}]","[{""name"": ""מיקי לאון"", ""slug"": ""מיקי_לאון""}, {""name"": ""יחזקאל לזרוב"", ""slug"": ""יחזקאל_לזרוב""}]","אנימציה,תיעודי",2008,,2,C (>1990)
נימפות בערפל,נימפות_בערפל_(סרט),2008,"[{""name"": ""יורם זקס"", ""slug"": ""יורם_זקס""}]","[{""name"": ""יורם זקס"", ""slug"": null}]","[{""name"": ""רועי שגב"", ""slug"": ""רועי_שגב""}, {""name"": ""בני אבני"", ""slug"": ""בני_אבני""}]",קומדיה,2008,,2,C (>1990)
עוד אני הולך,עוד_אני_הולך_(סרט),2008,"[{""name"": ""יקי יושע"", ""slug"": ""יקי_יושע""}]","[{""name"": ""יקי יושע"", ""slug"": ""יקי_יושע""}]","[{""name"": ""דני גבע"", ""slug"": ""דני_גבע""}, {""name"": ""נינה קוטלר"", ""slug"": ""נינה_קוטלר""}, {""name"": ""עמוס לביא"", ""slug"": ""עמוס_לביא""}]",דרמה,2008,,3,C (>1990)
חסר מנוחה,חסר_מנוחה,2008,"[{""name"": ""עמוס קולק"", ""slug"": ""עמוס_קולק""}]","[{""name"": ""עמוס קולק"", ""slug"": null}]","[{""name"": ""משה איבגי"", ""slug"": ""משה_איבגי""}, {""name"": ""רן דנקר"", ""slug"": ""רן_דנקר""}, {""name"": ""מיכאל מושונוב"", ""slug"": ""מיכאל_מושונוב""}]",דרמה,2008,,3,C (>1990)
עץ לימון,עץ_לימון_(סרט),2008,"[{""name"": ""ערן ריקליס"", ""slug"": ""ערן_ריקליס""}, {""name"": ""סוהא עראף"", ""slug"": ""סוהא_עראף""}]","[{""name"": ""ערן ריקליס"", ""slug"": null}]","[{""name"": ""היאם עבאס"", ""slug"": ""היאם_עבאס""}, {""name"": ""עלי סולימאן"", ""slug"": ""עלי_סולימאן""}]",דרמה,2008,,2,C (>1990)
שבעה,שבעה_(סרט),2008,"[{""name"": ""שלומי אלקבץ"", ""slug"": ""שלומי_אלקבץ""}, {""name"": ""רונית אלקבץ"", ""slug"": ""רונית_אלקבץ""}]","[{""name"": ""שלומי אלקבץ"", ""slug"": null}, {""name"": ""רונית אלקבץ"", ""slug"": null}]","[{""name"": ""יעל אבקסיס"", ""slug"": ""יעל_אבקסיס""}, {""name"": ""חנה לסלאו"", ""slug"": ""חנה_לסלאו""}, {""name"": ""משה איבגי"", ""slug"": ""משה_איבגי""}, {""name"": ""קרן מור"", ""slug"": ""קרן_מור""}, {""name"": ""אלון אבוטבול"", ""slug"": ""אלון_אבוטבול""}, {""name"": ""רונית אלקבץ"", ""slug"": null}]",דרמה,2008,,6,C (>1990)
תזכור את זה,תזכור_את_זה,2008,"[{""name"": ""עילית זקצר"", ""slug"": ""עילית_זקצר""}]","[{""name"": ""עילית זקצר"", ""slug"": null}]","[{""name"": ""תמרה קלינגון"", ""slug"": ""תמרה_קלינגון""}, {""name"": ""מעיין הרוש"", ""slug"": null}, {""name"": ""הילה מצקר-הלוי"", ""slug"": ""הילה_מצקר-הלוי""}, {""name"": ""עדי בילסקי"", ""slug"": ""עדי_בילסקי""}, {""name"": ""מעין וינשטוק"", ""slug"": ""מעין_וינשטוק""}]",דרמה,2008,,5,C (>1990)
אמא של ולנטינה,אמא_של_ולנטינה,2008,"[{""name"": ""אילנה וייזר-סנש"", ""slug"": ""אילנה_וייזר-סנש""}, {""name"": ""אריק לובצקי"", ""slug"": ""אריק_לובצקי""}]","[{""name"": ""אריק לובצקי"", ""slug"": ""אריק_לובצקי""}, {""name"": ""מתי הררי"", ""slug"": ""מתי_הררי_(יוצר)""}]","[{""name"": ""אתל קובינסקה"", ""slug"": ""אתל_קובינסקה""}, {""name"": ""יוסי אולו"", ""slug"": null}, {""name"": ""סילביה דרורי"", ""slug"": null}]",דרמה,2008,,3,C (>1990)
בנא,בנא,2009,"[{""name"": ""ניב קליינר"", ""slug"": null}]","[{""name"": ""ניב קליינר"", ""slug"": null}]","[{""name"": ""מיכאל מושונוב"", ""slug"": ""מיכאל_מושונוב""}, {""name"": ""שמואל וילוז'ני"", ""slug"": ""שמואל_וילוז'ני""}]",דרמה,2009,,2,C (>1990)
ג'וליה מיה,ג'וליה_מיה,2009,"[{""name"": ""יובל גרנות"", ""slug"": null}]","[{""name"": ""יובל גרנות"", ""slug"": null}]","[{""name"": ""חיים זנאתי"", ""slug"": ""חיים_זנאתי""}, {""name"": ""הגר בן אשר"", ""slug"": ""הגר_בן_אשר""}, {""name"": ""דורי בן זאב"", ""slug"": ""דורי_בן_זאב""}, {""name"": ""עדי אבן טוב"", ""slug"": null}]",דרמה,2009,,4,C (>1990)
הבודדים,הבודדים,2009,"[{""name"": ""גיא מאירסון"", ""slug"": null}, {""name"": ""רנן שור"", ""slug"": ""רנן_שור""}, {""name"": ""משה זונדר"", ""slug"": ""משה_זונדר""}]","[{""name"": ""רנן שור"", ""slug"": null}]","[{""name"": ""סשה אגרונוב"", ""slug"": ""סשה_אגרונוב""}, {""name"": ""צחי גראד"", ""slug"": ""צחי_גראד""}, {""name"": ""הנרי דוד"", ""slug"": ""הנרי_דוד""}]",דרמה,2009,,3,C (>1990)
כלת הים,כלת_הים,2009,"[{""name"": ""קרן ידעיה"", ""slug"": ""קרן_ידעיה""}, {""name"": ""אילה בן-פורת"", ""slug"": null}]","[{""name"": ""קרן ידעיה"", ""slug"": null}]","[{""name"": ""רונית אלקבץ"", ""slug"": ""רונית_אלקבץ""}, {""name"": ""דאנה איבגי"", ""slug"": ""דאנה_איבגי""}, {""name"": ""מוני מושונוב"", ""slug"": ""מוני_מושונוב""}, {""name"": ""רועי אסף"", ""slug"": ""רועי_אסף""}, {""name"": ""מוריס כהן"", ""slug"": ""מוריס_כהן_(שחקן)""}]",דרמה,2009,,5,C (>1990)
כרמל,,2009,"[{""name"": ""עמוס גיתאי"", ""slug"": ""עמוס_גיתאי""}, {""name"": ""ארז עיני שביט"", ""slug"": null}]","[{""name"": ""עמוס גיתאי"", ""slug"": null}]",[],דרמה,2009,,0,C (>1990)
לבנון,לבנון_(סרט),2009,"[{""name"": ""שמואל מעוז"", ""slug"": ""שמואל_מעוז""}]","[{""name"": ""שמואל מעוז"", ""slug"": null}]","[{""name"": ""איתי טיראן"", ""slug"": ""איתי_טיראן""}, {""name"": ""אושרי כהן"", ""slug"": ""אושרי_כהן""}, {""name"": ""זהר שטראוס"", ""slug"": ""זהר_שטראוס""}, {""name"": ""יואב דונט"", ""slug"": ""יואב_דונט""}]",דרמה,2009,,4,C (>1990)
סיפור גדול,סיפור_גדול,2009,"[{""name"": ""שרון מימון"", ""slug"": ""שרון_מימון""}, {""name"": ""דני כהן סולל"", ""slug"": ""דני_כהן_סולל""}]","[{""name"": ""ארז תדמור"", ""slug"": ""ארז_תדמור_(במאי_קולנוע)""}, {""name"": ""שרון מימון"", ""slug"": null}]","[{""name"": ""איציק כהן"", ""slug"": ""איציק_כהן_(שחקן)""}, {""name"": ""עירית קפלן"", ""slug"": ""עירית_קפלן""}, {""name"": ""דביר בנדק"", ""slug"": ""דביר_בנדק""}, {""name"": ""לבנה פינקלשטיין"", ""slug"": ""לבנה_פינקלשטיין""}]",קומדיה,2009,,4,C (>1990)
עג'מי,עג'מי_(סרט),2009,"[{""name"": ""סקנדר קופטי"", ""slug"": null}, {""name"": ""ירון שני"", ""slug"": ""ירון_שני""}]",[],[],דרמה,2009,,0,C (>1990)
עיניים פקוחות,עיניים_פקוחות,2009,"[{""name"": ""מירב דוסטר"", ""slug"": null}]","[{""name"": ""חיים טבקמן"", ""slug"": null}]","[{""name"": ""רן דנקר"", ""slug"": ""רן_דנקר""}, {""name"": ""זהר שטראוס"", ""slug"": ""זהר_שטראוס""}]",דרמה,2009,,2,C (>1990)
קירות,קירות_(סרט),2009,"[{""name"": ""דני לרנר"", ""slug"": ""דני_לרנר""}]","[{""name"": ""דני לרנר"", ""slug"": null}]","[{""name"": ""אולגה קורילנקו"", ""slug"": ""אולגה_קורילנקו""}, {""name"": ""נינט טייב"", ""slug"": ""נינט_טייב""}, {""name"": ""זהר שטראוס"", ""slug"": ""זהר_שטראוס""}]",דרמה,2009,,3,C (>1990)
אחים,,2009,"[{""name"": ""יגאל נידם"", ""slug"": null}, {""name"": ""דוד בלחסן"", ""slug"": ""Q87050040""}]","[{""name"": ""יגאל נידם"", ""slug"": null}]","[{""name"": ""ברוך ברנר"", ""slug"": ""ברוך_ברנר""}, {""name"": ""אורנה פיטוסי"", ""slug"": ""אורנה_פיטוסי""}, {""name"": ""מיכה סלקטר"", ""slug"": ""מיכה_סלקטר""}]",דרמה,2009,,3,C (>1990)
בדרך אל החתולים,בדרך_אל_החתולים,2009,"[{""name"": ""יואב כ\""ץ"", ""slug"": ""יואב_כ\""ץ""}]","[{""name"": ""חורחה גורביץ'"", ""slug"": ""חורחה_גורביץ'""}]","[{""name"": ""מוני מושונוב"", ""slug"": ""מוני_מושונוב""}, {""name"": ""ריטה זוהר"", ""slug"": ""ריטה_זוהר""}]",דרמה,2009,,2,C (>1990)
האור השחור,האור_השחור,2009,"[{""name"": ""שחר צפניה"", ""slug"": null}]","[{""name"": ""שחר צפניה"", ""slug"": null}]","[{""name"": ""אקי אבני"", ""slug"": ""אקי_אבני""}, {""name"": ""אלייזה וינטראוב"", ""slug"": null}, {""name"": ""נתן מגד"", ""slug"": null}]",דרמה,2009,,3,C (>1990)
זרובבל,,2009,"[{""name"": ""שמואל ברו"", ""slug"": null}]","[{""name"": ""שמואל ברו"", ""slug"": null}]","[{""name"": ""מאיר דסה"", ""slug"": null}, {""name"": ""אסתר רדא"", ""slug"": ""אסתר_רדא""}]",דרמה,2009,,2,C (>1990)
חמש שעות מפריז,חמש_שעות_מפריז,2009,"[{""name"": ""ארז קו-אל"", ""slug"": ""ארז_קו-אל""}, {""name"": ""לאון פרודובסקי"", ""slug"": ""לאון_פרודובסקי""}]","[{""name"": ""לאון פרודובסקי"", ""slug"": null}]","[{""name"": ""דרור קרן"", ""slug"": ""דרור_קרן""}, {""name"": ""הלנה ירלובה"", ""slug"": ""הלנה_ירלובה""}, {""name"": ""ולדימיר פרידמן"", ""slug"": ""ולדימיר_פרידמן""}]",דרמה,2009,,3,C (>1990)
לב של אבן,,2009,"[{""name"": ""גיא חסון"", ""slug"": null}]","[{""name"": ""אלון לשם"", ""slug"": null}, {""name"": ""ריקי דה-לריינה"", ""slug"": null}, {""name"": ""עדינה דוד"", ""slug"": null}]",[],דרמה,2009,,0,C (>1990)
מוקי בוערה,מוקי_בוערה,2009,"[{""name"": ""משה זונדר"", ""slug"": ""משה_זונדר""}]","[{""name"": ""לינה צ'פלין"", ""slug"": ""לינה_צ'פלין""}, {""name"": ""סלבה צ'פלין"", ""slug"": ""סלבה_צ'פלין""}]","[{""name"": ""יואב כורש"", ""slug"": null}, {""name"": ""אפרת בן צור"", ""slug"": ""אפרת_בן_צור""}]",דרמה,2009,,2,C (>1990)
נתיב המזלות,נתיב_המזלות,2009,"[{""name"": ""אייל בן אהרון"", ""slug"": null}]","[{""name"": ""אייל בן אהרון"", ""slug"": null}]","[{""name"": ""לטי גרובמן"", ""slug"": ""לטי_גרובמן""}, {""name"": ""אייל בן אהרון"", ""slug"": null}]",דרמה,2009,,2,C (>1990)
ציון ואחיו,ציון_ואחיו,2009,"[{""name"": ""ערן מירב"", ""slug"": null}]","[{""name"": ""ערן מירב"", ""slug"": null}]","[{""name"": ""ראובן בדלוב"", ""slug"": null}, {""name"": ""עופר חיון"", ""slug"": ""עופר_חיון""}, {""name"": ""רונית אלקבץ"", ""slug"": ""רונית_אלקבץ""}]",דרמה,2009,,3,C (>1990)
שבע דקות בגן עדן,שבע_דקות_בגן_עדן,2009,"[{""name"": ""עמרי גבעון"", ""slug"": null}]","[{""name"": ""עמרי גבעון"", ""slug"": null}]","[{""name"": ""אלדד פריבס"", ""slug"": ""אלדד_פריבס""}, {""name"": ""ריימונד אמסלם"", ""slug"": ""ריימונד_אמסלם""}]",דרמה,2009,,2,C (>1990)
שני דגלים,שני_דגלים,2009,"[{""name"": ""רומן אילין"", ""slug"": null}, {""name"": ""נעה מנדל"", ""slug"": null}]","[{""name"": ""ליאור מולכו"", ""slug"": ""ליאור_מולכו""}]","[{""name"": ""נועה מנדל"", ""slug"": null}, {""name"": ""רומן אילין"", ""slug"": null}]",דרמה,2009,,2,C (>1990)
היו לילות,היו_לילות_(סרט),2010,"[{""name"": ""רוני ניניו"", ""slug"": ""רוני_ניניו""}]","[{""name"": ""רוני ניניו"", ""slug"": null}]","[{""name"": ""משה איבגי"", ""slug"": ""משה_איבגי""}, {""name"": ""דאנה איבגי"", ""slug"": ""דאנה_איבגי""}, {""name"": ""יבגניה דודינה"", ""slug"": ""יבגניה_דודינה""}]",דרמה,2010,,3,C (>1990)
המשוטט,המשוטט,2010,"[{""name"": ""אבישי סיון"", ""slug"": ""אבישי_סיון""}]","[{""name"": ""אבישי סיון"", ""slug"": null}]","[{""name"": ""עמרי פירר"", ""slug"": null}, {""name"": ""עלי נאסר"", ""slug"": ""עלי_נאסר""}, {""name"": ""רונית פלד"", ""slug"": null}, {""name"": ""שני בן חיים"", ""slug"": null}]",דרמה,2010,,4,C (>1990)
התפרצות X,התפרצות_X,2010,"[{""name"": ""עדנה מזי\""א"", ""slug"": ""עדנה_מזי\""א""}]","[{""name"": ""איתן צור"", ""slug"": ""איתן_צור""}]","[{""name"": ""יוסי פולק"", ""slug"": ""יוסי_פולק""}, {""name"": ""מלאני פרס"", ""slug"": ""מלאני_פרס""}, {""name"": ""רמי הויברגר"", ""slug"": ""רמי_הויברגר""}, {""name"": ""אורנה פורת"", ""slug"": ""אורנה_פורת""}]",דרמה,2010,,4,C (>1990)
זוהי סדום,זוהי_סדום,2010,"[{""name"": ""מולי שגב"", ""slug"": ""מולי_שגב""}, {""name"": ""אסף שלמון"", ""slug"": ""אסף_שלמון""}, {""name"": ""דוד ליפשיץ"", ""slug"": ""דוד_ליפשיץ_(תסריטאי)""}, {""name"": ""אבי נשר"", ""slug"": ""אבי_נשר""}, {""name"": ""(עריכת תסריט)"", ""slug"": null}]","[{""name"": ""אדם סנדרסון"", ""slug"": ""אדם_סנדרסון""}, {""name"": ""מולי שגב"", ""slug"": null}]","[{""name"": ""אלי פיניש"", ""slug"": ""אלי_פיניש""}, {""name"": ""אסי כהן"", ""slug"": ""אסי_כהן""}, {""name"": ""מריאנו אידלמן"", ""slug"": ""מריאנו_אידלמן""}, {""name"": ""דב נבון"", ""slug"": ""דב_נבון""}, {""name"": ""טל פרידמן"", ""slug"": ""טל_פרידמן""}, {""name"": ""עלמה זק"", ""slug"": ""עלמה_זק""}, {""name"": ""יובל סמו"", ""slug"": ""יובל_סמו""}, {""name"": ""מאור כהן"", ""slug"": ""מאור_כהן""}]",קומדיה,2010,,8,C (>1990)
כבוד,כבוד_(סרט),2010,"[{""name"": ""חיים בוזגלו"", ""slug"": ""חיים_בוזגלו""}, {""name"": ""איתן בלום"", ""slug"": ""איתן_בלום""}]","[{""name"": ""חיים בוזגלו"", ""slug"": null}]","[{""name"": ""זאב רווח"", ""slug"": ""זאב_רווח""}, {""name"": ""שמיל בן-ארי"", ""slug"": ""שמיל_בן-ארי""}, {""name"": ""עמוס לביא"", ""slug"": ""עמוס_לביא""}]",דרמה,2010,,3,C (>1990)
פובידיליה,פובידיליה,2010,"[{""name"": ""יואב פז"", ""slug"": null}, {""name"": ""דורון פז"", ""slug"": null}, {""name"": ""יזהר הר-לב"", ""slug"": ""יזהר_הר-לב""}]","[{""name"": ""יואב פז"", ""slug"": null}, {""name"": ""דורון פז"", ""slug"": null}]","[{""name"": ""עופר שכטר"", ""slug"": ""עופר_שכטר""}, {""name"": ""אפרת בוימולד"", ""slug"": ""אפרת_בוימולד""}, {""name"": ""שלמה בר-שביט"", ""slug"": ""שלמה_בר-שביט""}, {""name"": ""אפרת דור"", ""slug"": ""אפרת_דור""}]",דרמה,2010,,4,C (>1990)
פעם הייתי,פעם_הייתי,2010,"[{""name"": ""אבי נשר"", ""slug"": ""אבי_נשר""}]","[{""name"": ""אבי נשר"", ""slug"": null}]","[{""name"": ""אדיר מילר"", ""slug"": ""אדיר_מילר""}, {""name"": ""מיה דגן"", ""slug"": ""מיה_דגן""}, {""name"": ""דרור קרן"", ""slug"": ""דרור_קרן""}, {""name"": ""דב נבון"", ""slug"": ""דב_נבון""}, {""name"": ""ירדן בר-כוכבא"", ""slug"": ""ירדן_בר-כוכבא""}]",דרמה,2010,,5,C (>1990)
שליחותו של הממונה על משאבי אנוש,שליחותו_של_הממונה_על_משאבי_אנוש_(סרט),2010,"[{""name"": ""נח סטולמן"", ""slug"": ""נח_סטולמן""}]","[{""name"": ""ערן ריקליס"", ""slug"": ""ערן_ריקליס""}]","[{""name"": ""מארק איווניר"", ""slug"": ""מארק_איווניר""}, {""name"": ""רוזינה קמבוס"", ""slug"": ""רוזינה_קמבוס""}, {""name"": ""גורי אלפי"", ""slug"": ""גורי_אלפי""}, {""name"": ""גילה אלמגור"", ""slug"": ""גילה_אלמגור""}, {""name"": ""ריימונד אמסלם"", ""slug"": ""ריימונד_אמסלם""}]",דרמה,2010,,5,C (>1990)
הדקדוק הפנימי,הדקדוק_הפנימי,2010,"[{""name"": ""ניר ברגמן"", ""slug"": ""ניר_ברגמן""}, {""name"": ""דויד גרוסמן"", ""slug"": ""דויד_גרוסמן""}, {""name"": ""ע\""פ ספרו של"", ""slug"": null}]","[{""name"": ""ניר ברגמן"", ""slug"": null}]","[{""name"": ""רואי אלסברג"", ""slug"": null}, {""name"": ""אורלי זילברשץ"", ""slug"": ""אורלי_זילברשץ""}, {""name"": ""יהודה אלמגור"", ""slug"": null}]",דרמה,2010,,3,C (>1990)
המדריך למהפכה,המדריך_למהפכה,2010,"[{""name"": ""יוסי מדמוני"", ""slug"": ""יוסי_מדמוני""}, {""name"": ""ארי פולמן"", ""slug"": ""ארי_פולמן""}, {""name"": ""אורי ענבר"", ""slug"": ""אורי_ענבר""}, {""name"": ""דורון צברי"", ""slug"": ""דורון_צברי""}]","[{""name"": ""דורון צברי"", ""slug"": null}, {""name"": ""אורי ענבר"", ""slug"": null}]","[{""name"": ""אסתי ירושלמי"", ""slug"": ""אסתי_ירושלמי""}, {""name"": ""שמוליק קראוס"", ""slug"": ""שמוליק_קראוס""}, {""name"": ""אייל רוזלס"", ""slug"": ""אייל_רוזלס""}, {""name"": ""אריק קנלר"", ""slug"": ""אריק_קנלר""}, {""name"": ""דורון צברי"", ""slug"": null}]",תיעודי,2010,,5,C (>1990)
מקבל ההחלטות,מקבל_ההחלטות,2010,"[{""name"": ""דני יגיל"", ""slug"": null}]","[{""name"": ""דני יגיל"", ""slug"": null}]","[{""name"": ""עודד תאומי"", ""slug"": ""עודד_תאומי""}, {""name"": ""גדי יגיל"", ""slug"": ""גדי_יגיל""}, {""name"": ""יוסי קאנץ"", ""slug"": ""יוסי_קאנץ""}, {""name"": ""אלון דהן"", ""slug"": ""אלון_דהן""}, {""name"": ""אתי גרוטס"", ""slug"": ""אתי_גרוטס""}, {""name"": ""יונתן בר-אור"", ""slug"": ""יונתן_בר-אור_(1981)""}, {""name"": ""רן יגיל"", ""slug"": ""רן_יגיל""}, {""name"": ""תמר קינן"", ""slug"": ""תמר_קינן""}, {""name"": ""אמיר דוליצקי"", ""slug"": ""אמיר_דוליצקי""}, {""name"": ""דן קיזלר"", ""slug"": null}, {""name"": ""אוהד הול"", ""slug"": null}, {""name"": ""דני יגיל"", ""slug"": null}, {""name"": ""אבי בירנבאום"", ""slug"": null}]",דרמה,2010,,13,C (>1990)
התגנבות יחידים,התגנבות_יחידים_(סרט_קולנוע),2010,"[{""name"": ""דובר קוסשווילי"", ""slug"": ""דובר_קוסשווילי""}, {""name"": ""ראובן הקר"", ""slug"": ""ראובן_הקר""}]","[{""name"": ""דובר קוסשווילי"", ""slug"": null}]","[{""name"": ""עוז זהבי"", ""slug"": ""עוז_זהבי""}, {""name"": ""גיא אדלר"", ""slug"": ""גיא_אדלר_(שחקן)""}, {""name"": ""ליאל דניר"", ""slug"": ""ליאל_דניר""}, {""name"": ""מיכאל אלוני"", ""slug"": ""מיכאל_אלוני""}]",דרמה,2010,,4,C (>1990)
מאיה,מאיה_(סרט),2010,"[{""name"": ""מיכל בת-אדם"", ""slug"": ""מיכל_בת-אדם""}]","[{""name"": ""מיכל בת-אדם"", ""slug"": null}]","[{""name"": ""גיל פרנק"", ""slug"": ""גיל_פרנק""}, {""name"": ""לירון בן-שלוש"", ""slug"": ""לירון_בן-שלוש""}, {""name"": ""אלכס אנסקי"", ""slug"": ""אלכס_אנסקי""}]",דרמה,2010,,3,C (>1990)
כלבת,כלבת_(סרט),2010,"[{""name"": ""אהרון קשלס"", ""slug"": ""אהרון_קשלס""}, {""name"": ""נבות פפושדו"", ""slug"": ""נבות_פפושדו""}]","[{""name"": ""אהרון קשלס"", ""slug"": null}, {""name"": ""נבות פפושדו"", ""slug"": null}]","[{""name"": ""אניה בוקשטיין"", ""slug"": ""אניה_בוקשטיין""}, {""name"": ""יעל גרובגלס"", ""slug"": ""יעל_גרובגלס""}, {""name"": ""עפר שכטר"", ""slug"": ""עפר_שכטר""}, {""name"": ""רן דנקר"", ""slug"": ""רן_דנקר""}, {""name"": ""ליאור אשכנזי"", ""slug"": ""ליאור_אשכנזי""}, {""name"": ""דני גבע"", ""slug"": ""דני_גבע""}]",אימה,2010,,6,C (>1990)
חבורת ראש כרוב,חבורת_ראש_כרוב,2010,"[{""name"": ""אלון גור אריה"", ""slug"": ""אלון_גור_אריה""}]","[{""name"": ""אופיר לובל"", ""slug"": ""אופיר_לובל""}]","[{""name"": ""שחר ישי"", ""slug"": ""שחר_ישי""}, {""name"": ""שחר פרץ"", ""slug"": null}, {""name"": ""מיכל מוכתר"", ""slug"": ""מיכל_מוכתר""}]",ילדים,2010,,3,C (>1990)
ז'אטם איי לאב יו טרמינל,ז'אטם_איי_לאב_יו_טרמינל,2011,"[{""name"": ""דני מנקין"", ""slug"": ""דני_מנקין""}, {""name"": ""חגי לפיד"", ""slug"": ""חגי_לפיד""}, {""name"": ""אלון בנארי"", ""slug"": null}]","[{""name"": ""דני מנקין"", ""slug"": null}]","[{""name"": ""מוקי"", ""slug"": ""מוקי""}, {""name"": ""נרונה דה מאסדו קפלן"", ""slug"": null}]",דרמה,2011,,2,C (>1990)
וביום השלישי,וביום_השלישי,2011,"[{""name"": ""משה איבגי"", ""slug"": ""משה_איבגי""}, {""name"": ""אסתר נמדר תמאם"", ""slug"": ""אסתר_נמדר_תמאם""}, {""name"": ""בשיתוף עם"", ""slug"": null}]","[{""name"": ""משה איבגי"", ""slug"": null}]","[{""name"": ""שרון אלכסנדר"", ""slug"": ""שרון_אלכסנדר""}, {""name"": ""הילה פלדמן"", ""slug"": ""הילה_פלדמן""}, {""name"": ""עלית קרייז"", ""slug"": ""עלית_קרייז""}, {""name"": ""אפרת בן צור"", ""slug"": ""אפרת_בן_צור""}, {""name"": ""גל סלמון"", ""slug"": null}]",דרמה,2011,,5,C (>1990)
בין השמשות,בין_השמשות_(סרט),2011,"[{""name"": ""אלון זינגמן"", ""slug"": ""אלון_זינגמן""}]","[{""name"": ""אלון זינגמן"", ""slug"": null}]","[{""name"": ""שמיל בן ארי"", ""slug"": ""שמיל_בן_ארי""}, {""name"": ""גל זייד"", ""slug"": ""גל_זייד""}, {""name"": ""נטליה פאוסט"", ""slug"": null}, {""name"": ""ריימונד אמסלם"", ""slug"": ""ריימונד_אמסלם""}]",דרמה,2011,,4,C (>1990)
ג'ו + בל,ג'ו_+_בל,2011,"[{""name"": ""רוני קידר"", ""slug"": ""רוני_קידר""}, {""name"": ""סתו דייוויס"", ""slug"": null}]","[{""name"": ""רוני קדר"", ""slug"": null}]","[{""name"": ""סיון לוי"", ""slug"": ""סיון_לוי""}, {""name"": ""רומי אבולעפיה"", ""slug"": ""רומי_אבולעפיה""}, {""name"": ""רוני קדר"", ""slug"": null}]",דרמה,2011,,3,C (>1990)
השוטר,השוטר,2011,"[{""name"": ""נדב לפיד"", ""slug"": ""נדב_לפיד""}, {""name"": ""חיים לפיד"", ""slug"": ""חיים_לפיד""}]","[{""name"": ""נדב לפיד"", ""slug"": null}]","[{""name"": ""יפתח קליין"", ""slug"": ""יפתח_קליין""}, {""name"": ""יערה פלציג"", ""slug"": ""יערה_פלציג""}, {""name"": ""מיכאל אלוני"", ""slug"": ""מיכאל_אלוני""}, {""name"": ""מיטל ברדה"", ""slug"": null}, {""name"": ""מנשה נוי"", ""slug"": ""מנשה_נוי""}, {""name"": ""מיכאל מושונוב"", ""slug"": ""מיכאל_מושונוב""}]",דרמה,2011,,6,C (>1990)
לא רואים עליך,לא_רואים_עליך,2011,"[{""name"": ""מיכל אביעד"", ""slug"": ""מיכל_אביעד""}, {""name"": ""טל עומר"", ""slug"": null}]","[{""name"": ""מיכל אביעד"", ""slug"": null}]","[{""name"": ""יבגניה דודינה"", ""slug"": ""יבגניה_דודינה""}, {""name"": ""רונית אלקבץ"", ""slug"": ""רונית_אלקבץ""}, {""name"": ""סיון לוי"", ""slug"": ""סיון_לוי""}]",דרמה,2011,,3,C (>1990)
גיא אוני,גיא_אוני_(סרט),2011,"[{""name"": ""דן וולמן"", ""slug"": ""דן_וולמן""}, {""name"": ""שולמית לפיד"", ""slug"": ""שולמית_לפיד""}, {""name"": ""ע\""פ ספרה של"", ""slug"": null}]","[{""name"": ""דן וולמן"", ""slug"": null}]","[{""name"": ""ציון אשכנזי"", ""slug"": ""ציון_אשכנזי""}, {""name"": ""תמר אלקן"", ""slug"": ""תמר_אלקן""}, {""name"": ""יעקב בודו"", ""slug"": ""יעקב_בודו""}, {""name"": ""עזרא דגן"", ""slug"": ""עזרא_דגן""}]",דרמה,2011,,4,C (>1990)
אחותי היפה,אחותי_היפה,2011,"[{""name"": ""מרקו כרמל"", ""slug"": ""מרקו_כרמל""}, {""name"": ""עמנואל פינטו"", ""slug"": ""עמנואל_פינטו""}]","[{""name"": ""מרקו כרמל"", ""slug"": null}]","[{""name"": ""ריימונד אמסלם"", ""slug"": ""ריימונד_אמסלם""}, {""name"": ""אוולין הגואל"", ""slug"": ""אוולין_הגואל""}, {""name"": ""נורמן עיסא"", ""slug"": ""נורמן_עיסא""}]",דרמה,2011,,3,C (>1990)
סלסה תל אביב,סלסה_תל_אביב,2011,"[{""name"": ""אליסה דור"", ""slug"": ""אליסה_דור""}]","[{""name"": ""יונתן וולר"", ""slug"": null}]","[{""name"": ""אנחל בונני"", ""slug"": ""אנחל_בונני""}, {""name"": ""דן דויטש"", ""slug"": null}, {""name"": ""גיא קפולניק"", ""slug"": null}]",קומדיה,2011,,3,C (>1990)
אוסטרליה שלי,,2011,"[{""name"": ""עמי דרוזד"", ""slug"": null}]","[{""name"": ""עמי דרוזד"", ""slug"": null}]","[{""name"": ""גבריאל לוין"", ""slug"": ""גבריאל_לוין""}, {""name"": ""דוד מזרחי"", ""slug"": null}, {""name"": ""איגור אובלוזה"", ""slug"": null}]",דרמה,2011,,3,C (>1990)
הפנטזיה הגדולה של סימיקו הקטן,הפנטזיה_הגדולה_של_סימיקו_הקטן,2011,"[{""name"": ""אריק לובצקי"", ""slug"": ""אריק_לובצקי""}]","[{""name"": ""אריק לובצקי"", ""slug"": null}]","[{""name"": ""ציון ברוך"", ""slug"": ""ציון_ברוך""}, {""name"": ""נטע גרטי"", ""slug"": ""נטע_גרטי""}, {""name"": ""שלומי קוריאט"", ""slug"": ""שלומי_קוריאט""}, {""name"": ""אורי גבריאל"", ""slug"": ""אורי_גבריאל""}]",קומדיה,2011,,4,C (>1990)
התפרקות,,2011,"[{""name"": ""נינה מנקס"", ""slug"": null}, {""name"": ""דידי פייר"", ""slug"": null}]","[{""name"": ""נינה מרקס"", ""slug"": null}]","[{""name"": ""דידי פייר"", ""slug"": null}]",דרמה,2011,,1,C (>1990)
לאן נעלם משה איבגי?,,2011,"[{""name"": ""נדב אנצילביץ'"", ""slug"": null}, {""name"": ""יוסי טל טייב"", ""slug"": null}]","[{""name"": ""אבי מלכה"", ""slug"": ""אבי_מלכה""}]","[{""name"": ""אורן בלנגה"", ""slug"": null}, {""name"": ""יפעת ברסי"", ""slug"": null}, {""name"": ""אמיתי אשכנזי"", ""slug"": null}, {""name"": ""אלון נוימן"", ""slug"": ""אלון_נוימן""}]",דרמה,2011,,4,C (>1990)
עמק תפארת,עמק_תפארת,2011,"[{""name"": ""הדר פרידליך"", ""slug"": null}]","[{""name"": ""הדר פרידליך"", ""slug"": null}]","[{""name"": ""בתיה בר"", ""slug"": null}, {""name"": ""אלי בן רעי"", ""slug"": null}, {""name"": ""גילי בן אוזיליו"", ""slug"": ""גילי_בן_אוזיליו""}]",דרמה,2011,,3,C (>1990)
פלנטה אחרת,,2011,"[{""name"": ""יורם כסלו"", ""slug"": null}, {""name"": ""עידן זעירא"", ""slug"": null}]","[{""name"": ""עידן זעירא"", ""slug"": null}]","[{""name"": ""מישקה זילברשטיין"", ""slug"": null}, {""name"": ""מקסים צ'רניך"", ""slug"": null}, {""name"": ""תמרה סמסונוב"", ""slug"": null}]",דרמה,2011,,3,C (>1990)
רסיסי אהבה,רסיסי_אהבה,2011,"[{""name"": ""ניסים נוטריקה"", ""slug"": null}]","[{""name"": ""ניסים נוטריקה"", ""slug"": null}]","[{""name"": ""יחזקאל לזרוב"", ""slug"": ""יחזקאל_לזרוב""}, {""name"": ""ריימונד אמסלם"", ""slug"": ""ריימונד_אמסלם""}, {""name"": ""ערן בן זאב"", ""slug"": ""ערן_בן_זאב""}, {""name"": ""עדנה בליליוס"", ""slug"": ""עדנה_בליליוס""}]",דרמה,2011,,4,C (>1990)
בוקר טוב אדון פידלמן,בוקר_טוב_אדון_פידלמן,2011,"[{""name"": ""ארז קו-אל"", ""slug"": ""ארז_קו-אל""}]","[{""name"": ""יוסי מדמוני"", ""slug"": ""יוסי_מדמוני""}]","[{""name"": ""ששון גבאי"", ""slug"": ""ששון_גבאי""}, {""name"": ""הנרי דוד"", ""slug"": ""הנרי_דוד""}, {""name"": ""שרה אדלר"", ""slug"": ""שרה_אדלר""}]",דרמה,2011,,3,C (>1990)
הערת שוליים,הערת_שוליים_(סרט),2011,"[{""name"": ""יוסף סידר"", ""slug"": ""יוסף_סידר""}]","[{""name"": ""יוסף סידר"", ""slug"": null}]","[{""name"": ""ליאור אשכנזי"", ""slug"": ""ליאור_אשכנזי""}, {""name"": ""שלמה בראבא"", ""slug"": ""שלמה_בראבא""}, {""name"": ""יובל שרף"", ""slug"": ""יובל_שרף""}]",דרמה,2011,,3,C (>1990)
מבול,מבול_(סרט),2011,"[{""name"": ""גיא נתיב"", ""slug"": ""גיא_נתיב""}, {""name"": ""נועה ברמן-הרצברג"", ""slug"": null}]","[{""name"": ""גיא נתיב"", ""slug"": null}]","[{""name"": ""שמיל בן ארי"", ""slug"": ""שמיל_בן_ארי""}, {""name"": ""יעקב כהן"", ""slug"": ""יעקב_כהן_(שחקן)""}, {""name"": ""רונית אלקבץ"", ""slug"": ""רונית_אלקבץ""}]",דרמה,2011,,3,C (>1990)
פלייאוף,פלייאוף_(סרט),2011,"[{""name"": ""ערן ריקליס"", ""slug"": ""ערן_ריקליס""}, {""name"": ""גדעון מרון"", ""slug"": null}, {""name"": ""דוד אקרמן"", ""slug"": null}]","[{""name"": ""ערן ריקליס"", ""slug"": null}]","[{""name"": ""דני יוסטון"", ""slug"": ""דני_יוסטון""}]",דרמה,2011,,1,C (>1990)
סטנד אפ,סטנד_אפ_(סרט),2011,"[{""name"": ""אסי צובל"", ""slug"": ""אסי_צובל""}]","[{""name"": ""אסי צובל"", ""slug"": null}]","[{""name"": ""אמיר דוליצקי"", ""slug"": ""אמיר_דוליצקי""}, {""name"": ""מוטי בן ישי"", ""slug"": ""מוטי_בן_ישי""}, {""name"": ""מעין וינשטוק"", ""slug"": ""מעין_וינשטוק""}, {""name"": ""יעל מפציר בוצר"", ""slug"": null}, {""name"": ""ערן בן-צבי"", ""slug"": null}]",קומדיה,2011,,5,C (>1990)
סרק סרק,סרק_סרק,2012,"[{""name"": ""דוד אקרמן"", ""slug"": null}, {""name"": ""חיים בוזגלו"", ""slug"": ""חיים_בוזגלו""}]","[{""name"": ""חיים בוזגלו"", ""slug"": null}]","[{""name"": ""עמוס לביא"", ""slug"": ""עמוס_לביא""}, {""name"": ""ריימונד אמסלם"", ""slug"": ""ריימונד_אמסלם""}]",דרמה,2012,,2,C (>1990)
אורחים לרגע,אורחים_לרגע,2012,"[{""name"": ""מאיה קניג"", ""slug"": ""מאיה_קניג""}, {""name"": ""דנה דימנט"", ""slug"": null}]","[{""name"": ""מאיה קניג"", ""slug"": null}]","[{""name"": ""גור בנטביץ'"", ""slug"": ""גור_בנטביץ'""}, {""name"": ""אליה ענבר"", ""slug"": null}, {""name"": ""צחי גראד"", ""slug"": ""צחי_גראד""}]",דרמה,2012,,3,C (>1990)
מלח ים,מלח_ים_(סרט),2012,"[{""name"": ""איתי לב"", ""slug"": ""איתי_לב_(במאי)""}]","[{""name"": ""איתי לב"", ""slug"": ""איתי_לב_(במאי)""}]","[{""name"": ""ליאת גליק"", ""slug"": ""ליאת_גליק""}, {""name"": ""יעל רייך"", ""slug"": ""יעל_רייך""}, {""name"": ""יפתח קליין"", ""slug"": ""יפתח_קליין""}, {""name"": ""חן יאני"", ""slug"": ""חן_יאני""}, {""name"": ""איתי לב"", ""slug"": ""איתי_לב_(במאי)""}]",דרמה,2012,,5,C (>1990)
ברקיע החמישי,ברקיע_החמישי,2012,"[{""name"": ""דינה צבי-ריקליס"", ""slug"": ""דינה_צבי-ריקליס""}, {""name"": ""עלמה גניהר"", ""slug"": ""עלמה_גניהר""}, {""name"": ""רחל איתן"", ""slug"": ""רחל_איתן""}, {""name"": ""ו"", ""slug"": null}, {""name"": ""ע\""פ ספרה של"", ""slug"": null}]","[{""name"": ""דינה צבי-ריקליס"", ""slug"": null}]","[{""name"": ""יחזקאל לזרוב"", ""slug"": ""יחזקאל_לזרוב""}, {""name"": ""אלונה איב"", ""slug"": ""אלונה_איב""}, {""name"": ""עמית מושקוביץ"", ""slug"": null}]",דרמה,2012,,3,C (>1990)
ניקה,ניקה_(סרט),2012,"[{""name"": ""אבי עמר"", ""slug"": null}]","[{""name"": ""ארנון צדוק"", ""slug"": ""ארנון_צדוק""}]","[{""name"": ""אולג לוין"", ""slug"": ""אולג_לוין""}, {""name"": ""ז'ניה וסרמן"", ""slug"": null}, {""name"": ""אלכסיי שטוקין"", ""slug"": null}]",דרמה,2012,,3,C (>1990)
אודם,אודם_(סרט),2012,"[{""name"": ""יהונתן סגל"", ""slug"": ""יהונתן_סגל""}]","[{""name"": ""יהונתן סגל"", ""slug"": null}]","[{""name"": ""קלרה ח'ורי"", ""slug"": ""קלרה_ח'ורי""}, {""name"": ""נטלי עטיה"", ""slug"": ""נטלי_עטיה""}, {""name"": ""דניאל קלטג'ירונה"", ""slug"": null}]",דרמה,2012,,3,C (>1990)
2 בלילה,2_בלילה,2012,"[{""name"": ""רועי ורנר"", ""slug"": null}]","[{""name"": ""רועי ורנר"", ""slug"": null}]","[{""name"": ""ירון ברובינסקי"", ""slug"": ""ירון_ברובינסקי""}, {""name"": ""קרן ברגר"", ""slug"": ""קרן_ברגר""}]",קומדיה רומנטית,2012,,2,C (>1990)
הדילרים,הדילרים,2012,"[{""name"": ""רמי דוידוף"", ""slug"": ""רמי_דוידוף""}, {""name"": ""שגיא אזולאי"", ""slug"": ""שגיא_אזולאי""}]","[{""name"": ""עודד דוידוף"", ""slug"": ""עודד_דוידוף""}]","[{""name"": ""אלון אבוטבול"", ""slug"": ""אלון_אבוטבול""}, {""name"": ""משה אשכנזי"", ""slug"": ""משה_אשכנזי_(שחקן)""}, {""name"": ""רמי דוידוף"", ""slug"": null}]",קומדיה,2012,,3,C (>1990)
ההתחלפות,ההתחלפות,2012,"[{""name"": ""ערן קולירין"", ""slug"": ""ערן_קולירין""}]","[{""name"": ""ערן קולירין"", ""slug"": null}]","[{""name"": ""רותם קינן"", ""slug"": ""רותם_קינן""}, {""name"": ""שרון טל"", ""slug"": ""שרון_טל""}, {""name"": ""דב נבון"", ""slug"": ""דב_נבון""}]",דרמה,2012,,3,C (>1990)
הנותנת,הנותנת,2012,"[{""name"": ""הגר בן-אשר"", ""slug"": ""הגר_בן-אשר""}]","[{""name"": ""הגר בן-אשר"", ""slug"": null}]","[{""name"": ""ישי גולן"", ""slug"": ""ישי_גולן""}, {""name"": ""איצ'ו אביטל"", ""slug"": ""איצ'ו_אביטל""}, {""name"": ""הגר בן-אשר"", ""slug"": null}]",דרמה,2012,,3,C (>1990)
הסיפור של יוסי,הסיפור_של_יוסי,2012,"[{""name"": ""איתי סגל"", ""slug"": ""איתי_סגל""}]","[{""name"": ""איתן פוקס"", ""slug"": ""איתן_פוקס""}]","[{""name"": ""ליאור אשכנזי"", ""slug"": ""ליאור_אשכנזי""}, {""name"": ""אוהד קנולר"", ""slug"": ""אוהד_קנולר""}, {""name"": ""אורלי זילברשץ"", ""slug"": ""אורלי_זילברשץ""}]",דרמה,2012,,3,C (>1990)
המתקפה,,2012,"[{""name"": ""זיאד דוארי"", ""slug"": null}]","[{""name"": ""זיאד דוארי"", ""slug"": null}]","[{""name"": ""עלי סלימאן"", ""slug"": ""עלי_סלימאן""}, {""name"": ""ריימונד אמסלם"", ""slug"": ""ריימונד_אמסלם""}, {""name"": ""יבגניה דודינה"", ""slug"": ""יבגניה_דודינה""}, {""name"": ""אורי גבריאל"", ""slug"": ""אורי_גבריאל""}, {""name"": ""דביר בנדק"", ""slug"": ""דביר_בנדק""}]",,2012,,5,C (>1990)
העולם מצחיק,העולם_מצחיק,2012,"[{""name"": ""שמי זרחין"", ""slug"": ""שמי_זרחין""}]","[{""name"": ""שמי זרחין"", ""slug"": null}]","[{""name"": ""אלי פיניש"", ""slug"": ""אלי_פיניש""}, {""name"": ""אסי לוי"", ""slug"": ""אסי_לוי""}, {""name"": ""דני שטג"", ""slug"": ""דני_שטג""}, {""name"": ""זאב רווח"", ""slug"": ""זאב_רווח""}, {""name"": ""גל לב"", ""slug"": ""גל_לב""}, {""name"": ""יחזקאל לזרוב"", ""slug"": ""יחזקאל_לזרוב""}]",קומדיה,2012,,6,C (>1990)
למלא את החלל,למלא_את_החלל,2012,"[{""name"": ""רמה בורשטין"", ""slug"": ""רמה_בורשטין""}]","[{""name"": ""רמה בורשטין"", ""slug"": null}]","[{""name"": ""הדס ירון"", ""slug"": ""הדס_ירון""}, {""name"": ""עירית שלג"", ""slug"": ""עירית_שלג""}, {""name"": ""יפתח קליין"", ""slug"": ""יפתח_קליין""}, {""name"": ""חיים שריר"", ""slug"": ""חיים_שריר""}]",דרמה,2012,,4,C (>1990)
חדר 514,חדר_514,2012,"[{""name"": ""שרון בר-זיו"", ""slug"": ""שרון_בר-זיו""}]","[{""name"": ""שרון בר-זיו"", ""slug"": null}]","[{""name"": ""אורן פרג'"", ""slug"": null}, {""name"": ""אוהד הול"", ""slug"": null}, {""name"": ""הילי ישראל"", ""slug"": null}, {""name"": ""אסיה נייפלד"", ""slug"": ""אסיה_נייפלד""}]",דרמה,2012,,4,C (>1990)
חתולים על סירת פדלים,חתולים_על_סירת_פדלים,2012,"[{""name"": ""יובל מנדלסון"", ""slug"": ""יובל_מנדלסון""}, {""name"": ""יהונתן בר-אילן"", ""slug"": null}]","[{""name"": ""נדב הולנדר"", ""slug"": ""נדב_הולנדר""}, {""name"": ""יובל מנדלסון"", ""slug"": null}]","[{""name"": ""דנה פרידר"", ""slug"": ""דנה_פרידר""}, {""name"": ""מיכאל מושונוב"", ""slug"": ""מיכאל_מושונוב""}, {""name"": ""שמואל וילוז'ני"", ""slug"": ""שמואל_וילוז'ני""}]","קומדיה, אימה",2012,,3,C (>1990)
נמס בגשם,נמס_בגשם_(סרט),2012,"[{""name"": ""בילי בן משה"", ""slug"": ""בילי_בן_משה""}]","[{""name"": ""דורון ערן"", ""slug"": ""דורון_ערן""}]","[{""name"": ""חן יאני"", ""slug"": ""חן_יאני""}, {""name"": ""לימור גולדשטיין"", ""slug"": ""לימור_גולדשטיין""}, {""name"": ""עמי ויינברג"", ""slug"": ""עמי_ויינברג""}, {""name"": ""עודד לאופולד"", ""slug"": ""עודד_לאופולד""}]",דרמה,2012,,4,C (>1990)
בשר תותחים,בשר_תותחים,2012,"[{""name"": ""איתן גפני"", ""slug"": ""איתן_גפני_(במאי)""}]","[{""name"": ""איתן גפני"", ""slug"": null}]","[{""name"": ""לירון לבו"", ""slug"": ""לירון_לבו""}, {""name"": ""רוי מילר"", ""slug"": ""רוי_מילר""}, {""name"": ""יפית שלו"", ""slug"": null}]",אימה,2012,,3,C (>1990)
עולם אחר,,2012,"[{""name"": ""מיכאל בירנבאום"", ""slug"": null}, {""name"": ""איתן ראובן"", ""slug"": null}]","[{""name"": ""איתן ראובן"", ""slug"": null}]","[{""name"": ""צח כהן"", ""slug"": null}]",אימה,2012,,1,C (>1990)
בקבוק בים של עזה,בקבוק_בים_של_עזה,2012,"[{""name"": ""טיירי בנישתי"", ""slug"": null}]","[{""name"": ""טיירי בנישתי"", ""slug"": null}]","[{""name"": ""מחמוד שלבי"", ""slug"": null}, {""name"": ""ריף כהן"", ""slug"": ""ריף_כהן""}, {""name"": ""מקס אולארצ'יק"", ""slug"": ""מקס_אולארצ'יק""}]",דרמה,2012,,3,C (>1990)
רווקה פלוס,רווקה_פלוס,2012,"[{""name"": ""דובר קוסשווילי"", ""slug"": ""דובר_קוסשווילי""}]","[{""name"": ""דובר קוסשווילי"", ""slug"": null}]","[{""name"": ""מתי אטלס"", ""slug"": ""מתי_אטלס""}, {""name"": ""מוטי גלעדי"", ""slug"": ""מוטי_גלעדי""}, {""name"": ""מיקי לאון"", ""slug"": ""מיקי_לאון""}, {""name"": ""יעל טוקר"", ""slug"": ""יעל_טוקר""}]","דרמה, קומדיה",2012,,4,C (>1990)
המשגיחים,המשגיחים,2012,"[{""name"": ""מני יעיש"", ""slug"": ""מני_יעיש""}]","[{""name"": ""מני יעיש"", ""slug"": ""מני_יעיש""}]","[{""name"": ""רועי אסף"", ""slug"": ""רועי_אסף""}, {""name"": ""רותם זיסמן-כהן"", ""slug"": ""רותם_זיסמן-כהן""}, {""name"": ""גל פרידמן"", ""slug"": ""גל_פרידמן_(שחקן)""}]",דרמה,2012,,3,C (>1990)
ריח פועלים,ריח_פועלים,2012,"[{""name"": ""גודיס שניידר"", ""slug"": null}]","[{""name"": ""גודיס שניידר"", ""slug"": null}, {""name"": ""איילת ורשל"", ""slug"": null}]","[{""name"": ""ריקי בליך"", ""slug"": ""ריקי_בליך""}, {""name"": ""שלומי שבן"", ""slug"": ""שלומי_שבן""}, {""name"": ""אושרי סהר"", ""slug"": ""אושרי_סהר""}]",דרמה,2012,,3,C (>1990)
שומרי הסף,שומרי_הסף,2012,"[{""name"": ""דרור מורה"", ""slug"": ""דרור_מורה""}]","[{""name"": ""דרור מורה"", ""slug"": null}]","[{""name"": ""אברהם שלום"", ""slug"": ""אברהם_שלום""}, {""name"": ""יעקב פרי"", ""slug"": ""יעקב_פרי""}, {""name"": ""כרמי גילון"", ""slug"": ""כרמי_גילון""}, {""name"": ""עמי אילון"", ""slug"": ""עמי_אילון""}, {""name"": ""אבי דיכטר"", ""slug"": ""אבי_דיכטר""}, {""name"": ""יובל דיסקין"", ""slug"": ""יובל_דיסקין""}]",תיעודי,2012,,6,C (>1990)
השקר הגדול,השקר_הגדול,2012,"[{""name"": ""ימין מסיקה"", ""slug"": ""ימין_מסיקה""}, {""name"": ""ירמי קדושי"", ""slug"": null}]","[{""name"": ""ימין מסיקה"", ""slug"": ""ימין_מסיקה""}]","[{""name"": ""אבי סויסה"", ""slug"": null}, {""name"": ""בבר יוקו"", ""slug"": ""בבר_יוקו""}, {""name"": ""דני חדד"", ""slug"": null}]",דרמה,2012,,3,C (>1990)
בלדה לאביב הבוכה,בלדה_לאביב_הבוכה,2012,"[{""name"": ""בני תורתי"", ""slug"": ""בני_תורתי""}]","[{""name"": ""בני תורתי"", ""slug"": null}]","[{""name"": ""דודו טסה"", ""slug"": ""דודו_טסה""}, {""name"": ""אדר גולד"", ""slug"": ""אדר_גולד""}, {""name"": ""מארק אליהו"", ""slug"": ""מארק_אליהו""}, {""name"": ""ניר לוי"", ""slug"": ""ניר_לוי""}, {""name"": ""אורי גבריאל"", ""slug"": ""אורי_גבריאל""}]",דרמה,2012,,5,C (>1990)
החיים בינתיים,החיים_בינתיים,2013,"[{""name"": ""אורית קימל"", ""slug"": null}]","[{""name"": ""ענר פרמינגר"", ""slug"": ""ענר_פרמינגר""}]","[{""name"": ""חגית דסברג"", ""slug"": ""חגית_דסברג""}, {""name"": ""אייל נחמיאס"", ""slug"": ""אייל_נחמיאס""}]",דרמה,2013,,2,C (>1990)
אני ביאליק,,2013,"[{""name"": ""אביב טלמור"", ""slug"": ""אביב_טלמור""}]","[{""name"": ""אביב טלמור"", ""slug"": null}]",[],,2013,,0,C (>1990)
רימון הזהב,רימון_הזהב,2013,"[{""name"": ""רוברט מ. בלייוויס"", ""slug"": null}, {""name"": ""דן תורג'מן"", ""slug"": ""דן_תורג'מן""}]","[{""name"": ""דן תורג'מן"", ""slug"": null}]","[{""name"": ""אופיר נהרי"", ""slug"": ""אופיר_נהרי""}, {""name"": ""גלית גיאת"", ""slug"": ""גלית_גיאת""}, {""name"": ""מתי סרי"", ""slug"": ""מתי_סרי""}]",דרמה,2013,,3,C (>1990)
בית לחם,בית_לחם_(סרט),2013,"[{""name"": ""יובל אדלר"", ""slug"": ""יובל_אדלר""}, {""name"": ""עלי ואקד"", ""slug"": null}]","[{""name"": ""יובל אדלר"", ""slug"": null}]","[{""name"": ""צחי הלוי"", ""slug"": ""צחי_הלוי""}]","פעולה, דרמה",2013,,1,C (>1990)
בננות,"בננות_(סרט,_2013)",2013,"[{""name"": ""אלי ביז'אווי"", ""slug"": ""אלי_ביז'אווי""}, {""name"": ""איתן פוקס"", ""slug"": ""איתן_פוקס""}]","[{""name"": ""איתן פוקס"", ""slug"": null}]","[{""name"": ""עפר שכטר"", ""slug"": ""עפר_שכטר""}, {""name"": ""ענת וקסמן"", ""slug"": ""ענת_וקסמן""}, {""name"": ""דאנה איבגי"", ""slug"": ""דאנה_איבגי""}, {""name"": ""יעל בר זוהר"", ""slug"": ""יעל_בר_זוהר""}, {""name"": ""קרן ברגר"", ""slug"": ""קרן_ברגר""}, {""name"": ""אפרת דור"", ""slug"": ""אפרת_דור""}]",קומדיה,2013,,6,C (>1990)
גולדברג ואייזנברג,,2013,"[{""name"": ""אורן כרמי"", ""slug"": null}]","[{""name"": ""אורן כרמי"", ""slug"": null}]",[],,2013,,0,C (>1990)
גולם,,2013,"[{""name"": ""אדם דויטש"", ""slug"": null}]","[{""name"": ""אדם דויטש"", ""slug"": null}]","[{""name"": ""אלינור קלוגר"", ""slug"": null}, {""name"": ""יובל ינאי"", ""slug"": ""יובל_ינאי""}, {""name"": ""שרון פרידמן"", ""slug"": null}]",דרמה,2013,,3,C (>1990)
המסע לכוכב המינימיקים,המסע_לכוכב_המינימיקים,2013,"[{""name"": ""אלון שטרן"", ""slug"": null}, {""name"": ""שי כרמלי פולק"", ""slug"": ""שי_כרמלי_פולק""}, {""name"": ""יוני להב"", ""slug"": ""יוני_להב""}]","[{""name"": ""שי כרמלי"", ""slug"": null}]","[{""name"": ""לירון לב"", ""slug"": ""לירון_לב""}, {""name"": ""שירי גדני"", ""slug"": ""שירי_גדני""}, {""name"": ""עידו מוסרי"", ""slug"": ""עידו_מוסרי""}, {""name"": ""עמי סמולרצ'יק"", ""slug"": ""עמי_סמולרצ'יק""}, {""name"": ""אילן גנני"", ""slug"": ""אילן_גנני""}, {""name"": ""קובי פרג'"", ""slug"": ""קובי_פרג'""}, {""name"": ""חנה לסלאו"", ""slug"": ""חנה_לסלאו""}]","מדע בדיוני, אנימציה",2013,,7,C (>1990)
הנוער,הנוער,2013,"[{""name"": ""תום שובל"", ""slug"": ""תום_שובל""}]","[{""name"": ""תום שובל"", ""slug"": null}]","[{""name"": ""דוד קוניו"", ""slug"": ""דוד_קוניו""}, {""name"": ""איתן קוניו"", ""slug"": null}, {""name"": ""משה איבגי"", ""slug"": ""משה_איבגי""}, {""name"": ""גיטה אמלי"", ""slug"": null}]",דרמה,2013,,4,C (>1990)
יללת הזאבים,יללת_הזאבים,2013,"[{""name"": ""משה אלפרט"", ""slug"": ""משה_אלפרט""}, {""name"": ""נועה ברמן-הרצברג"", ""slug"": null}]","[{""name"": ""משה אלפרט"", ""slug"": null}]","[{""name"": ""שמיל בן ארי"", ""slug"": ""שמיל_בן_ארי""}]",הרפתקאות,2013,,1,C (>1990)
כידון,כידון_(סרט),2013,"[{""name"": ""עמנואל נקש"", ""slug"": null}]","[{""name"": ""עמנואל נקש"", ""slug"": null}]","[{""name"": ""בר רפאלי"", ""slug"": ""בר_רפאלי""}, {""name"": ""שי אביבי"", ""slug"": ""שי_אביבי""}, {""name"": ""ריימונד אמסלם"", ""slug"": ""ריימונד_אמסלם""}, {""name"": ""ששון גבאי"", ""slug"": ""ששון_גבאי""}, {""name"": ""שרדי ג'בארין"", ""slug"": ""שרדי_ג'בארין""}]","קומדיה, פעולה",2013,,5,C (>1990)
להישאר בחיים (זייתון),,2013,"[{""name"": ""נאדר ריזק"", ""slug"": null}]","[{""name"": ""ערן ריקליס"", ""slug"": ""ערן_ריקליס""}]","[{""name"": ""סטיבן דורף"", ""slug"": ""סטיבן_דורף""}, {""name"": ""עבדאללה עקל"", ""slug"": ""עבדאללה_עקל""}, {""name"": ""לואי נופי"", ""slug"": ""לואי_נופי""}]",דרמת מלחמה,2013,,3,C (>1990)
לצוד פילים,לצוד_פילים,2013,"[{""name"": ""רשף לוי"", ""slug"": ""רשף_לוי""}]","[{""name"": ""רשף לוי"", ""slug"": null}]","[{""name"": ""פטריק סטיוארט"", ""slug"": ""פטריק_סטיוארט""}, {""name"": ""ששון גבאי"", ""slug"": ""ששון_גבאי""}, {""name"": ""מוני מושונוב"", ""slug"": ""מוני_מושונוב""}, {""name"": ""משה איבגי"", ""slug"": ""משה_איבגי""}, {""name"": ""יעל אבקסיס"", ""slug"": ""יעל_אבקסיס""}]",קומדיית פשע,2013,,5,C (>1990)
מי מפחד מהזאב הרע,מי_מפחד_מהזאב_הרע_(סרט),2013,"[{""name"": ""נבות פפושדו"", ""slug"": ""נבות_פפושדו""}, {""name"": ""אהרון קשלס"", ""slug"": ""אהרון_קשלס""}]","[{""name"": ""נבות פפושדו"", ""slug"": null}, {""name"": ""אהרון קשלס"", ""slug"": null}]","[{""name"": ""צחי גראד"", ""slug"": ""צחי_גראד""}, {""name"": ""ליאור אשכנזי"", ""slug"": ""ליאור_אשכנזי""}, {""name"": ""רותם קינן"", ""slug"": ""רותם_קינן""}, {""name"": ""דב גליקמן"", ""slug"": ""דב_גליקמן""}, {""name"": ""מנשה נוי"", ""slug"": ""מנשה_נוי""}]",אימה,2013,,5,C (>1990)
משפחה חדשה,,2013,"[{""name"": ""טלי שלום עזר"", ""slug"": ""טלי_שלום_עזר""}]","[{""name"": ""טלי שלום עזר"", ""slug"": null}]",[],,2013,,0,C (>1990)
סוכריות,סוכריות_(סרט),2013,"[{""name"": ""יוסף פיצ'חדזה"", ""slug"": ""יוסף_פיצ'חדזה""}, {""name"": ""דב שטויר"", ""slug"": ""דב_שטויר""}]","[{""name"": ""יוסף פיצ'חדזה"", ""slug"": null}]",[],,2013,,0,C (>1990)
פלאות,פלאות,2013,"[{""name"": ""אבי נשר"", ""slug"": ""אבי_נשר""}, {""name"": ""שאנן סטריט"", ""slug"": ""שאנן_סטריט""}]","[{""name"": ""אבי נשר"", ""slug"": null}]","[{""name"": ""יובל שרף"", ""slug"": ""יובל_שרף""}, {""name"": ""אורי חזקיה"", ""slug"": ""אורי_חזקיה""}, {""name"": ""יהודה לוי"", ""slug"": ""יהודה_לוי_(שחקן)""}, {""name"": ""אדיר מילר"", ""slug"": ""אדיר_מילר""}, {""name"": ""אפרת גוש"", ""slug"": ""אפרת_גוש""}]",,2013,,5,C (>1990)
פנתר לבן,,2013,"[{""name"": ""דני רייספלד"", ""slug"": null}]","[{""name"": ""דני רייספלד"", ""slug"": null}]","[{""name"": ""זאב רווח"", ""slug"": ""זאב_רווח""}, {""name"": ""מיטל גל סויסה"", ""slug"": ""מיטל_גל_סויסה""}, {""name"": ""יבגני אורלוב"", ""slug"": null}, {""name"": ""נטשה מנור"", ""slug"": ""נטשה_מנור""}]",דרמת היאבקות,2013,,4,C (>1990)
פרדייס קרוז,פרדייס_קרוז,2013,"[{""name"": ""מתן גוגנהיים"", ""slug"": null}]","[{""name"": ""מתן גוגנהיים"", ""slug"": null}]","[{""name"": ""עוז זהבי"", ""slug"": ""עוז_זהבי""}, {""name"": ""גיל דסיאנו ביטון"", ""slug"": ""גיל_דסיאנו_ביטון""}, {""name"": ""ג'וני ערביד"", ""slug"": ""ג'וני_ערביד""}, {""name"": ""אלי אלטוניו"", ""slug"": ""אלי_אלטוניו""}]",,2013,,4,C (>1990)
קריאוקי עם פרנק סינטרה,,2013,[],"[{""name"": ""צבי פינקוס"", ""slug"": null}]",[],,2013,,0,C (>1990)
שבלולים בגשם,שבלולים_בגשם,2013,"[{""name"": ""יוסי אבני לוי"", ""slug"": ""יוסי_אבני_לוי""}, {""name"": ""יריב מוזר"", ""slug"": ""יריב_מוזר""}]","[{""name"": ""יריב מוזר"", ""slug"": null}]","[{""name"": ""מורן רוזנבלט"", ""slug"": ""מורן_רוזנבלט""}, {""name"": ""אורי יניב"", ""slug"": ""אורי_יניב""}, {""name"": ""יהודה נהרי"", ""slug"": ""יהודה_נהרי""}]",,2013,,3,C (>1990)
שש פעמים,שש_פעמים,2013,"[{""name"": ""רונה סגל"", ""slug"": null}]","[{""name"": ""יונתן גורפינקל"", ""slug"": ""יונתן_גורפינקל""}]","[{""name"": ""סיון לוי"", ""slug"": ""סיון_לוי""}, {""name"": ""רועי ניק"", ""slug"": ""רועי_ניק""}, {""name"": ""אביתר מור"", ""slug"": null}, {""name"": ""אסף הרץ"", ""slug"": ""אסף_הרץ""}]",דרמת נעורים,2013,,4,C (>1990)
לוויה בצהריים,לוויה_בצהריים,2013,"[{""name"": ""אדם סנדרסון"", ""slug"": ""אדם_סנדרסון""}]","[{""name"": ""אדם סנדרסון"", ""slug"": null}]","[{""name"": ""הילה וידור"", ""slug"": ""הילה_וידור""}, {""name"": ""יובל ינאי"", ""slug"": ""יובל_ינאי""}, {""name"": ""מירב גרובר"", ""slug"": ""מירב_גרובר""}]",,2013,,3,C (>1990)
ההיא שחוזרת הביתה,ההיא_שחוזרת_הביתה,2014,"[{""name"": ""מיה דרייפוס"", ""slug"": ""מיה_דרייפוס""}]","[{""name"": ""מיה דרייפוס"", ""slug"": null}]","[{""name"": ""טלי שרון"", ""slug"": ""טלי_שרון""}, {""name"": ""אלון אבוטבול"", ""slug"": ""אלון_אבוטבול""}, {""name"": ""לאורה ריבלין"", ""slug"": ""לאורה_ריבלין""}]",דרמה,2014,,3,C (>1990)
הבן של אלוהים,הבן_של_אלוהים,2014,"[{""name"": ""גיא נתיב"", ""slug"": ""גיא_נתיב""}, {""name"": ""ארז תדמור"", ""slug"": ""ארז_תדמור_(במאי_קולנוע)""}, {""name"": ""שרון מימון"", ""slug"": ""שרון_מימון""}]","[{""name"": ""ארז תדמור"", ""slug"": ""ארז_תדמור_(במאי_קולנוע)""}, {""name"": ""גיא נתיב"", ""slug"": null}]","[{""name"": ""מכרם ח'ורי"", ""slug"": ""מכרם_ח'ורי""}, {""name"": ""זהר שטראוס"", ""slug"": ""זהר_שטראוס""}, {""name"": ""הילה וידור"", ""slug"": ""הילה_וידור""}, {""name"": ""אופירה רחמים"", ""slug"": ""אופירה_רחמים""}]",דרמה,2014,,4,C (>1990)
מפריח היונים,מפריח_היונים_(סרט),2014,"[{""name"": ""נסים דיין"", ""slug"": ""נסים_דיין""}, {""name"": ""אלי עמיר"", ""slug"": ""אלי_עמיר""}, {""name"": ""(על בסיס ספרו של"", ""slug"": null}, {""name"": "")"", ""slug"": null}]","[{""name"": ""ניסים דיין"", ""slug"": ""ניסים_דיין""}]","[{""name"": ""דניאל גד"", ""slug"": ""דניאל_גד""}, {""name"": ""יסמין עיון"", ""slug"": ""יסמין_עיון""}, {""name"": ""תאופיק ברהום"", ""slug"": ""תאופיק_ברהום""}, {""name"": ""יגאל נאור"", ""slug"": ""יגאל_נאור""}, {""name"": ""אורי גבריאל"", ""slug"": ""אורי_גבריאל""}, {""name"": ""קובי פרג'"", ""slug"": ""קובי_פרג'""}]",דרמה,2014,,6,C (>1990)
הורה 79,הורה_79,2014,"[{""name"": ""אלי כהן"", ""slug"": ""אלי_כהן_(במאי)""}]","[{""name"": ""אלי כהן"", ""slug"": ""אלי_כהן_(במאי)""}]","[{""name"": ""גילה אלמגור"", ""slug"": ""גילה_אלמגור""}, {""name"": ""נתן דטנר"", ""slug"": ""נתן_דטנר""}, {""name"": ""יוסי גרבר"", ""slug"": ""יוסי_גרבר""}]","דרמה, מוזיקלי",2014,,3,C (>1990)
מעל הגבעה,מעל_הגבעה,2014,"[{""name"": ""רפאל נג'ארי"", ""slug"": ""רפאל_נג'ארי""}, {""name"": ""ג'ו גריזון"", ""slug"": null}]","[{""name"": ""רפאל נג'ארי"", ""slug"": null}]","[{""name"": ""אורי פפר"", ""slug"": ""אורי_פפר""}, {""name"": ""מוני מושונוב"", ""slug"": ""מוני_מושונוב""}, {""name"": ""מיה דגן"", ""slug"": ""מיה_דגן""}, {""name"": ""מיכאלה עשת"", ""slug"": ""מיכאלה_עשת""}]",,2014,,4,C (>1990)
מקום בגן עדן,מקום_בגן_עדן,2014,"[{""name"": ""יוסי מדמוני"", ""slug"": ""יוסי_מדמוני""}]","[{""name"": ""יוסי מדמוני"", ""slug"": null}]","[{""name"": ""מיכאל אלוני"", ""slug"": ""מיכאל_אלוני""}, {""name"": ""רותם זיסמן-כהן"", ""slug"": ""רותם_זיסמן-כהן""}, {""name"": ""אלון אבוטבול"", ""slug"": ""אלון_אבוטבול""}]",,2014,,3,C (>1990)
אחרי הים,,2014,"[{""name"": ""יוסי אבירם"", ""slug"": null}]","[{""name"": ""יוסי אבירם"", ""slug"": null}]",[],,2014,,0,C (>1990)
אנשים כתומים,אנשים_כתומים,2014,"[{""name"": ""חנה אזולאי-הספרי"", ""slug"": ""חנה_אזולאי-הספרי""}]","[{""name"": ""חנה אזולאי-הספרי"", ""slug"": null}]","[{""name"": ""חנה אזולאי-הספרי"", ""slug"": ""חנה_אזולאי-הספרי""}, {""name"": ""אסתי ירושלמי"", ""slug"": ""אסתי_ירושלמי""}, {""name"": ""מיטל גל סויסה"", ""slug"": ""מיטל_גל_סויסה""}, {""name"": ""ריטה שוקרון"", ""slug"": ""ריטה_שוקרון""}]",קומדיה,2014,,4,C (>1990)
אפס ביחסי אנוש,אפס_ביחסי_אנוש,2014,"[{""name"": ""טליה לביא"", ""slug"": ""טליה_לביא""}]","[{""name"": ""טליה לביא"", ""slug"": null}]","[{""name"": ""דאנה איבגי"", ""slug"": ""דאנה_איבגי""}, {""name"": ""נלי תגר"", ""slug"": ""נלי_תגר""}, {""name"": ""שני קליין"", ""slug"": ""שני_קליין""}, {""name"": ""יובל סגל"", ""slug"": ""יובל_סגל_(1971)""}]",קומדיה,2014,,4,C (>1990)
מבצע חמניה,מבצע_חמניה,2014,"[{""name"": ""אברהם קושניר"", ""slug"": ""אברהם_קושניר""}]","[{""name"": ""אברהם קושניר"", ""slug"": null}]","[{""name"": ""יהורם גאון"", ""slug"": ""יהורם_גאון""}, {""name"": ""צופית גרנט"", ""slug"": ""צופית_גרנט""}, {""name"": ""ברוך ברנר"", ""slug"": ""ברוך_ברנר""}, {""name"": ""דניאלה קרטס"", ""slug"": ""דניאלה_קרטס""}, {""name"": ""יוסי מרשק"", ""slug"": ""יוסי_מרשק""}, {""name"": ""עמנואל הלפרין"", ""slug"": ""עמנואל_הלפרין""}]",דרמה,2014,,6,C (>1990)
גאליס – המסע לאסטרה,גאליס_–_המסע_לאסטרה,2014,"[{""name"": ""עידו דרור"", ""slug"": ""עידו_דרור""}, {""name"": ""דוד דהן"", ""slug"": ""דוד_דהן""}]","[{""name"": ""יובל שפרמן"", ""slug"": ""יובל_שפרמן""}]","[{""name"": ""תובל שפיר"", ""slug"": ""תובל_שפיר""}, {""name"": ""אליאנה תדהר"", ""slug"": ""אליאנה_תדהר""}, {""name"": ""שירן סנדל"", ""slug"": ""שירן_סנדל""}, {""name"": ""נוה צור"", ""slug"": ""נוה_צור""}, {""name"": ""דניאל מורשת"", ""slug"": ""דניאל_מורשת""}]",הרפתקאות,2014,,5,C (>1990)
גט - המשפט של ויויאן אמסלם,גט_-_המשפט_של_ויויאן_אמסלם,2014,"[{""name"": ""רונית אלקבץ"", ""slug"": ""רונית_אלקבץ""}, {""name"": ""שלומי אלקבץ"", ""slug"": ""שלומי_אלקבץ""}]","[{""name"": ""שלומי אלקבץ"", ""slug"": null}, {""name"": ""רונית אלקבץ"", ""slug"": null}]","[{""name"": ""סימון אבקריאן"", ""slug"": ""סימון_אבקריאן""}, {""name"": ""אוולין הגואל"", ""slug"": ""אוולין_הגואל""}, {""name"": ""אלברט אילוז"", ""slug"": ""אלברט_אילוז""}, {""name"": ""מנשה נוי"", ""slug"": ""מנשה_נוי""}, {""name"": ""ששון גבאי"", ""slug"": ""ששון_גבאי""}, {""name"": ""רונית אלקבץ"", ""slug"": null}]",דרמה,2014,,6,C (>1990)
האם זה אתה?,האם_זה_אתה?,2014,"[{""name"": ""אשכול נבו"", ""slug"": ""אשכול_נבו""}, {""name"": ""דני מנקין"", ""slug"": ""דני_מנקין""}]","[{""name"": ""דני מנקין"", ""slug"": null}]","[{""name"": ""אלון אבוטבול"", ""slug"": ""אלון_אבוטבול""}, {""name"": ""רני בלייר"", ""slug"": ""רני_בלייר""}]",,2014,,2,C (>1990)
הרחק מהיעדרו,הרחק_מהיעדרו_(סרט),2014,"[{""name"": ""קרן ידעיה"", ""slug"": ""קרן_ידעיה""}]","[{""name"": ""קרן ידעיה"", ""slug"": null}]","[{""name"": ""צחי גראד"", ""slug"": ""צחי_גראד""}, {""name"": ""מעיין תורג'מן"", ""slug"": null}, {""name"": ""יעל אבקסיס"", ""slug"": ""יעל_אבקסיס""}]",,2014,,3,C (>1990)
זינוק בעלייה,זינוק_בעלייה,2014,"[{""name"": ""ריקי שולמן"", ""slug"": null}, {""name"": ""אורן שטרן"", ""slug"": null}]","[{""name"": ""אורן שטרן"", ""slug"": null}]","[{""name"": ""שלמה בראבא"", ""slug"": ""שלמה_בראבא""}, {""name"": ""איתי טיראן"", ""slug"": ""איתי_טיראן""}, {""name"": ""רומי אבולעפיה"", ""slug"": ""רומי_אבולעפיה""}, {""name"": ""מלי לוי גרשון"", ""slug"": ""מלי_לוי_גרשון""}, {""name"": ""רותם זיסמן כהן"", ""slug"": ""רותם_זיסמן_כהן""}, {""name"": ""עידית טפרסון"", ""slug"": ""עידית_טפרסון""}, {""name"": ""יוסף סוויד"", ""slug"": ""יוסף_סוויד""}, {""name"": ""יוסי מרשק"", ""slug"": ""יוסי_מרשק""}]",קומדיה רומנטית,2014,,8,C (>1990)
אילוף הגוררת,אילוף_הגוררת,2014,[],"[{""name"": ""ריקי שלח"", ""slug"": ""ריקי_שלח""}]","[{""name"": ""אילנית לוי"", ""slug"": ""אילנית_לוי""}, {""name"": ""אסתי זקהיים"", ""slug"": ""אסתי_זקהיים""}, {""name"": ""יאנה יוסף"", ""slug"": ""יאנה_יוסף""}, {""name"": ""אורית פוקס"", ""slug"": ""אורית_פוקס""}, {""name"": ""מיכל אמדורסקי"", ""slug"": ""מיכל_אמדורסקי""}, {""name"": ""פנינה רוזנבלום"", ""slug"": ""פנינה_רוזנבלום""}, {""name"": ""אמירה בוזגלו"", ""slug"": ""אמירה_בוזגלו""}, {""name"": ""הדר לוי"", ""slug"": ""הדר_לוי""}, {""name"": ""ריקי בליך"", ""slug"": ""ריקי_בליך""}, {""name"": ""אנה ארונוב"", ""slug"": ""אנה_ארונוב""}]",תיעודי,2014,,10,C (>1990)
חלונות,,2014,"[{""name"": ""יעקב איילי"", ""slug"": ""יעקב_איילי""}]","[{""name"": ""יעקב איילי"", ""slug"": null}]",[],,2014,,0,C (>1990)
יונה,יונה_(סרט),2014,"[{""name"": ""דיתה גרי"", ""slug"": ""דיתה_גרי""}, {""name"": ""ניר ברגמן"", ""slug"": ""ניר_ברגמן""}]","[{""name"": ""ניר ברגמן"", ""slug"": null}]","[{""name"": ""נעמי לבוב"", ""slug"": ""נעמי_לבוב""}, {""name"": ""מיכאל מושונוב"", ""slug"": ""מיכאל_מושונוב""}, {""name"": ""שלום מיכאלשווילי"", ""slug"": ""שלום_מיכאלשווילי""}]",דרמה,2014,,3,C (>1990)
מיתה טובה,מיתה_טובה_(סרט),2014,"[{""name"": ""שרון מימון"", ""slug"": ""שרון_מימון""}, {""name"": ""טל גרניט"", ""slug"": ""טל_גרניט""}]","[{""name"": ""שרון מימון"", ""slug"": null}, {""name"": ""טל גרניט"", ""slug"": null}]","[{""name"": ""זאב רווח"", ""slug"": ""זאב_רווח""}, {""name"": ""עליזה רוזן"", ""slug"": ""עליזה_רוזן""}, {""name"": ""לבנה פינקלשטיין"", ""slug"": ""לבנה_פינקלשטיין""}, {""name"": ""אילן דר"", ""slug"": ""אילן_דר""}, {""name"": ""רפי תבור"", ""slug"": ""רפי_תבור""}]",קומדיה,2014,,5,C (>1990)
מנפאואר,מנפאואר_(סרט),2014,"[{""name"": ""נועם קפלן"", ""slug"": null}]","[{""name"": ""נועם קפלן"", ""slug"": null}]","[{""name"": ""יוסי מרשק"", ""slug"": ""יוסי_מרשק""}, {""name"": ""שמואל קלדרון"", ""slug"": ""שמואל_קלדרון""}, {""name"": ""נטע שפיגלמן"", ""slug"": ""נטע_שפיגלמן""}, {""name"": ""הילה סעדה"", ""slug"": ""הילה_סעדה""}]",דרמה,2014,,4,C (>1990)
ערבים רוקדים,ערבים_רוקדים,2014,"[{""name"": ""סייד קשוע"", ""slug"": ""סייד_קשוע""}]","[{""name"": ""ערן ריקליס"", ""slug"": ""ערן_ריקליס""}]","[{""name"": ""מיכאל מושונוב"", ""slug"": ""מיכאל_מושונוב""}, {""name"": ""תאופיק ברהום"", ""slug"": ""תאופיק_ברהום""}, {""name"": ""יעל אבקסיס"", ""slug"": ""יעל_אבקסיס""}, {""name"": ""דניאל קיציס"", ""slug"": null}]",דרמת נעורים,2014,,4,C (>1990)
שושנה חלוץ מרכזי,שושנה_חלוץ_מרכזי,2014,"[{""name"": ""עודד רוזן"", ""slug"": ""עודד_רוזן""}]","[{""name"": ""שי כנות"", ""slug"": ""שי_כנות""}]","[{""name"": ""אושרי כהן"", ""slug"": ""אושרי_כהן""}, {""name"": ""גל גדות"", ""slug"": ""גל_גדות""}, {""name"": ""אלי פיניש"", ""slug"": ""אלי_פיניש""}, {""name"": ""מריאנו אידלמן"", ""slug"": ""מריאנו_אידלמן""}, {""name"": ""יוסי מרשק"", ""slug"": ""יוסי_מרשק""}]",קומדיה,2014,,5,C (>1990)
רדיקל,,2014,"[{""name"": ""אנה שניידמן"", ""slug"": null}, {""name"": ""אסף שליטא"", ""slug"": ""אסף_שליטא""}, {""name"": ""מעיין רוגל"", ""slug"": null}]","[{""name"": ""עומר רייס"", ""slug"": null}]","[{""name"": ""נופר אוחיון"", ""slug"": null}, {""name"": ""רפי רותם"", ""slug"": ""רפי_רותם""}, {""name"": ""מורן לולו"", ""slug"": null}, {""name"": ""דור בן אלישע"", ""slug"": null}]",,2014,,4,C (>1990)
טירוף כפול שלוש,,2014,"[{""name"": ""דניאל ג'יידלין"", ""slug"": ""דניאל_ג'יידלין""}]","[{""name"": ""דניאל ג'יידלין"", ""slug"": null}]",[],,2014,,0,C (>1990)
רשימות קצמן,,2014,"[{""name"": ""אמנון וינר"", ""slug"": null}]","[{""name"": ""אמנון וינר"", ""slug"": null}]",[],,2014,,0,C (>1990)
"שגר אותי לחלל, סשה","שגר_אותי_לחלל,_סשה",2014,"[{""name"": ""גנית אורין"", ""slug"": ""גנית_אורין""}]","[{""name"": ""גנית אורין"", ""slug"": null}]","[{""name"": ""עמירם עיני"", ""slug"": null}, {""name"": ""רומן גרשקוביץ'"", ""slug"": null}, {""name"": ""אנה ווליקובסקי"", ""slug"": null}, {""name"": ""מיכאל לרנר"", ""slug"": null}]","קומדיה, אנימציה",2014,,4,C (>1990)
טוביאנסקי,טוביאנסקי_(סרט),2015,"[{""name"": ""מיכאל בר-זוהר"", ""slug"": ""מיכאל_בר-זוהר""}]","[{""name"": ""ריקי שלח"", ""slug"": ""ריקי_שלח""}]","[{""name"": ""עוז זהבי"", ""slug"": ""עוז_זהבי""}, {""name"": ""מיכה סלקטר"", ""slug"": ""מיכה_סלקטר""}, {""name"": ""אורי פפר"", ""slug"": ""אורי_פפר""}, {""name"": ""פולי רשף"", ""slug"": ""פולי_רשף""}, {""name"": ""שירה קצנלנבוגן"", ""slug"": ""שירה_קצנלנבוגן""}]",,2015,,5,C (>1990)
בורג,בורג_(סרט),2015,"[{""name"": ""שירה גפן"", ""slug"": ""שירה_גפן""}]","[{""name"": ""שירה גפן"", ""slug"": null}]","[{""name"": ""שרה אדלר"", ""slug"": ""שרה_אדלר""}, {""name"": ""סמירה סארייה"", ""slug"": null}, {""name"": ""יעל הדר"", ""slug"": ""יעל_הדר""}, {""name"": ""הנרי דוד"", ""slug"": ""הנרי_דוד""}]",,2015,,4,C (>1990)
הגננת,"הגננת_(סרט,_2014)",2015,"[{""name"": ""נדב לפיד"", ""slug"": ""נדב_לפיד""}]","[{""name"": ""נדב לפיד"", ""slug"": null}]","[{""name"": ""שרית לארי"", ""slug"": ""שרית_לארי""}, {""name"": ""אבי שניידמן"", ""slug"": null}, {""name"": ""יחזקאל לזרוב"", ""slug"": ""יחזקאל_לזרוב""}, {""name"": ""דן תורן"", ""slug"": ""דן_תורן""}, {""name"": ""אסתר רדא"", ""slug"": ""אסתר_רדא""}]",,2015,,5,C (>1990)
את לי לילה,את_לי_לילה_(סרט),2015,"[{""name"": ""לירון בן-שלוש"", ""slug"": ""לירון_בן-שלוש""}]","[{""name"": ""אסף קורמן"", ""slug"": ""אסף_קורמן""}]","[{""name"": ""לירון בן-שלוש"", ""slug"": ""לירון_בן-שלוש""}, {""name"": ""דאנה איבגי"", ""slug"": ""דאנה_איבגי""}, {""name"": ""יעקב זדה-דניאל"", ""slug"": ""יעקב_זדה-דניאל""}]",,2015,,3,C (>1990)
10% ילדה שלי,10%_ילדה_שלי,2015,"[{""name"": ""אורי בר-און"", ""slug"": ""אורי_בר-און_(במאי)""}]","[{""name"": ""אורי בר-און"", ""slug"": ""אורי_בר-און_(במאי)""}]","[{""name"": ""אודי פרסי"", ""slug"": ""אודי_פרסי""}, {""name"": ""ורד פלדמן"", ""slug"": ""ורד_פלדמן""}, {""name"": ""יהלי פרידמן"", ""slug"": null}]",דרמה,2015,,3,C (>1990)
פנסיון פראכט,פנסיון_פראכט,2015,"[{""name"": ""תמר ירום"", ""slug"": null}]","[{""name"": ""תמר ירום"", ""slug"": null}]","[{""name"": ""מיכאלה עשת"", ""slug"": ""מיכאלה_עשת""}, {""name"": ""צחי גראד"", ""slug"": ""צחי_גראד""}, {""name"": ""ולדימיר פרידמן"", ""slug"": ""ולדימיר_פרידמן""}, {""name"": ""משה פרסטר"", ""slug"": ""משה_פרסטר""}, {""name"": ""סיגלית פוקס"", ""slug"": ""סיגלית_פוקס""}, {""name"": ""יעל טוקר"", ""slug"": ""יעל_טוקר""}]",,2015,,6,C (>1990)
פרחים של מרציפן,פרחים_של_מרציפן,2015,"[{""name"": ""אדם קלדרון"", ""slug"": ""אדם_קלדרון""}]","[{""name"": ""אדם קלדרון"", ""slug"": null}]","[{""name"": ""נולי עומר"", ""slug"": ""נולי_עומר""}, {""name"": ""טל קלאי"", ""slug"": ""טל_קלאי""}, {""name"": ""אפרת אביב"", ""slug"": ""אפרת_אביב""}, {""name"": ""דני גבע"", ""slug"": ""דני_גבע""}, {""name"": ""שרון פרידמן"", ""slug"": null}]",,2015,,5,C (>1990)
פרינסס,פרינסס,2015,"[{""name"": ""טלי שלום עזר"", ""slug"": ""טלי_שלום_עזר""}]","[{""name"": ""טלי שלום עזר"", ""slug"": null}]","[{""name"": ""אורי פפר"", ""slug"": ""אורי_פפר""}, {""name"": ""קרן מור"", ""slug"": ""קרן_מור""}, {""name"": ""שירה האס"", ""slug"": ""שירה_האס""}]",פנטזיה,2015,,3,C (>1990)
צילי,צילי,2015,"[{""name"": ""עמוס גיתאי"", ""slug"": ""עמוס_גיתאי""}, {""name"": ""מארי ז'וזה סנסלם"", ""slug"": null}]","[{""name"": ""עמוס גיתאי"", ""slug"": null}]","[{""name"": ""שרה אדלר"", ""slug"": ""שרה_אדלר""}, {""name"": ""משי אולינסקי"", ""slug"": null}, {""name"": ""ליא קניג"", ""slug"": ""ליא_קניג""}, {""name"": ""אדם צקמן"", ""slug"": null}]",דרמת מלחמה,2015,,4,C (>1990)
תיקון,תיקון_(סרט),2015,"[{""name"": ""אבישי סיון"", ""slug"": ""אבישי_סיון""}]","[{""name"": ""אבישי סיון"", ""slug"": null}]","[{""name"": ""אהרן טרייטל"", ""slug"": ""אהרן_טרייטל""}, {""name"": ""ח'ליפה נאטור"", ""slug"": ""ח'ליפה_נאטור""}, {""name"": ""ריקי בליך"", ""slug"": ""ריקי_בליך""}, {""name"": ""גור שטיינברג"", ""slug"": null}, {""name"": ""שני בן חיים"", ""slug"": null}]",דרמה,2015,,5,C (>1990)
מסווג חריג,מסווג_חריג,2015,"[{""name"": ""ליאור לדרמן"", ""slug"": null}]","[{""name"": ""בועז ארמוני"", ""slug"": ""בועז_ארמוני""}]","[{""name"": ""איתי זבולון"", ""slug"": ""איתי_זבולון_(שחקן)""}, {""name"": ""אסף בן שמעון"", ""slug"": ""אסף_בן_שמעון""}]",קומדיית אימה,2015,,2,C (>1990)
שקופים,שקופים_(סרט),2015,"[{""name"": ""מושון סלמונה"", ""slug"": null}]","[{""name"": ""מושון סלמונה"", ""slug"": null}]","[{""name"": ""בת חן סבג"", ""slug"": ""בת_חן_סבג""}, {""name"": ""מחמוד שלבי"", ""slug"": null}, {""name"": ""מאיסה עבד אלהאדי"", ""slug"": ""מאיסה_עבד_אלהאדי""}, {""name"": ""ח'ליפה נאטור"", ""slug"": ""ח'ליפה_נאטור""}]",דרמה,2015,,4,C (>1990)
עלים אדומים,עלים_אדומים,2015,"[{""name"": ""בזיו גטה"", ""slug"": null}]","[{""name"": ""בזיו גטה"", ""slug"": null}]","[{""name"": ""רותי אסרסאי"", ""slug"": ""רותי_אסרסאי""}, {""name"": ""דבבה אשטו"", ""slug"": null}, {""name"": ""מאיר דסה"", ""slug"": null}]",דרמה,2015,,3,C (>1990)
איביזה,איביזה_(סרט),2015,"[{""name"": ""חיים ברבי"", ""slug"": null}]","[{""name"": ""שי כנות"", ""slug"": ""שי_כנות""}]","[{""name"": ""מאור שוויצר"", ""slug"": ""מאור_שוויצר""}, {""name"": ""מעיין בלום"", ""slug"": ""מעיין_בלום""}, {""name"": ""דביר בנדק"", ""slug"": ""דביר_בנדק""}, {""name"": ""עופר חיון"", ""slug"": ""עופר_חיון""}]",קומדיה,2015,,4,C (>1990)
תפוחים מן המדבר,תפוחים_מן_המדבר,2015,"[{""name"": ""אריק לובצקי"", ""slug"": ""אריק_לובצקי""}, {""name"": ""מתי הררי"", ""slug"": ""מתי_הררי""}, {""name"": ""סביון ליברכט"", ""slug"": ""סביון_ליברכט""}]","[{""name"": ""אריק לובצקי"", ""slug"": null}, {""name"": ""מתי הררי"", ""slug"": null}]","[{""name"": ""מורן רוזנבלט"", ""slug"": ""מורן_רוזנבלט""}, {""name"": ""אלישע בנאי"", ""slug"": ""אלישע_בנאי""}, {""name"": ""שלומי קוריאט"", ""slug"": ""שלומי_קוריאט""}, {""name"": ""ריימונד אמסלם"", ""slug"": ""ריימונד_אמסלם""}]",דרמה,2015,,4,C (>1990)
דץ הבלץ,דץ_הבלץ,2015,"[{""name"": ""אבי בלקין"", ""slug"": ""אבי_בלקין_(תסריטאי)""}, {""name"": ""אסף בייזר"", ""slug"": ""אסף_בייזר""}]","[{""name"": ""עופר ויצמן"", ""slug"": ""עופר_ויצמן""}]","[{""name"": ""משה דץ"", ""slug"": ""משה_דץ""}, {""name"": ""אביה ברוש"", ""slug"": null}, {""name"": ""אור יעקב"", ""slug"": null}, {""name"": ""מיכל ינאי"", ""slug"": ""מיכל_ינאי""}, {""name"": ""יובל שם-טוב"", ""slug"": ""יובל_שם-טוב""}, {""name"": ""חני נחמיאס"", ""slug"": ""חני_נחמיאס""}, {""name"": ""אורי הוכמן"", ""slug"": ""אורי_הוכמן""}]","ילדים, קומדיה",2015,,7,C (>1990)
גויאבות,גויאבות,2015,"[{""name"": ""קובי מחט"", ""slug"": ""קובי_מחט""}, {""name"": ""אלון גור אריה"", ""slug"": ""אלון_גור_אריה""}]","[{""name"": ""קובי מחט"", ""slug"": ""קובי_מחט""}]","[{""name"": ""חנה לסלאו"", ""slug"": ""חנה_לסלאו""}, {""name"": ""יהורם גאון"", ""slug"": ""יהורם_גאון""}, {""name"": ""נאיה פדרמן"", ""slug"": ""נאיה_פדרמן""}, {""name"": ""יובל שם-טוב"", ""slug"": ""יובל_שם-טוב""}, {""name"": ""חיים אוסדון"", ""slug"": ""חיים_אוסדון""}, {""name"": ""מאיר סוויסה"", ""slug"": ""מאיר_סוויסה""}]","ילדים, קומדיה",2015,,6,C (>1990)
סבנה,סבנה_(סרט),2015,"[{""name"": ""משה זונדר"", ""slug"": ""משה_זונדר""}]","[{""name"": ""רני סער"", ""slug"": ""רני_סער""}, {""name"": ""דני סירקין"", ""slug"": ""דני_סירקין""}]","[{""name"": ""בובי לקס"", ""slug"": ""בובי_לקס""}, {""name"": ""ג'ורג' אסכנדר"", ""slug"": null}, {""name"": ""ארז שפריר"", ""slug"": ""ארז_שפריר""}, {""name"": ""אורי יניב"", ""slug"": ""אורי_יניב""}, {""name"": ""אייל רוזלס"", ""slug"": ""אייל_רוזלס""}, {""name"": ""אייל סלמה"", ""slug"": null}]","דרמה, פעולה",2015,,6,C (>1990)
סרט עם קתרין דנב,סרט_עם_קתרין_דנב,2015,"[{""name"": ""עמרי יבין"", ""slug"": null}]","[{""name"": ""עמרי יבין"", ""slug"": null}]","[{""name"": ""דני שגב"", ""slug"": ""דני_שגב""}, {""name"": ""רפי קלמר"", ""slug"": null}, {""name"": ""אסיה נייפלד"", ""slug"": ""אסיה_נייפלד""}]","קומדיה, פנטזיה",2015,,3,C (>1990)
המילים הטובות,המילים_הטובות,2015,"[{""name"": ""שמי זרחין"", ""slug"": ""שמי_זרחין""}]","[{""name"": ""שמי זרחין"", ""slug"": null}]","[{""name"": ""רותם זיסמן-כהן"", ""slug"": ""רותם_זיסמן-כהן""}, {""name"": ""רועי אסף"", ""slug"": ""רועי_אסף""}, {""name"": ""אסף בן שמעון"", ""slug"": ""אסף_בן_שמעון""}, {""name"": ""ששון גבאי"", ""slug"": ""ששון_גבאי""}, {""name"": ""לבנה פינקלשטיין"", ""slug"": ""לבנה_פינקלשטיין""}, {""name"": ""פלורנס בלוך"", ""slug"": ""פלורנס_בלוך""}]",דרמה,2015,,6,C (>1990)
"אני לא מאמין, אני רובוט?!","אני_לא_מאמין,_אני_רובוט?!",2015,"[{""name"": ""טל גולדברג"", ""slug"": ""טל_גולדברג""}, {""name"": ""גל זלזניאק"", ""slug"": null}]","[{""name"": ""טל גולדברג"", ""slug"": null}]","[{""name"": ""יותם ישי"", ""slug"": ""יותם_ישי""}, {""name"": ""הילי ילון"", ""slug"": ""הילי_ילון""}, {""name"": ""צחי גראד"", ""slug"": ""צחי_גראד""}, {""name"": ""דרור קרן"", ""slug"": ""דרור_קרן""}, {""name"": ""אינה בקלמן"", ""slug"": ""אינה_בקלמן""}]","קומדיה, מדע בדיוני",2015,,5,C (>1990)
חתונה מנייר,חתונה_מנייר,2015,"[{""name"": ""ניצן גלעדי"", ""slug"": ""ניצן_גלעדי""}]","[{""name"": ""ניצן גלעדי"", ""slug"": ""ניצן_גלעדי""}]","[{""name"": ""מורן רוזנבלט"", ""slug"": ""מורן_רוזנבלט""}, {""name"": ""אסי לוי"", ""slug"": ""אסי_לוי""}, {""name"": ""רועי אסף"", ""slug"": ""רועי_אסף""}]",דרמה,2015,,3,C (>1990)
פלאפל אטומי,פלאפל_אטומי,2015,"[{""name"": ""דרור שאול"", ""slug"": ""דרור_שאול""}]","[{""name"": ""דרור שאול"", ""slug"": null}]","[{""name"": ""שי אביבי"", ""slug"": ""שי_אביבי""}, {""name"": ""יוסי מרשק"", ""slug"": ""יוסי_מרשק""}, {""name"": ""מלי לוי"", ""slug"": ""מלי_לוי""}, {""name"": ""מיכל טרבס"", ""slug"": null}, {""name"": ""אלכסנדר פילינג"", ""slug"": null}]",קומדיה,2015,,5,C (>1990)
באבא ג'ון,באבא_ג'ון,2015,"[{""name"": ""יובל דלשד"", ""slug"": ""יובל_דלשד""}]","[{""name"": ""יובל דלשד"", ""slug"": ""יובל_דלשד""}]","[{""name"": ""אשר אברהמי"", ""slug"": null}, {""name"": ""נוויד נגהבאן"", ""slug"": ""נוויד_נגהבאן""}]",דרמה,2015,,2,C (>1990)
הקפות,"הקפות_(סרט,_2015)",2015,"[{""name"": ""לי גילת"", ""slug"": ""לי_גילת""}]","[{""name"": ""לי גילת"", ""slug"": ""לי_גילת""}]","[{""name"": ""ליאור אשכנזי"", ""slug"": ""ליאור_אשכנזי""}, {""name"": ""אסי לוי"", ""slug"": ""אסי_לוי""}, {""name"": ""אגם אוזלבו"", ""slug"": ""אגם_אוזלבו""}, {""name"": ""יעקב כהן"", ""slug"": ""יעקב_כהן_(שחקן)""}, {""name"": ""אורי גבריאל"", ""slug"": ""אורי_גבריאל""}, {""name"": ""פלורנס בלוך"", ""slug"": ""פלורנס_בלוך""}, {""name"": ""אריה צ'רנר"", ""slug"": ""אריה_צ'רנר""}]",דרמה,2015,,7,C (>1990)
סוף עידן התמימות,סוף_עידן_התמימות,2015,"[{""name"": ""וידי בילו"", ""slug"": null}]","[{""name"": ""וידי בילו"", ""slug"": null}]","[{""name"": ""יחזקאל לזרוב"", ""slug"": ""יחזקאל_לזרוב""}, {""name"": ""ריימונד אמסלם"", ""slug"": ""ריימונד_אמסלם""}, {""name"": ""יעל בן דור"", ""slug"": null}, {""name"": ""חנה לסלאו"", ""slug"": ""חנה_לסלאו""}, {""name"": ""אנה דוברוביצקי"", ""slug"": ""אנה_דוברוביצקי""}]",דרמה תקופתית,2015,,5,C (>1990)
סיפור על אהבה וחושך,סיפור_על_אהבה_וחושך_(סרט),2015,"[{""name"": ""נטלי פורטמן"", ""slug"": ""נטלי_פורטמן""}, {""name"": ""עמוס עוז"", ""slug"": ""עמוס_עוז""}, {""name"": ""(על פי ספרו של"", ""slug"": null}, {""name"": "")"", ""slug"": null}]","[{""name"": ""נטלי פורטמן"", ""slug"": ""נטלי_פורטמן""}]","[{""name"": ""נטלי פורטמן"", ""slug"": ""נטלי_פורטמן""}, {""name"": ""גלעד כהנא"", ""slug"": ""גלעד_כהנא""}, {""name"": ""מכרם ח'ורי"", ""slug"": ""מכרם_ח'ורי""}, {""name"": ""אמיר טסלר"", ""slug"": ""אמיר_טסלר""}]",דרמה ביוגרפית,2015,,4,C (>1990)
מה כבר יכול לקרות?!,מה_כבר_יכול_לקרות?!,2015,"[{""name"": ""אופיר לובל"", ""slug"": ""אופיר_לובל""}, {""name"": ""דובדבני וקובץ'"", ""slug"": ""דובדבני_וקובץ'_(צמד_קומי)""}, {""name"": ""שראל פיטרמן"", ""slug"": ""שראל_פיטרמן""}]","[{""name"": ""אופיר לובל"", ""slug"": ""אופיר_לובל""}]","[{""name"": ""אילן קובץ'"", ""slug"": ""אילן_קובץ'""}, {""name"": ""ליאור דובדבני"", ""slug"": ""ליאור_דובדבני""}, {""name"": ""עופר שכטר"", ""slug"": ""עופר_שכטר""}, {""name"": ""גורי אלפי"", ""slug"": ""גורי_אלפי""}, {""name"": ""רמי הויברגר"", ""slug"": ""רמי_הויברגר""}]",קומדיה,2015,,5,C (>1990)
"רבין, היום האחרון","רבין,_היום_האחרון",2015,"[{""name"": ""עמוס גיתאי"", ""slug"": ""עמוס_גיתאי""}]","[{""name"": ""עמוס גיתאי"", ""slug"": null}]","[{""name"": ""מרדכי שפיגלר"", ""slug"": ""מרדכי_שפיגלר""}, {""name"": ""יוגב יפת"", ""slug"": ""יוגב_יפת""}, {""name"": ""אלדד פריבס"", ""slug"": ""אלדד_פריבס""}, {""name"": ""אורי גוטליב"", ""slug"": ""אורי_גוטליב""}, {""name"": ""עינת ויצמן"", ""slug"": ""עינת_ויצמן""}, {""name"": ""דליה שימקו"", ""slug"": ""דליה_שימקו""}, {""name"": ""גדליה בסר"", ""slug"": ""גדליה_בסר""}, {""name"": ""לירון לבו"", ""slug"": ""לירון_לבו""}, {""name"": ""נתן זהבי"", ""slug"": ""נתן_זהבי""}, {""name"": ""רותם קינן"", ""slug"": ""רותם_קינן""}, {""name"": ""יצחק חזקיה"", ""slug"": ""יצחק_חזקיה""}]",דרמה פוליטית,2015,,11,C (>1990)
היורד למעלה,היורד_למעלה,2015,"[{""name"": ""אלעד קידן"", ""slug"": ""אלעד_קידן""}]","[{""name"": ""אלעד קידן"", ""slug"": ""אלעד_קידן""}]","[{""name"": ""איתי טיראן"", ""slug"": ""איתי_טיראן""}, {""name"": ""אורי קלאוזנר"", ""slug"": ""אורי_קלאוזנר""}, {""name"": ""מיכאלה עשת"", ""slug"": ""מיכאלה_עשת""}, {""name"": ""אוהד שחר"", ""slug"": ""אוהד_שחר""}, {""name"": ""שרון טל"", ""slug"": ""שרון_טל""}]",דרמה,2015,,5,C (>1990)
אבוללה,אבוללה,2015,"[{""name"": ""יוני גבע"", ""slug"": ""יוני_גבע""}]","[{""name"": ""יוני גבע"", ""slug"": ""יוני_גבע""}]","[{""name"": ""יואב סעדיאן רוזנברג"", ""slug"": null}, {""name"": ""עידן ברקאי"", ""slug"": ""עידן_ברקאי""}, {""name"": ""בר מיניאלי"", ""slug"": ""בר_מיניאלי""}, {""name"": ""נתי קלוגר"", ""slug"": ""נתי_קלוגר""}, {""name"": ""מיכה סלקטר"", ""slug"": ""מיכה_סלקטר""}]","ילדים, פנטזיה",2015,,5,C (>1990)
עיר מקלט,"עיר_מקלט_(סרט,_2013)",2016,"[{""name"": ""עמיקם קובנר"", ""slug"": null}]","[{""name"": ""עמיקם קובנר"", ""slug"": null}]","[{""name"": ""אושרי כהן"", ""slug"": ""אושרי_כהן""}, {""name"": ""רותם זיסמן-כהן"", ""slug"": ""רותם_זיסמן-כהן""}, {""name"": ""לנה אטינגר"", ""slug"": ""לנה_אטינגר""}, {""name"": ""נבו קמחי"", ""slug"": ""נבו_קמחי""}]",דרמה,2016,,4,C (>1990)
קמטי צחוק,קמטי_צחוק,2016,"[{""name"": ""פיני עדן"", ""slug"": ""פיני_עדן""}]","[{""name"": ""פיני עדן"", ""slug"": ""פיני_עדן""}]","[{""name"": ""דניאל עדן"", ""slug"": null}, {""name"": ""ליא קניג"", ""slug"": ""ליא_קניג""}, {""name"": ""יוסף כרמון"", ""slug"": ""יוסף_כרמון""}]",דרמה,2016,,3,C (>1990)
ארץ פצועה,ארץ_פצועה,2016,"[{""name"": ""ארז תדמור"", ""slug"": ""ארז_תדמור_(במאי_קולנוע)""}]","[{""name"": ""ארז תדמור"", ""slug"": ""ארז_תדמור_(במאי_קולנוע)""}]","[{""name"": ""רועי אסף"", ""slug"": ""רועי_אסף""}, {""name"": ""דביר בנדק"", ""slug"": ""דביר_בנדק""}, {""name"": ""קרן ברגר"", ""slug"": ""קרן_ברגר""}]",דרמה,2016,,3,C (>1990)
עמק,עמק_(סרט),2016,"[{""name"": ""סופי ארטוס"", ""slug"": ""סופי_ארטוס""}]","[{""name"": ""סופי ארטוס"", ""slug"": ""סופי_ארטוס""}]","[{""name"": ""נווה צור"", ""slug"": ""נווה_צור""}, {""name"": ""רועי ניק"", ""slug"": ""רועי_ניק""}, {""name"": ""מאור שוויצר"", ""slug"": ""מאור_שוויצר""}, {""name"": ""ג'וי ריגר"", ""slug"": ""ג'וי_ריגר""}]",דרמת נעורים,2016,,4,C (>1990)
גאליס - קונקט,גאליס_-_קונקט,2016,"[{""name"": ""שירלי מושיוף"", ""slug"": ""שירלי_מושיוף""}]","[{""name"": ""אסף קורמן"", ""slug"": ""אסף_קורמן""}]","[{""name"": ""תובל שפיר"", ""slug"": ""תובל_שפיר""}, {""name"": ""אליאנה תדהר"", ""slug"": ""אליאנה_תדהר""}, {""name"": ""עפר שכטר"", ""slug"": ""עפר_שכטר""}, {""name"": ""רותם סלע"", ""slug"": ""רותם_סלע""}, {""name"": ""דניאל גד"", ""slug"": ""דניאל_גד""}, {""name"": ""דניאל מורשת"", ""slug"": ""דניאל_מורשת""}]","נוער, פנטזיה",2016,,6,C (>1990)
כיפה אדומה,כיפה_אדומה_(סרט),2016,"[{""name"": ""ערן ב.י"", ""slug"": ""ערן_ב.י""}]","[{""name"": ""ארנון צדוק"", ""slug"": ""ארנון_צדוק""}]","[{""name"": ""אביב אלוש"", ""slug"": ""אביב_אלוש""}, {""name"": ""דניאל גל"", ""slug"": ""דניאל_גל""}, {""name"": ""יבגני אורלוב"", ""slug"": null}, {""name"": ""אולג לוין"", ""slug"": ""אולג_לוין""}, {""name"": ""משה אשכנזי"", ""slug"": ""משה_אשכנזי_(שחקן)""}]",פשע,2016,,5,C (>1990)
קאפו בירושלים,קאפו_בירושלים,2016,"[{""name"": ""מוטי לרנר"", ""slug"": ""מוטי_לרנר""}]","[{""name"": ""אורי ברבש"", ""slug"": ""אורי_ברבש""}]","[{""name"": ""גיל פרנק"", ""slug"": ""גיל_פרנק""}, {""name"": ""מיה דגן"", ""slug"": ""מיה_דגן""}, {""name"": ""נתן רביץ"", ""slug"": ""נתן_רביץ""}, {""name"": ""דרור קרן"", ""slug"": ""דרור_קרן""}]",תקופתי,2016,,4,C (>1990)
לעבור את הקיר,לעבור_את_הקיר,2016,"[{""name"": ""רמה בורשטין"", ""slug"": ""רמה_בורשטין""}]","[{""name"": ""רמה בורשטין"", ""slug"": null}]","[{""name"": ""נועה קולר"", ""slug"": ""נועה_קולר""}, {""name"": ""עמוס תמם"", ""slug"": ""עמוס_תמם""}, {""name"": ""עוז זהבי"", ""slug"": ""עוז_זהבי""}, {""name"": ""עירית שלג"", ""slug"": ""עירית_שלג""}]",דרמה,2016,,4,C (>1990)
ברש,ברש_(סרט),2016,"[{""name"": ""מיכל ויניק"", ""slug"": ""מיכל_ויניק""}]","[{""name"": ""מיכל ויניק"", ""slug"": ""מיכל_ויניק""}]","[{""name"": ""סיון נועם שמעון"", ""slug"": ""סיון_נועם_שמעון""}, {""name"": ""הדס ג'ייד סאקורי"", ""slug"": null}, {""name"": ""דביר בנדק"", ""slug"": ""דביר_בנדק""}]",דרמת נעורים,2016,,3,C (>1990)
סופת חול,סופת_חול_(סרט),2016,"[{""name"": ""עילית זקצר"", ""slug"": ""עילית_זקצר""}]","[{""name"": ""עילית זקצר"", ""slug"": null}]","[{""name"": ""למיס עמאר"", ""slug"": ""למיס_עמאר""}, {""name"": ""רובא בלאל-עספור"", ""slug"": ""רובא_בלאל-עספור""}, {""name"": ""הייתאם עומארי"", ""slug"": null}, {""name"": ""חדיג'ה אל עאכד"", ""slug"": null}, {""name"": ""ג'לאל מסרוה"", ""slug"": null}]",דרמה,2016,,5,C (>1990)
ילד טוב ירושלים,ילד_טוב_ירושלים,2016,"[{""name"": ""רן אפלברג"", ""slug"": ""רן_אפלברג""}]","[{""name"": ""רועי פלורנטין"", ""slug"": null}]","[{""name"": ""עמוס תמם"", ""slug"": ""עמוס_תמם""}, {""name"": ""מלי לוי"", ""slug"": ""מלי_לוי""}, {""name"": ""מיטל גל סויסה"", ""slug"": ""מיטל_גל_סויסה""}, {""name"": ""אוולין הגואל"", ""slug"": ""אוולין_הגואל""}]",קומדיה רומנטית,2016,,4,C (>1990)
האוצר מעבר לנהר,האוצר_מעבר_לנהר,2016,"[{""name"": ""קובי מחט"", ""slug"": ""קובי_מחט""}, {""name"": ""אלון גור אריה"", ""slug"": ""אלון_גור_אריה""}]","[{""name"": ""קובי מחט"", ""slug"": ""קובי_מחט""}]","[{""name"": ""נאיה פדרמן"", ""slug"": ""נאיה_פדרמן""}, {""name"": ""שון גיטלמן"", ""slug"": null}, {""name"": ""רבקה מיכאלי"", ""slug"": ""רבקה_מיכאלי""}, {""name"": ""יובל שם-טוב"", ""slug"": ""יובל_שם-טוב""}, {""name"": ""יובל גל"", ""slug"": null}, {""name"": ""אודי ואביעד"", ""slug"": ""אודי_ואביעד""}, {""name"": ""שמוליק לוי"", ""slug"": ""שמוליק_לוי""}]",הרפתקאות,2016,,7,C (>1990)
ציפורי חול,ציפורי_חול,2016,"[{""name"": ""אמיר וולף"", ""slug"": ""אמיר_וולף""}, {""name"": ""יצחק וולף"", ""slug"": null}]","[{""name"": ""אמיר וולף"", ""slug"": ""אמיר_וולף""}]","[{""name"": ""גילה אלמגור"", ""slug"": ""גילה_אלמגור""}, {""name"": ""דבורה קידר"", ""slug"": ""דבורה_קידר""}, {""name"": ""עודד תאומי"", ""slug"": ""עודד_תאומי""}, {""name"": ""מרים זוהר"", ""slug"": ""מרים_זוהר""}]",קומדיה,2016,,4,C (>1990)
חרדת הבמאי,,2016,"[{""name"": ""דן וולמן"", ""slug"": ""דן_וולמן""}]","[{""name"": ""דן וולמן"", ""slug"": null}]","[{""name"": ""ליאור סורוקה"", ""slug"": null}, {""name"": ""תמר אלקן"", ""slug"": ""תמר_אלקן""}]",דרמה,2016,,2,C (>1990)
המועדון לספרות יפה של גברת ינקלובה,המועדון_לספרות_יפה_של_גברת_ינקלובה,2016,"[{""name"": ""גלעד אמיליו שנקר"", ""slug"": ""גלעד_אמיליו_שנקר""}, {""name"": ""יוסי מאירי"", ""slug"": ""יוסי_מאירי""}]","[{""name"": ""גלעד אמיליו שנקר"", ""slug"": ""גלעד_אמיליו_שנקר""}]","[{""name"": ""קרן מור"", ""slug"": ""קרן_מור""}, {""name"": ""אניה בוקשטיין"", ""slug"": ""אניה_בוקשטיין""}, {""name"": ""יפתח קליין"", ""slug"": ""יפתח_קליין""}, {""name"": ""ליא קניג"", ""slug"": ""ליא_קניג""}]",פנטזיה,2016,,4,C (>1990)
הכל שבור ורוקד,הכל_שבור_ורוקד,2016,"[{""name"": ""נוני גפן"", ""slug"": ""נוני_גפן""}, {""name"": ""אסי דיין"", ""slug"": ""אסי_דיין""}]","[{""name"": ""נוני גפן"", ""slug"": ""נוני_גפן""}]","[{""name"": ""דודו טסה"", ""slug"": ""דודו_טסה""}, {""name"": ""נוני גפן"", ""slug"": ""נוני_גפן""}, {""name"": ""גאיה טראוב"", ""slug"": ""גאיה_טראוב""}, {""name"": ""דביר בנדק"", ""slug"": ""דביר_בנדק""}, {""name"": ""קובי פרג'"", ""slug"": ""קובי_פרג'""}, {""name"": ""גילת אנקורי"", ""slug"": ""גילת_אנקורי""}, {""name"": ""אלה ארמוני"", ""slug"": ""אלה_ארמוני""}]",דרמה,2016,,7,C (>1990)
הלהקה האחרונה בלבנון,הלהקה_האחרונה_בלבנון,2016,"[{""name"": ""אורי הלוי"", ""slug"": null}, {""name"": ""איציק קריכלי"", ""slug"": null}]","[{""name"": ""בן בכר"", ""slug"": ""בן_בכר""}]","[{""name"": ""עופר שכטר"", ""slug"": ""עופר_שכטר""}, {""name"": ""עופר חיון"", ""slug"": ""עופר_חיון""}, {""name"": ""אורי לייזרוביץ'"", ""slug"": ""אורי_לייזרוביץ'""}, {""name"": ""דנה פרידר"", ""slug"": ""דנה_פרידר""}, {""name"": ""דניאל גל"", ""slug"": ""דניאל_גל""}]",קומדיה,2016,,5,C (>1990)
מדינת הגמדים,מדינת_הגמדים_(סרט),2016,"[{""name"": ""יניב ברמן"", ""slug"": ""יניב_ברמן""}]","[{""name"": ""יניב ברמן"", ""slug"": ""יניב_ברמן""}]","[{""name"": ""עופר חיון"", ""slug"": ""עופר_חיון""}, {""name"": ""מאור שוויצר"", ""slug"": ""מאור_שוויצר""}, {""name"": ""מיכאל גלנסקי"", ""slug"": null}]",נוער,2016,,3,C (>1990)
ירח בבית 12,ירח_בבית_12,2016,"[{""name"": ""דורית חכים"", ""slug"": ""דורית_חכים""}]","[{""name"": ""דורית חכים"", ""slug"": ""דורית_חכים""}]","[{""name"": ""יובל שרף"", ""slug"": ""יובל_שרף""}, {""name"": ""יערה פלציג"", ""slug"": ""יערה_פלציג""}, {""name"": ""גפן ברקאי"", ""slug"": ""גפן_ברקאי""}, {""name"": ""גל תורן"", ""slug"": ""גל_תורן""}]",דרמה,2016,,4,C (>1990)
ג'רוזלם,ג'רוזלם_(סרט),2016,"[{""name"": ""דורון פז"", ""slug"": null}, {""name"": ""יואב פז"", ""slug"": null}]","[{""name"": ""דורון פז"", ""slug"": null}, {""name"": ""יואב פז"", ""slug"": null}]","[{""name"": ""יון תומרקין"", ""slug"": ""יון_תומרקין""}, {""name"": ""יעל גרובגלס"", ""slug"": ""יעל_גרובגלס""}, {""name"": ""דניאל ג'יידלין"", ""slug"": ""דניאל_ג'יידלין""}]",אימה,2016,,3,C (>1990)
האיש שבקיר,האיש_שבקיר_(סרט),2016,"[{""name"": ""יבגני רומן"", ""slug"": ""יבגני_רומן""}]","[{""name"": ""יבגני רומן"", ""slug"": ""יבגני_רומן""}]","[{""name"": ""תמר אלקן"", ""slug"": ""תמר_אלקן""}, {""name"": ""גלעד כהנא"", ""slug"": ""גלעד_כהנא""}, {""name"": ""יואב דונט"", ""slug"": ""יואב_דונט""}]",מתח,2016,,3,C (>1990)
נדיה - שם זמני,נדיה_-_שם_זמני,2016,"[{""name"": ""טובה אשר"", ""slug"": ""טובה_אשר""}, {""name"": ""ענת אשר"", ""slug"": null}]","[{""name"": ""טובה אשר"", ""slug"": ""טובה_אשר""}]","[{""name"": ""נטע שפיגלמן"", ""slug"": ""נטע_שפיגלמן""}, {""name"": ""עודד לאופולד"", ""slug"": ""עודד_לאופולד""}, {""name"": ""עלי סלימאן"", ""slug"": ""עלי_סלימאן""}, {""name"": ""אלי קרן-אסף"", ""slug"": ""אלי_קרן-אסף""}]",דרמה,2016,,4,C (>1990)
ילדי הסתיו,ילדי_הסתיו,2016,"[{""name"": ""איתן גפני"", ""slug"": ""איתן_גפני_(במאי)""}, {""name"": ""דניאלה דנציגר"", ""slug"": null}]","[{""name"": ""איתן גפני"", ""slug"": null}]","[{""name"": ""נועה מימן"", ""slug"": ""נועה_מימן""}, {""name"": ""אקי אבני"", ""slug"": ""אקי_אבני""}, {""name"": ""יפתח אופיר"", ""slug"": ""יפתח_אופיר""}]",אימה,2016,,3,C (>1990)
שבוע ויום,שבוע_ויום,2016,"[{""name"": ""אסף פולונסקי"", ""slug"": null}]","[{""name"": ""אסף פולונסקי"", ""slug"": null}]","[{""name"": ""שי אביבי"", ""slug"": ""שי_אביבי""}, {""name"": ""תומר קפון"", ""slug"": ""תומר_קפון""}, {""name"": ""יבגניה דודינה"", ""slug"": ""יבגניה_דודינה""}, {""name"": ""אורי גבריאל"", ""slug"": ""אורי_גבריאל""}]",דרמה,2016,,4,C (>1990)
ישמח חתני,ישמח_חתני_(סרט),2016,"[{""name"": ""שלומית נחמה"", ""slug"": ""שלומית_נחמה""}]","[{""name"": ""שלומית נחמה"", ""slug"": ""שלומית_נחמה""}, {""name"": ""אמיל בן שמעון"", ""slug"": ""אמיל_בן_שמעון""}]","[{""name"": ""אוולין הגואל"", ""slug"": ""אוולין_הגואל""}, {""name"": ""יגאל נאור"", ""slug"": ""יגאל_נאור""}, {""name"": ""אביב אלוש"", ""slug"": ""אביב_אלוש""}, {""name"": ""אורנה בנאי"", ""slug"": ""אורנה_בנאי""}, {""name"": ""עינת שרוף"", ""slug"": ""עינת_שרוף""}, {""name"": ""איציק כהן"", ""slug"": ""איציק_כהן_(שחקן)""}, {""name"": ""חיים זנאתי"", ""slug"": ""חיים_זנאתי""}, {""name"": ""הרצל טובי"", ""slug"": ""הרצל_טובי""}, {""name"": ""אברהם סלקטר"", ""slug"": ""אברהם_סלקטר""}, {""name"": ""יפית אסולין"", ""slug"": ""יפית_אסולין""}, {""name"": ""שרון אלימלך"", ""slug"": ""שרון_אלימלך""}]",דרמה,2016,,11,C (>1990)
נמל בית,נמל_בית,2016,"[{""name"": ""ארז תדמור"", ""slug"": ""ארז_תדמור_(במאי_קולנוע)""}, {""name"": ""שלמה אפרתי"", ""slug"": ""שלמה_אפרתי""}]","[{""name"": ""ארז תדמור"", ""slug"": ""ארז_תדמור_(במאי_קולנוע)""}]","[{""name"": ""יורם חטב"", ""slug"": ""יורם_חטב""}, {""name"": ""דליה בגר"", ""slug"": null}, {""name"": ""לירון בן-שלוש"", ""slug"": ""לירון_בן-שלוש""}, {""name"": ""שמיל בן ארי"", ""slug"": ""שמיל_בן_ארי""}, {""name"": ""אנה דוברוביצקי"", ""slug"": ""אנה_דוברוביצקי""}, {""name"": ""אודי פרסי"", ""slug"": ""אודי_פרסי""}, {""name"": ""שרון אלכסנדר"", ""slug"": ""שרון_אלכסנדר""}]",דרמה,2016,,7,C (>1990)
אבינו,אבינו_(סרט),2016,"[{""name"": ""מני יעיש"", ""slug"": ""מני_יעיש""}]","[{""name"": ""מני יעיש"", ""slug"": ""מני_יעיש""}]","[{""name"": ""מוריס כהן"", ""slug"": ""מוריס_כהן_(שחקן)""}, {""name"": ""רותם זיסמן-כהן"", ""slug"": ""רותם_זיסמן-כהן""}, {""name"": ""אלון דהן"", ""slug"": ""אלון_דהן_(שחקן)""}, {""name"": ""הרצל טובי"", ""slug"": ""הרצל_טובי""}, {""name"": ""חיים זנאתי"", ""slug"": ""חיים_זנאתי""}]",דרמה,2016,,5,C (>1990)
ג'נקשן 48,ג'נקשן_48,2016,"[{""name"": ""אורן מוברמן"", ""slug"": ""אורן_מוברמן""}, {""name"": ""תאמר נפאר"", ""slug"": ""תאמר_נפאר""}]","[{""name"": ""אודי אלוני"", ""slug"": ""אודי_אלוני""}]","[{""name"": ""תאמר נפאר"", ""slug"": ""תאמר_נפאר""}, {""name"": ""סאמר קופטי"", ""slug"": null}, {""name"": ""סלווה נקארה"", ""slug"": ""סלווה_נקארה""}, {""name"": ""סעיד דסוקי"", ""slug"": null}, {""name"": ""אדיב ספדי"", ""slug"": null}, {""name"": ""טארק קופטי"", ""slug"": null}, {""name"": ""מאיסה עבד אלהאדי"", ""slug"": ""מאיסה_עבד_אלהאדי""}]",דרמה,2016,,7,C (>1990)
אינרציה,אינרציה_(סרט),2016,"[{""name"": ""יפעת מקבי"", ""slug"": null}, {""name"": ""עידן חגואל"", ""slug"": null}]","[{""name"": ""עידן חגואל"", ""slug"": null}]","[{""name"": ""אילנית בן-יעקב"", ""slug"": ""אילנית_בן-יעקב""}, {""name"": ""גליה ישי"", ""slug"": ""גליה_ישי""}, {""name"": ""מוחמד בכרי"", ""slug"": ""מוחמד_בכרי""}, {""name"": ""פלורנס בלוך"", ""slug"": ""פלורנס_בלוך""}]",דרמה,2016,,4,C (>1990)
מלחמת 90 הדקות,מלחמת_90_הדקות,2016,"[{""name"": ""אייל חלפון"", ""slug"": ""אייל_חלפון""}, {""name"": ""איתי מאירסון"", ""slug"": null}, {""name"": ""(על בסיס ספרו של"", ""slug"": null}, {""name"": "")"", ""slug"": null}]","[{""name"": ""אייל חלפון"", ""slug"": null}]","[{""name"": ""משה איבגי"", ""slug"": ""משה_איבגי""}, {""name"": ""נורמן עיסא"", ""slug"": ""נורמן_עיסא""}]",דרמה פוליטית,2016,,2,C (>1990)
אנטנה,אנטנה_(סרט),2016,"[{""name"": ""אריק רוטשטיין"", ""slug"": ""אריק_רוטשטיין""}]","[{""name"": ""אריק רוטשטיין"", ""slug"": ""אריק_רוטשטיין""}]","[{""name"": ""אלכס פלג"", ""slug"": ""אלכס_פלג""}, {""name"": ""אלי גורנשטיין"", ""slug"": ""אלי_גורנשטיין""}, {""name"": ""גילה אלמגור"", ""slug"": ""גילה_אלמגור""}, {""name"": ""הילה פלדמן"", ""slug"": ""הילה_פלדמן""}, {""name"": ""ישי גולן"", ""slug"": ""ישי_גולן""}, {""name"": ""מיכאל אלוני"", ""slug"": ""מיכאל_אלוני""}, {""name"": ""מיקי לאון"", ""slug"": ""מיקי_לאון""}]",דרמה,2016,,7,C (>1990)
הרמוניה,,2016,"[{""name"": ""אורי סיון"", ""slug"": ""אורי_סיון_(במאי_קולנוע)""}]","[{""name"": ""אורי סיון"", ""slug"": null}]","[{""name"": ""אלון אבוטבול"", ""slug"": ""אלון_אבוטבול""}, {""name"": ""טלי שרון"", ""slug"": ""טלי_שרון""}, {""name"": ""יאנה יוסף"", ""slug"": ""יאנה_יוסף""}, {""name"": ""עלי סלימאן"", ""slug"": ""עלי_סלימאן""}]",דרמה,2016,,4,C (>1990)
ארבע על ארבע,ארבע_על_ארבע,2016,"[{""name"": ""רועי עידן"", ""slug"": ""רועי_עידן""}]","[{""name"": ""שי כנות"", ""slug"": ""שי_כנות""}]","[{""name"": ""אושרי כהן"", ""slug"": ""אושרי_כהן""}, {""name"": ""עוז זהבי"", ""slug"": ""עוז_זהבי""}, {""name"": ""שלומי קוריאט"", ""slug"": ""שלומי_קוריאט""}, {""name"": ""אבי דנגור"", ""slug"": ""אבי_דנגור""}, {""name"": ""אליאנה תדהר"", ""slug"": ""אליאנה_תדהר""}, {""name"": ""רוני דלומי"", ""slug"": ""רוני_דלומי""}, {""name"": ""נעמי לבוב"", ""slug"": ""נעמי_לבוב""}]",קומדיה,2016,,7,C (>1990)
הפורצת,הפורצת,2016,"[{""name"": ""הגר בן-אשר"", ""slug"": ""הגר_בן-אשר""}]","[{""name"": ""הגר בן-אשר"", ""slug"": null}]","[{""name"": ""ליהי קורנובסקי"", ""slug"": ""ליהי_קורנובסקי""}, {""name"": ""סנדי בר"", ""slug"": ""סנדי_בר""}, {""name"": ""רונלד זרפלד"", ""slug"": ""רונלד_זרפלד""}, {""name"": ""אסף קורמן"", ""slug"": ""אסף_קורמן""}, {""name"": ""לירון בן-שלוש"", ""slug"": ""לירון_בן-שלוש""}]",דרמה,2016,,5,C (>1990)
ההר,ההר,2016,"[{""name"": ""יעל קיים"", ""slug"": ""יעל_קיים""}]","[{""name"": ""יעל קיים"", ""slug"": ""יעל_קיים""}]","[{""name"": ""שני קליין"", ""slug"": ""שני_קליין""}, {""name"": ""אבשלום פולק"", ""slug"": ""אבשלום_פולק""}, {""name"": ""אורלי פרל"", ""slug"": ""אורלי_פרל""}]",דרמה,2016,,3,C (>1990)
אמור,אמור_(סרט),2017,"[{""name"": ""רפאל רביבו"", ""slug"": ""רפאל_רביבו""}]","[{""name"": ""רפאל רביבו"", ""slug"": ""רפאל_רביבו""}]","[{""name"": ""אור אילן"", ""slug"": ""אור_אילן""}, {""name"": ""דן תורג'מן"", ""slug"": ""דן_תורג'מן""}, {""name"": ""לירון לבו"", ""slug"": ""לירון_לבו""}, {""name"": ""נטלי עטיה"", ""slug"": ""נטלי_עטיה""}, {""name"": ""ענת עצמון"", ""slug"": ""ענת_עצמון""}, {""name"": ""משה איבגי"", ""slug"": ""משה_איבגי""}]",דרמה,2017,,6,C (>1990)
"אני אוהב אותך, הסרט",,2017,"[{""name"": ""דני ססלר"", ""slug"": null}]","[{""name"": ""דני ססלר"", ""slug"": null}]","[{""name"": ""משה איבגי"", ""slug"": ""משה_איבגי""}, {""name"": ""נטלי עטיה"", ""slug"": ""נטלי_עטיה""}, {""name"": ""אורי הוכמן"", ""slug"": ""אורי_הוכמן""}, {""name"": ""דאנה איבגי"", ""slug"": ""דאנה_איבגי""}, {""name"": ""שרון אלכסנדר"", ""slug"": ""שרון_אלכסנדר""}, {""name"": ""יעל אבקסיס"", ""slug"": ""יעל_אבקסיס""}, {""name"": ""שמעון מימרן"", ""slug"": ""שמעון_מימרן""}]",דרמה,2017,,7,C (>1990)
אנתרקס,"אנתרקס_(סרט,_2017)",2017,[],"[{""name"": ""שי שרף"", ""slug"": null}]","[{""name"": ""נועם קפלן"", ""slug"": null}, {""name"": ""דני קליין"", ""slug"": ""דני_קליין""}, {""name"": ""יותם אביבי"", ""slug"": null}]",דרמה,2017,,3,C (>1990)
בית בגליל,בית_בגליל_(2017),2017,"[{""name"": ""אסף סבן"", ""slug"": ""אסף_סבן""}]","[{""name"": ""נועה קולר"", ""slug"": ""נועה_קולר""}, {""name"": ""אודי רצין"", ""slug"": null}]","[{""name"": ""דרמה"", ""slug"": null}]",,2017,,1,C (>1990)
הבן-דוד,הבן-דוד,2017,"[{""name"": ""צחי גראד"", ""slug"": ""צחי_גראד""}]","[{""name"": ""צחי גראד"", ""slug"": null}]","[{""name"": ""צחי גראד"", ""slug"": ""צחי_גראד""}, {""name"": ""אסנת פישמן"", ""slug"": ""אסנת_פישמן""}, {""name"": ""ירון מוטולה"", ""slug"": ""ירון_מוטולה""}, {""name"": ""אורי הוכמן"", ""slug"": ""אורי_הוכמן""}, {""name"": ""יואב הייט"", ""slug"": ""יואב_הייט""}, {""name"": ""עופר חיון"", ""slug"": ""עופר_חיון""}]",דרמה,2017,,6,C (>1990)
חבורת הטבעת,,2017,"[{""name"": ""שגיב פרידמן"", ""slug"": ""שגיב_פרידמן""}]","[{""name"": ""מתי הררי"", ""slug"": ""מתי_הררי""}, {""name"": ""אריק לובצקי"", ""slug"": ""אריק_לובצקי""}]","[{""name"": ""תומר שחורי"", ""slug"": ""תומר_שחורי""}, {""name"": ""ישראל אטיאס"", ""slug"": ""ישראל_אטיאס""}, {""name"": ""עמית פרקש"", ""slug"": ""עמית_פרקש""}, {""name"": ""דב גליקמן"", ""slug"": ""דב_גליקמן""}, {""name"": ""תמיר ביידר"", ""slug"": null}]",קומדיה,2017,,5,C (>1990)
חדרי הבית,חדרי_הבית,2017,"[{""name"": ""איתן גרין"", ""slug"": ""איתן_גרין""}]","[{""name"": ""איתן גרין"", ""slug"": ""איתן_גרין""}]","[{""name"": ""יובל סגל"", ""slug"": ""יובל_סגל_(1971)""}, {""name"": ""גל זייד"", ""slug"": ""גל_זייד""}, {""name"": ""אסנת פישמן"", ""slug"": ""אסנת_פישמן""}, {""name"": ""אריה צ'רנר"", ""slug"": ""אריה_צ'רנר""}, {""name"": ""דן תורג'מן"", ""slug"": ""דן_תורג'מן""}]",דרמה,2017,,5,C (>1990)
כמעט מפורסמת,כמעט_מפורסמת,2017,"[{""name"": ""מיכל בכר"", ""slug"": null}]","[{""name"": ""מרקו כרמל"", ""slug"": ""מרקו_כרמל""}]","[{""name"": ""עומר דרור"", ""slug"": ""עומר_דרור""}, {""name"": ""ניב סולטן"", ""slug"": ""ניב_סולטן""}, {""name"": ""עמית פרקש"", ""slug"": ""עמית_פרקש""}, {""name"": ""נועה קירל"", ""slug"": ""נועה_קירל""}, {""name"": ""מור פולנוהר"", ""slug"": ""מור_פולנוהר""}, {""name"": ""נואל ברקוביץ'"", ""slug"": ""נואל_ברקוביץ'""}, {""name"": ""עמית יגור"", ""slug"": ""עמית_יגור""}]",דרמת נעורים,2017,,7,C (>1990)
הקיר,הקיר,2017,"[{""name"": ""מורן איפרגן"", ""slug"": ""מורן_איפרגן""}]","[{""name"": ""מורן איפרגן"", ""slug"": null}]",[],תיעודי,2017,,0,C (>1990)
להציל את נטע,להציל_את_נטע,2017,"[{""name"": ""ניר ברגמן"", ""slug"": ""ניר_ברגמן""}]","[{""name"": ""ניר ברגמן"", ""slug"": null}]","[{""name"": ""רותם אבוהב"", ""slug"": ""רותם_אבוהב""}, {""name"": ""בני אבני"", ""slug"": ""בני_אבני""}, {""name"": ""עירית קפלן"", ""slug"": ""עירית_קפלן""}, {""name"": ""נטע ריסקין"", ""slug"": ""נטע_ריסקין""}]",דרמה,2017,,4,C (>1990)
ג'סטה,ג'סטה,2017,"[{""name"": ""קובי מחט"", ""slug"": ""קובי_מחט""}]","[{""name"": ""קובי מחט"", ""slug"": null}]","[{""name"": ""און רפאלי"", ""slug"": ""און_רפאלי""}, {""name"": ""נאיה פדרמן"", ""slug"": ""נאיה_פדרמן""}, {""name"": ""מתן לקס"", ""slug"": ""מתן_לקס""}, {""name"": ""דודו ארז"", ""slug"": ""דודו_ארז""}, {""name"": ""מולי שולמן"", ""slug"": ""מולי_שולמן""}, {""name"": ""הילה ערן"", ""slug"": ""הילה_ערן""}, {""name"": ""אלינה לוי"", ""slug"": ""אלינה_לוי""}, {""name"": ""עמי אנידג'ר"", ""slug"": ""עמי_אנידג'ר""}, {""name"": ""רודי סעדה"", ""slug"": ""רודי_סעדה""}, {""name"": ""יאיר ניצני"", ""slug"": ""יאיר_ניצני""}, {""name"": ""שראל פיטרמן"", ""slug"": ""שראל_פיטרמן""}]",קומדיה,2017,,11,C (>1990)
פוקסטרוט,פוקסטרוט_(סרט),2017,"[{""name"": ""שמוליק מעוז"", ""slug"": ""שמוליק_מעוז""}]","[{""name"": ""שמוליק מעוז"", ""slug"": null}]","[{""name"": ""ליאור אשכנזי"", ""slug"": ""ליאור_אשכנזי""}, {""name"": ""שרה אדלר"", ""slug"": ""שרה_אדלר""}, {""name"": ""יונתן שיראי"", ""slug"": null}, {""name"": ""שירה האס"", ""slug"": ""שירה_האס""}]",דרמה,2017,,4,C (>1990)
לפני הזיכרון,,2017,"[{""name"": ""יהונתן אינדורסקי"", ""slug"": ""יהונתן_אינדורסקי""}]","[{""name"": ""יהונתן אינדורסקי"", ""slug"": ""יהונתן_אינדורסקי""}]","[{""name"": ""רבקה מיכאלי"", ""slug"": ""רבקה_מיכאלי""}, {""name"": ""דובלה גליקמן"", ""slug"": ""דובלה_גליקמן""}, {""name"": ""דב נבון"", ""slug"": ""דב_נבון""}, {""name"": ""יעל אבקסיס"", ""slug"": ""יעל_אבקסיס""}, {""name"": ""יחזקאל לזרוב"", ""slug"": ""יחזקאל_לזרוב""}]",דרמה,2017,,5,C (>1990)
מבצע ביצה,מבצע_ביצה,2017,"[{""name"": ""אלון גור אריה"", ""slug"": ""אלון_גור_אריה""}]","[{""name"": ""אלון גור אריה"", ""slug"": null}]","[{""name"": ""חיים אוסדון"", ""slug"": ""חיים_אוסדון""}, {""name"": ""ירון ברלד"", ""slug"": ""ירון_ברלד""}, {""name"": ""שלומי קוריאט"", ""slug"": ""שלומי_קוריאט""}, {""name"": ""יהורם גאון"", ""slug"": ""יהורם_גאון""}, {""name"": ""טל מוסרי"", ""slug"": ""טל_מוסרי""}, {""name"": ""תומר שרון"", ""slug"": ""תומר_שרון""}, {""name"": ""דנה אברהם-סמו"", ""slug"": ""דנה_אברהם-סמו""}]","ילדים, קומדיה",2017,,7,C (>1990)
מכתוב,מכתוב_(סרט),2017,"[{""name"": ""חנן סביון"", ""slug"": ""חנן_סביון""}, {""name"": ""גיא עמיר"", ""slug"": ""גיא_עמיר""}]","[{""name"": ""עודד רז"", ""slug"": ""עודד_רז""}]","[{""name"": ""חנן סביון"", ""slug"": ""חנן_סביון""}, {""name"": ""גיא עמיר"", ""slug"": ""גיא_עמיר""}, {""name"": ""גל אמיתי"", ""slug"": ""גל_אמיתי""}, {""name"": ""עדנה בליליוס"", ""slug"": ""עדנה_בליליוס""}, {""name"": ""יגאל נאור"", ""slug"": ""יגאל_נאור""}]",פשע,2017,,5,C (>1990)
דרייבר,דרייבר_(סרט),2018,"[{""name"": ""יהונתן אינדורסקי"", ""slug"": null}]","[{""name"": ""יהונתן אינדורסקי"", ""slug"": ""יהונתן_אינדורסקי""}]","[{""name"": ""משה פולקנפליק"", ""slug"": ""משה_פולקנפליק""}, {""name"": ""מנואל אלקסלסי ורדי"", ""slug"": ""מנואל_אלקסלסי_ורדי""}, {""name"": ""מאור שוויצר"", ""slug"": ""מאור_שוויצר""}]",דרמה,2018,,3,C (>1990)
עד הקצה - ג'סטה 2,עד_הקצה_-_ג'סטה_2,2018,[],"[{""name"": ""קובי מחט"", ""slug"": ""קובי_מחט""}]","[{""name"": ""און רפאלי"", ""slug"": ""און_רפאלי""}, {""name"": ""נאיה פדרמן"", ""slug"": ""נאיה_פדרמן""}, {""name"": ""מתן לקס"", ""slug"": ""מתן_לקס""}]",קומדיה,2018,,3,C (>1990)
גיבור בעננים,גיבור_בעננים,2018,[],"[{""name"": ""יובל שם-טוב"", ""slug"": ""יובל_שם-טוב""}, {""name"": ""אביעד קידר"", ""slug"": null}]","[{""name"": ""יובל שם-טוב"", ""slug"": ""יובל_שם-טוב""}, {""name"": ""שי ורועי"", ""slug"": ""שי_ורועי""}, {""name"": ""עודד פז"", ""slug"": ""עודד_פז""}, {""name"": ""לירית בלבן"", ""slug"": ""לירית_בלבן""}]",קומדיה,2018,,4,C (>1990)
מקוללים,מקוללים,2018,[],"[{""name"": ""יבגני רומן"", ""slug"": ""יבגני_רומן""}]","[{""name"": ""נמרוד הוכנברג"", ""slug"": ""נמרוד_הוכנברג""}, {""name"": ""דניאל גד"", ""slug"": ""דניאל_גד""}, {""name"": ""עמית רהב"", ""slug"": ""עמית_רהב""}]",מתח,2018,,3,C (>1990)
סיפור אחר,סיפור_אחר,2018,[],"[{""name"": ""אבי נשר"", ""slug"": null}]","[{""name"": ""ג'וי ריגר"", ""slug"": ""ג'וי_ריגר""}, {""name"": ""נתן גושן"", ""slug"": ""נתן_גושן""}, {""name"": ""מיה דגן"", ""slug"": ""מיה_דגן""}, {""name"": ""יובל סגל"", ""slug"": ""יובל_סגל_(1971)""}, {""name"": ""אביגיל הררי"", ""slug"": ""אביגיל_הררי""}, {""name"": ""ששון גבאי"", ""slug"": ""ששון_גבאי""}]",דרמה,2018,,6,C (>1990)
לוחם בנשמה,לוחם_בנשמה,2019,"[{""name"": ""יואב רונן"", ""slug"": null}, {""name"": ""רועי אלה"", ""slug"": null}]","[{""name"": ""יואב רונן"", ""slug"": null}]","[{""name"": ""יואב רונן"", ""slug"": null}, {""name"": ""רועי אלה"", ""slug"": null}, {""name"": ""דין מירושניקוב"", ""slug"": ""דין_מירושניקוב""}, {""name"": ""הדס קלדרון"", ""slug"": ""הדס_קלדרון""}, {""name"": ""ערן איוניר"", ""slug"": ""ערן_איוניר""}, {""name"": ""נואית אב"", ""slug"": null}]",דרמה,2019,,6,C (>1990)
הרפתקה בשחקים,הרפתקה_בשחקים,2019,"[{""name"": ""ליאור חפץ"", ""slug"": ""ליאור_חפץ""}]","[{""name"": ""ליאור חפץ"", ""slug"": null}]","[{""name"": ""אמיר טסלר"", ""slug"": ""אמיר_טסלר""}, {""name"": ""אריה צ'רנר"", ""slug"": ""אריה_צ'רנר""}, {""name"": ""ריקי בליך"", ""slug"": ""ריקי_בליך""}, {""name"": ""נתן רביץ"", ""slug"": ""נתן_רביץ""}, {""name"": ""דור הררי"", ""slug"": ""דור_הררי""}, {""name"": ""אורי בלופרב"", ""slug"": ""אורי_בלופרב""}]",דרמה,2019,,6,C (>1990)
קצפת ודובדבנים,קצפת_ודובדבנים,2019,"[{""name"": ""גור בנטוביץ'"", ""slug"": null}]","[{""name"": ""גור בנטוביץ'"", ""slug"": null}]","[{""name"": ""אלון אבוטבול"", ""slug"": null}, {""name"": ""צחי גראד"", ""slug"": null}, {""name"": ""יובל שרף"", ""slug"": null}, {""name"": ""טינקרבל"", ""slug"": null}]","דרמה, קומדיה",2019,,4,C (>1990)
פול גז,פול_גז_(סרט),2019,"[{""name"": ""קובי מחט"", ""slug"": ""קובי_מחט""}]","[{""name"": ""קובי מחט"", ""slug"": null}]","[{""name"": ""תובל שפיר"", ""slug"": ""תובל_שפיר""}, {""name"": ""נאיה בינשטוק"", ""slug"": ""נאיה_בינשטוק""}, {""name"": ""קווין רובין"", ""slug"": ""קווין_רובין""}, {""name"": ""זהר ליבה"", ""slug"": ""זהר_ליבה""}, {""name"": ""אורי פפר"", ""slug"": ""אורי_פפר""}, {""name"": ""עדן סבן"", ""slug"": ""עדן_סבן""}, {""name"": ""נדב גדג'"", ""slug"": ""נדב_גדג'""}, {""name"": ""אביגיל אריאלי"", ""slug"": ""אביגיל_אריאלי""}, {""name"": ""אלי אילדיס"", ""slug"": ""אלי_אילדיס""}]",דרמה,2019,,9,C (>1990)
אסיה,אסיה_(סרט),2020,"[{""name"": ""רותי פרי-בר"", ""slug"": ""רותי_פרי-בר""}]","[{""name"": ""רותי פרי-בר"", ""slug"": null}]","[{""name"": ""שירה האס"", ""slug"": ""שירה_האס""}, {""name"": ""אלונה איב"", ""slug"": ""אלונה_איב""}, {""name"": ""תמיר מולא"", ""slug"": null}, {""name"": ""גרא סנדלר"", ""slug"": ""גרא_סנדלר""}, {""name"": ""עדן חלילי"", ""slug"": null}, {""name"": ""אור ברק"", ""slug"": null}, {""name"": ""נדיה טיכונובה"", ""slug"": null}]",דרמה,2020,,7,C (>1990)
סאבלט,סאבלט_(סרט),2020,"[{""name"": ""איתן פוקס"", ""slug"": ""איתן_פוקס""}]","[{""name"": ""איתן פוקס"", ""slug"": null}]","[{""name"": ""ג'ון בנג'מין היקי"", ""slug"": null}, {""name"": ""ניב ניסים"", ""slug"": null}, {""name"": ""ליהי קורנובסקי"", ""slug"": ""ליהי_קורנובסקי""}, {""name"": ""מיקי קם"", ""slug"": ""מיקי_קם""}, {""name"": ""עומרי לוקאס"", ""slug"": ""גבריאל_עמרי_לוקאס""}, {""name"": ""תמיר גינזבורג"", ""slug"": ""תמיר_גינזבורג""}]","דרמה, רומנטיקה",2020,,6,C (>1990)
הנה אנחנו,הנה_אנחנו,2020,"[{""name"": ""דנה אידיסיס"", ""slug"": ""דנה_אידיסיס""}]","[{""name"": ""ניר ברגמן"", ""slug"": ""ניר_ברגמן""}]","[{""name"": ""שי אביבי"", ""slug"": ""שי_אביבי""}, {""name"": ""נועם אימבר"", ""slug"": ""נועם_אימבר""}, {""name"": ""סמדי וולפמן"", ""slug"": null}, {""name"": ""אפרת בן צור"", ""slug"": ""אפרת_בן_צור""}, {""name"": ""אמיר פלדמן"", ""slug"": null}, {""name"": ""שרון זליקובסקי"", ""slug"": ""שרון_זליקובסקי""}]","דרמה, קומדיה",2020,,6,C (>1990)
סנולנד,סנולנד,2020,"[{""name"": ""יוני זיכהולץ"", ""slug"": ""יוני_זיכהולץ""}, {""name"": ""יובל סגל"", ""slug"": ""יובל_סגל_(1980)""}]","[{""name"": ""יוני זיכהולץ"", ""slug"": null}]","[{""name"": ""שלומי קוריאט"", ""slug"": ""שלומי_קוריאט""}, {""name"": ""אורי פפר"", ""slug"": ""אורי_פפר""}, {""name"": ""טלי שרון"", ""slug"": ""טלי_שרון""}, {""name"": ""נתי קלוגר"", ""slug"": ""נתי_קלוגר""}, {""name"": ""שמיל בן ארי"", ""slug"": ""שמיל_בן_ארי""}]",דרמה,2020,,5,C (>1990)
שאיפה לחיים,שאיפה_לחיים,2020,"[{""name"": ""מתן גוגנהיים"", ""slug"": null}, {""name"": ""אסף אבירי"", ""slug"": null}]","[{""name"": ""מתן גוגנהיים"", ""slug"": null}, {""name"": ""אסף אבירי"", ""slug"": null}]","[{""name"": ""שלמה בראבא"", ""slug"": ""שלמה_בראבא""}, {""name"": ""ג'וי ריגר"", ""slug"": ""ג'וי_ריגר""}, {""name"": ""דב גליקמן"", ""slug"": ""דב_גליקמן""}, {""name"": ""גדי יגיל"", ""slug"": ""גדי_יגיל""}, {""name"": ""אבי קושניר"", ""slug"": ""אבי_קושניר""}]","קומדיה, פשע",2020,,5,C (>1990)
הרפסודה,הרפסודה_(סרט),2020,"[{""name"": ""עמיקם קובנר"", ""slug"": null}, {""name"": ""דניאל קוץ'"", ""slug"": null}]","[{""name"": ""עודד רז"", ""slug"": ""עודד_רז""}]","[{""name"": ""אנה זק"", ""slug"": ""אנה_זק""}, {""name"": ""עומר דהן"", ""slug"": null}, {""name"": ""שחר כרמל"", ""slug"": null}, {""name"": ""עידן שרוקה"", ""slug"": null}, {""name"": ""ברק שמיר"", ""slug"": ""ברק_שמיר""}, {""name"": ""קובי מאור"", ""slug"": ""קובי_מאור""}, {""name"": ""אולה שור-סלקטר"", ""slug"": ""אולה_שור-סלקטר""}, {""name"": ""אריה צ'רנר"", ""slug"": ""אריה_צ'רנר""}]","דרמה, הרפתקה",2020,,8,C (>1990)
לילה בחיפה,לילה_בחיפה,2020,"[{""name"": ""עמוס גיתאי"", ""slug"": ""עמוס_גיתאי""}, {""name"": ""מארי-ג'וזה סנסלם"", ""slug"": null}]","[{""name"": ""עמוס גיתאי"", ""slug"": null}]","[{""name"": ""מריה זריק"", ""slug"": null}, {""name"": ""ח'אולה איברהם"", ""slug"": null}, {""name"": ""בהירה בלאסי"", ""slug"": null}, {""name"": ""נעמה פרייס"", ""slug"": null}, {""name"": ""קלרה ח'ורי"", ""slug"": ""קלרה_ח'ורי""}, {""name"": ""צחי הלוי"", ""slug"": ""צחי_הלוי""}]","דרמה,קומדיה",2020,,6,C (>1990)
אחד בלב,אחד_בלב,2021,"[{""name"": ""טליה לביא"", ""slug"": ""טליה_לביא""}]","[{""name"": ""טליה לביא"", ""slug"": null}]","[{""name"": ""אביגיל הררי"", ""slug"": ""אביגיל_הררי""}, {""name"": ""רן דנקר"", ""slug"": ""רן_דנקר""}, {""name"": ""אלישע בנאי"", ""slug"": ""אלישע_בנאי""}, {""name"": ""אורלי זילברשץ"", ""slug"": ""אורלי_זילברשץ""}, {""name"": ""מאיר סויסה"", ""slug"": ""מאיר_סויסה""}, {""name"": ""יעל פולמן"", ""slug"": ""יעל_פולמן""}]","קומדיה,רומנטיקה",2021,,6,C (>1990)
תמונת ניצחון,תמונת_הניצחון,2021,"[{""name"": ""אבי נשר"", ""slug"": ""אבי_נשר""}, {""name"": ""לירז ברוש"", ""slug"": null}, {""name"": ""אהוד בלייברג"", ""slug"": null}, {""name"": ""(סיפור עלילה)"", ""slug"": null}]","[{""name"": ""אבי נשר"", ""slug"": null}]","[{""name"": ""ג'וי ריגר"", ""slug"": ""ג'וי_ריגר""}, {""name"": ""אמיר ח'ורי"", ""slug"": ""אמיר_ח'ורי""}, {""name"": ""אליאנה תדהר"", ""slug"": ""אליאנה_תדהר""}, {""name"": ""תום אבני"", ""slug"": ""תום_אבני""}, {""name"": ""אלישע בנאי"", ""slug"": ""אלישע_בנאי""}, {""name"": ""משי קלינשטיין"", ""slug"": ""משי_קלינשטיין""}, {""name"": ""עלא דקה"", ""slug"": ""עלא_דקה""}, {""name"": ""נטע רוט"", ""slug"": ""נטע_רוט""}, {""name"": ""אדם גבאי"", ""slug"": ""אדם_גבאי""}]","דרמה,מלחמה",2021,,9,C (>1990)
לשחרר את שולי,לשחרר_את_שולי,2021,"[{""name"": ""אורי כץ"", ""slug"": ""אורי_כץ""}]","[{""name"": ""בן בכר"", ""slug"": ""בן_בכר""}]","[{""name"": ""ציון ברוך"", ""slug"": ""ציון_ברוך""}, {""name"": ""שלום מיכאלשווילי"", ""slug"": ""שלום_מיכאלשווילי""}, {""name"": ""אסי ישראלוף"", ""slug"": ""אסי_ישראלוף""}, {""name"": ""לירון וייסמן"", ""slug"": ""לירון_וייסמן""}, {""name"": ""דוד שאול"", ""slug"": ""דוד_שאול""}, {""name"": ""אביה מלכה"", ""slug"": ""אביה_מלכה""}, {""name"": ""קרולניה רודריגז נרנג'ו"", ""slug"": null}]",קומדיה,2021,,7,C (>1990)
פול ספיד,פול_ספיד,2021,"[{""name"": ""קובי מחט"", ""slug"": ""קובי_מחט""}, {""name"": ""איתי מאירסון"", ""slug"": null}]","[{""name"": ""קובי מחט"", ""slug"": null}]","[{""name"": ""קווין רובין"", ""slug"": ""קווין_רובין""}, {""name"": ""שירה לוי"", ""slug"": ""שירה_לוי""}, {""name"": ""אברהם ארנסון"", ""slug"": ""אברהם_ארנסון""}, {""name"": ""נועם אימבר"", ""slug"": ""נועם_אימבר""}, {""name"": ""חן אמסלם-זגורי"", ""slug"": ""חן_אמסלם-זגורי""}, {""name"": ""גל אמיתי"", ""slug"": ""גל_אמיתי""}, {""name"": ""אקי אבני"", ""slug"": ""אקי_אבני""}, {""name"": ""בר כהן מוראד"", ""slug"": ""בר_כהן_מוראד""}]","דרמה,הרפתקה",2021,,8,C (>1990)
מישהו יאהב מישהו,מישהו_יאהב_מישהו,2021,"[{""name"": ""הדס בן אוריה"", ""slug"": ""הדס_בן_ארויה""}]","[{""name"": ""הדס בן אוריה"", ""slug"": null}]","[{""name"": ""אלישבע וייל"", ""slug"": ""אלישבע_וייל""}, {""name"": ""לייב לב לוין"", ""slug"": ""לייב_לב_לוין""}, {""name"": ""יואב הייט"", ""slug"": ""יואב_הייט""}, {""name"": ""הדר כץ"", ""slug"": null}]",דרמה,2021,,4,C (>1990)
אל תחכי לי,אל_תחכי_לי,2021,"[{""name"": ""דני רייספלד"", ""slug"": null}, {""name"": ""הילה מור רייספלד"", ""slug"": null}]","[{""name"": ""רועי גלוסקא"", ""slug"": null}, {""name"": ""דני רייספלד"", ""slug"": null}]","[{""name"": ""עומר חזן"", ""slug"": ""עומר_חזן""}, {""name"": ""ישראל אוגלבו"", ""slug"": ""ישראל_אוגלבו""}, {""name"": ""אורי גבריאל"", ""slug"": ""אורי_גבריאל""}, {""name"": ""טיילור מלכוב"", ""slug"": ""טיילור_מלכוב""}, {""name"": ""עינת שרוף"", ""slug"": ""עינת_שרוף""}, {""name"": ""רני בלייר"", ""slug"": ""רני_בלייר""}, {""name"": ""רז מזרחי"", ""slug"": null}, {""name"": ""נאור ואטורי"", ""slug"": null}]","דרמה,פשע",2021,,8,C (>1990)
ויהי בוקר,ויהי_בוקר,2021,"[{""name"": ""ערן קולירן"", ""slug"": ""ערן_קולירין""}]","[{""name"": ""ערן קולירן"", ""slug"": null}]","[{""name"": ""אלכס בכרי"", ""slug"": null}, {""name"": ""ג'ונה סולימאן"", ""slug"": null}]",דרמה,2021,,2,C (>1990)
מתחתנת,מתחתנת,2021,"[{""name"": ""ערן בן יעקב"", ""slug"": ""ערן_בן_יעקב""}]","[{""name"": ""ערן בן יעקב"", ""slug"": null}]","[{""name"": ""הילה סעדה"", ""slug"": ""הילה_סעדה""}, {""name"": ""דין מירושניקוב"", ""slug"": ""דין_מירושניקוב""}, {""name"": ""ליז רביאן"", ""slug"": ""ליז_רביאן""}, {""name"": ""הילה ערן"", ""slug"": ""הילה_ערן""}, {""name"": ""חיים זנאתי"", ""slug"": ""חיים_זנאתי""}, {""name"": ""מייקל לואיס"", ""slug"": ""מייקל_לואיס_(דוגמן)""}, {""name"": ""ענת וקסמן"", ""slug"": ""ענת_וקסמן""}, {""name"": ""לאה שנירר"", ""slug"": null}, {""name"": ""יוגב קינן"", ""slug"": null}]","קומדיה, רומנטיקה",2021,,9,C (>1990)
זרים מושלמים,זרים_מושלמים_(סרט_ישראלי),2021,"[{""name"": ""נועה ארנברג"", ""slug"": ""נועה_ארנברג""}, {""name"": ""גלית חוגי"", ""slug"": ""גלית_חוגי""}]","[{""name"": ""ליאור אשכנזי"", ""slug"": ""ליאור_אשכנזי""}]","[{""name"": ""מורן אטיאס"", ""slug"": ""מורן_אטיאס""}, {""name"": ""חנן סביון"", ""slug"": ""חנן_סביון""}, {""name"": ""גיא עמיר"", ""slug"": ""גיא_עמיר""}, {""name"": ""רותם אבוהב"", ""slug"": ""רותם_אבוהב""}, {""name"": ""יוסי מרשק"", ""slug"": ""יוסי_מרשק""}, {""name"": ""שירה נאור"", ""slug"": ""שירה_נאור""}, {""name"": ""אבי גרייניק"", ""slug"": ""אבי_גרייניק""}, {""name"": ""בן איתין"", ""slug"": null}]",דרמה,2021,,8,C (>1990)
אגדת חורבן,אגדת_חורבן,2021,"[{""name"": ""גידי דר"", ""slug"": ""גידי_דר""}, {""name"": ""שולי רנד"", ""slug"": ""שולי_רנד""}]","[{""name"": ""גידי דר"", ""slug"": null}]","[{""name"": ""שולי רנד"", ""slug"": ""שולי_רנד""}, {""name"": ""זאב רווח"", ""slug"": ""זאב_רווח""}, {""name"": ""עמוס תמם"", ""slug"": ""עמוס_תמם""}, {""name"": ""מוני מושונוב"", ""slug"": ""מוני_מושונוב""}, {""name"": ""יעל אבקסיס"", ""slug"": ""יעל_אבקסיס""}, {""name"": ""יגאל נאור"", ""slug"": ""יגאל_נאור""}]","דרמה,אנימציה",2021,,6,C (>1990)
עוד סיפור אחד,עוד_סיפור_אחד,2021,"[{""name"": ""גורי אלפי"", ""slug"": ""גורי_אלפי""}, {""name"": ""עומר ברק"", ""slug"": ""עומר_ברק""}, {""name"": ""נועה ארנברג"", ""slug"": ""נועה_ארנברג""}, {""name"": ""גלית חוגי"", ""slug"": ""גלית_חוגי""}, {""name"": ""דרור ויידמן"", ""slug"": null}]","[{""name"": ""גורי אלפי"", ""slug"": null}]","[{""name"": ""דינה סנדרסון"", ""slug"": ""דינה_סנדרסון""}, {""name"": ""גורי אלפי"", ""slug"": ""גורי_אלפי""}, {""name"": ""מעיין בלום"", ""slug"": ""מעיין_בלום""}, {""name"": ""דניאל גל"", ""slug"": ""דניאל_גל""}, {""name"": ""ליאור אשכנזי"", ""slug"": ""ליאור_אשכנזי""}, {""name"": ""עדי חבשוש"", ""slug"": ""עדי_חבשוש""}, {""name"": ""גיה באר גורביץ'"", ""slug"": ""גיה_באר_גורביץ'""}, {""name"": ""שני קליין"", ""slug"": ""שני_קליין""}, {""name"": ""אביב אלוש"", ""slug"": ""אביב_אלוש""}, {""name"": ""קובי פרג'"", ""slug"": ""קובי_פרג'""}]","קומדיה,רומנטיקה",2021,,10,C (>1990)
תוכנית א',תוכנית_א'_(סרט),2021,"[{""name"": ""דורון פז"", ""slug"": null}, {""name"": ""יואב פז"", ""slug"": null}]","[{""name"": ""דורון פז"", ""slug"": null}, {""name"": ""יואב פז"", ""slug"": null}]","[{""name"": ""אוגוסט דיל"", ""slug"": ""אוגוסט_דיל""}, {""name"": ""מיכאל אלוני"", ""slug"": ""מיכאל_אלוני""}, {""name"": ""עוז זהבי"", ""slug"": ""עוז_זהבי""}, {""name"": ""ישי גולן"", ""slug"": ""ישי_גולן""}, {""name"": ""סילביה הוקס"", ""slug"": null}]","דרמה,מתח",2021,,5,C (>1990)
סינמה סבאיא,סינמה_סבאיא,2021,"[{""name"": ""אורית פוקס רותם"", ""slug"": ""אורית_פוקס_רותם""}]","[{""name"": ""אורית פוקס רותם"", ""slug"": null}]","[{""name"": ""דנה איבגי"", ""slug"": ""דאנה_איבגי""}, {""name"": ""אמל מורקוס"", ""slug"": ""אמל_מורקוס""}, {""name"": ""מרלן בג'אלי"", ""slug"": ""מרלן_בג'אלי""}, {""name"": ""ח'אולה חאג'-דיבסי"", ""slug"": ""ח'אולה_חאג'-דיבסי""}, {""name"": ""ג'ואנה סעיד"", ""slug"": ""ג'ואנה_סעיד""}, {""name"": ""יולי הרגיל-שדה"", ""slug"": ""יולי_הרגיל-שדה""}, {""name"": ""אסיל פרחאת"", ""slug"": ""אסיל_פרחאת""}, {""name"": ""רותי לנדאו"", ""slug"": null}, {""name"": ""אורית סמואל"", ""slug"": null}, {""name"": ""ליאורה לוי"", ""slug"": null}]",דרמה,2021,,10,C (>1990)
בוטיק פריז,בוטיק_פריז,2022,"[{""name"": ""אורית בינדרמן-פאר"", ""slug"": null}, {""name"": ""פאולה זימרמן-טרגובניק"", ""slug"": null}]","[{""name"": ""מרקו כרמל"", ""slug"": ""מרקו_כרמל""}]","[{""name"": ""נלי תגר"", ""slug"": ""נלי_תגר""}, {""name"": ""ז'וזפין דראי"", ""slug"": null}, {""name"": ""אנחל בונני"", ""slug"": ""אנחל_בונני""}, {""name"": ""מוריס כהן"", ""slug"": ""מוריס_כהן_(שחקן)""}, {""name"": ""בת אל מוסרי"", ""slug"": ""בת_אל_מוסרי""}, {""name"": ""אריה צ'רנר"", ""slug"": ""אריה_צ'רנר""}]",קומדיה,2022,,6,C (>1990)
עד שתחזור,עד_שתחזור_(סרט),2022,"[{""name"": ""שרי תורג'מן"", ""slug"": null}]","[{""name"": ""שרי תורג'מן"", ""slug"": null}]","[{""name"": ""הלל ינאי שני"", ""slug"": null}, {""name"": ""דניאל ליטמן"", ""slug"": ""דניאל_ליטמן""}, {""name"": ""עדי גילת"", ""slug"": ""עדי_גילת""}, {""name"": ""אופק פסח"", ""slug"": ""אופק_פסח""}, {""name"": ""מוריס כהן"", ""slug"": ""מוריס_כהן_(שחקן)""}, {""name"": ""בני שיף"", ""slug"": null}]",דרמה,2022,,6,C (>1990)
בתולים,בתולים_(סרט),2022,"[{""name"": ""מאור זגורי"", ""slug"": ""מאור_זגורי""}]","[{""name"": ""מאור זגורי"", ""slug"": null}]","[{""name"": ""מאור לוי"", ""slug"": ""מאור_לוי_(שחקן)""}, {""name"": ""חן אמסלם-זגורי"", ""slug"": ""חן_אמסלם-זגורי""}, {""name"": ""עמוס תמם"", ""slug"": ""עמוס_תמם""}, {""name"": ""ליאנה עיון"", ""slug"": ""ליאנה_עיון""}, {""name"": ""אור עדי"", ""slug"": null}, {""name"": ""איתמר קליגר"", ""slug"": null}]",דרמה,2022,,6,C (>1990)
המצלמה של דוקטור מוריס,המצלמה_של_דוקטור_מוריס,2022,"[{""name"": ""מיטל צביאלי"", ""slug"": ""מיטל_צביאלי""}, {""name"": ""איתמר אלקלעי"", ""slug"": null}]","[{""name"": ""מיטל צביאלי"", ""slug"": null}, {""name"": ""איתמר אלקלעי"", ""slug"": null}]",[],תיעודי,2022,,0,C (>1990)
שיטת אלטמן,,2022,"[{""name"": ""נדב אהרונוביץ'"", ""slug"": ""נדב_אהרונוביץ'""}]","[{""name"": ""נדב אהרונוביץ'"", ""slug"": null}]","[{""name"": ""מעין וינשטוק"", ""slug"": ""מעין_וינשטוק""}, {""name"": ""דנה לרר"", ""slug"": ""דנה_לרר""}, {""name"": ""מעיין לאוב"", ""slug"": ""מעיין_לאוב""}, {""name"": ""ניר ברק"", ""slug"": null}, {""name"": ""מוראד חסן"", ""slug"": null}, {""name"": ""פיני גואטה"", ""slug"": null}, {""name"": ""נופר אלדיס"", ""slug"": null}]","דרמה, מתח, קומדה",2022,,7,C (>1990)
ילדים של אף אחד,,2022,"[{""name"": ""רועי אסף"", ""slug"": ""רועי_אסף""}, {""name"": ""ארז תדמור"", ""slug"": ""ארז_תדמור_(במאי_קולנוע)""}]","[{""name"": ""ארז תדמור"", ""slug"": null}]","[{""name"": ""תיקי דיין"", ""slug"": ""תיקי_דיין""}, {""name"": ""יעקב כהן"", ""slug"": ""יעקב_כהן_(שחקן)""}, {""name"": ""גיא לואל"", ""slug"": ""גיא_לואל""}, {""name"": ""שלומי ארבע"", ""slug"": ""שלומי_ארבע""}, {""name"": ""רועי אסף"", ""slug"": null}, {""name"": ""אורנלה בס"", ""slug"": null}, {""name"": ""מיכל זיס"", ""slug"": null}, {""name"": ""ג'רמי פינטו"", ""slug"": null}]",דרמה,2022,,8,C (>1990)
בחורים טובים,בחורים_טובים_(סרט_ישראלי),2022,"[{""name"": ""חוה דיבון"", ""slug"": ""חוה_דיבון""}]","[{""name"": ""ארז תדמור"", ""slug"": null}]","[{""name"": ""עמית רהב"", ""slug"": ""עמית_רהב""}, {""name"": ""ליאנה עיון"", ""slug"": ""ליאנה_עיון""}, {""name"": ""מאור שוויצר"", ""slug"": ""מאור_שוויצר""}, {""name"": ""עירית קפלן"", ""slug"": ""עירית_קפלן""}, {""name"": ""יקי רייסנר"", ""slug"": ""יקי_רייסנר""}, {""name"": ""עמית מורשת"", ""slug"": ""עמית_מורשת""}, {""name"": ""גיא לואל"", ""slug"": ""גיא_לואל""}, {""name"": ""נטע שפיגלמן"", ""slug"": ""נטע_שפיגלמן""}, {""name"": ""רועי אסף"", ""slug"": ""רועי_אסף""}, {""name"": ""ריימונד אמסלם"", ""slug"": ""ריימונד_אמסלם""}, {""name"": ""שראל פיטרמן"", ""slug"": ""שראל_פיטרמן""}]",דרמה קומית,2022,,11,C (>1990)
גרגירי חול,גרגירי_חול,2022,"[{""name"": ""גיתית כבירי"", ""slug"": ""גיתית_כבירי""}]","[{""name"": ""גיתית כבירי"", ""slug"": null}, {""name"": ""יהל גבירי"", ""slug"": null}]","[{""name"": ""שני כהן"", ""slug"": ""שני_כהן""}, {""name"": ""יוסי מרשק"", ""slug"": ""יוסי_מרשק""}, {""name"": ""אורי פפר"", ""slug"": ""אורי_פפר""}, {""name"": ""לוסי אהריש"", ""slug"": ""לוסי_אהריש""}, {""name"": ""יונתן להב ויסברג"", ""slug"": null}, {""name"": ""שירז אדרי"", ""slug"": null}, {""name"": ""עלאי אלמודי"", ""slug"": null}]",,2022,,7,C (>1990)
קריוקי,"קריוקי_(סרט,_2022)",2022,"[{""name"": ""משה רוזנטל"", ""slug"": ""משה_רוזנטל""}]","[{""name"": ""משה רוזנטל"", ""slug"": null}]","[{""name"": ""ששון גבאי"", ""slug"": ""ששון_גבאי""}, {""name"": ""ליאור אשכנזי"", ""slug"": ""ליאור_אשכנזי""}, {""name"": ""ריטה שוקרון"", ""slug"": ""ריטה_שוקרון""}]",דרמה,2022,,3,C (>1990)
החבר השמן שלי,החבר_השמן_שלי,2022,"[{""name"": ""ליאת אלקיים"", ""slug"": ""ליאת_אלקיים""}, {""name"": ""גודיס שניידר"", ""slug"": null}]","[{""name"": ""גודיס שניידר"", ""slug"": null}]","[{""name"": ""מי-רן מנקס"", ""slug"": ""מי-רן_מנקס""}, {""name"": ""אסף פרי"", ""slug"": ""אסף_פרי""}, {""name"": ""צחי סדן"", ""slug"": null}, {""name"": ""אפרת וינטראוב"", ""slug"": null}]","דרמה, קומדיה",2022,,4,C (>1990)
הבשורה על פי יהודה,,2022,"[{""name"": ""שוש וולמן"", ""slug"": null}]","[{""name"": ""דן וולמן"", ""slug"": ""דן_וולמן""}]","[{""name"": ""דורון תבורי"", ""slug"": ""דורון_תבורי""}, {""name"": ""יובלי ליבני"", ""slug"": null}, {""name"": ""עינב מרקל"", ""slug"": null}]","דרמה,תקופתי",2022,,3,C (>1990)
הדרך לאילת,הדרך_לאילת,2022,"[{""name"": ""יונתן רוזנקיאר"", ""slug"": null}]","[{""name"": ""יונתן רוזנקיאר"", ""slug"": null}]","[{""name"": ""שמואל וילוז'ני"", ""slug"": ""שמואל_וילוז'ני""}, {""name"": ""יואל רוזנקיאר"", ""slug"": ""יואל_רוזנקיאר""}, {""name"": ""אביבה נגוסה"", ""slug"": ""אביבה_נגוסה""}, {""name"": ""דובר קוסאשווילי"", ""slug"": ""דובר_קוסאשווילי""}, {""name"": ""אברהם סלקטר"", ""slug"": ""אברהם_סלקטר""}, {""name"": ""דניאל סבג"", ""slug"": ""דניאל_סבג""}, {""name"": ""מיכה רוזנקיאר"", ""slug"": null}, {""name"": ""רוי קרניאל"", ""slug"": null}]","דרמה,קומדיה",2022,,8,C (>1990)
שער הפרחים,שער_הפרחים_(סרט),2022,"[{""name"": ""אריק משעלי"", ""slug"": ""אריק_משעלי""}, {""name"": ""סמי שלום שטרית"", ""slug"": ""סמי_שלום_שטרית""}, {""name"": ""חיים בוזגלו"", ""slug"": ""חיים_בוזגלו""}]","[{""name"": ""חיים בוזגלו"", ""slug"": null}]","[{""name"": ""אריק משעלי"", ""slug"": ""אריק_משעלי""}, {""name"": ""חיים זנאתי"", ""slug"": ""חיים_זנאתי""}, {""name"": ""ריימונד אמסלם"", ""slug"": ""ריימונד_אמסלם""}, {""name"": ""הילה סעדה"", ""slug"": ""הילה_סעדה""}, {""name"": ""אלברט אילוז"", ""slug"": ""אלברט_אילוז""}, {""name"": ""ישראל דמידוב"", ""slug"": ""ישראל_דמידוב""}, {""name"": ""זאב רווח"", ""slug"": ""זאב_רווח""}, {""name"": ""אנט כהן"", ""slug"": null}, {""name"": ""איציק זוהר"", ""slug"": null}, {""name"": ""מיטל פארן"", ""slug"": null}, {""name"": ""אקסל אזולאי"", ""slug"": null}, {""name"": ""איתי בוזגלו"", ""slug"": null}, {""name"": ""יוגב קינן"", ""slug"": null}, {""name"": ""ג'נט סבג"", ""slug"": null}, {""name"": ""אורלי טובלי פולק"", ""slug"": null}]","דרמה,קומדיה",2022,,15,C (>1990)
ולריה מתחתנת,ולריה_מתחתנת,2022,"[{""name"": ""מיכל ויניק"", ""slug"": ""מיכל_ויניק""}]","[{""name"": ""מיכל ויניק"", ""slug"": null}]","[{""name"": ""לנה פרייפלד"", ""slug"": ""לנה_פרייפלד""}, {""name"": ""דשה טבורוננוביץ'"", ""slug"": null}, {""name"": ""יעקב זדה-דניאל"", ""slug"": ""יעקב_זדה-דניאל""}, {""name"": ""אברהם שלום לוי"", ""slug"": ""אברהם_שלום_לוי""}]",דרמה,2022,,4,C (>1990)
הפילגש,הפילגש,2022,"[{""name"": ""מעין ריף"", ""slug"": null}, {""name"": ""ענת גפני"", ""slug"": null}]","[{""name"": ""מעין ריף"", ""slug"": null}]","[{""name"": ""דאנה איבגי"", ""slug"": ""דאנה_איבגי""}, {""name"": ""אניה בוקשטיין"", ""slug"": ""אניה_בוקשטיין""}, {""name"": ""עירית גדרון"", ""slug"": null}, {""name"": ""איתמר רוטשילד"", ""slug"": ""איתמר_רוטשילד""}, {""name"": ""יניב ביטון"", ""slug"": ""יניב_ביטון""}, {""name"": ""ענת עצמון"", ""slug"": ""ענת_עצמון""}]",דרמה,2022,,6,C (>1990)
הנפש הטובה,,2022,"[{""name"": ""איתן ענר"", ""slug"": ""איתן_ענר""}, {""name"": ""דורון נאמן"", ""slug"": null}]","[{""name"": ""איתן ענר"", ""slug"": null}]","[{""name"": ""מורן רוזנבלט"", ""slug"": ""מורן_רוזנבלט""}, {""name"": ""רמי הויברגר"", ""slug"": ""רמי_הויברגר""}, {""name"": ""יעל טל"", ""slug"": ""יעל_טל""}, {""name"": ""אורי גוטליב"", ""slug"": ""אורי_גוטליב""}, {""name"": ""נילי צרויה"", ""slug"": ""נילי_צרויה""}, {""name"": ""ליה ברנט"", ""slug"": null}, {""name"": ""נאוה זיו"", ""slug"": null}]",דרמה,2022,,7,C (>1990)
אדמה בוערת,אדמה_בוערת_(סרט_ישראלי),2022,"[{""name"": ""לירן שטרית"", ""slug"": ""לירן_שטרית""}]","[{""name"": ""לירן שטרית"", ""slug"": null}]","[{""name"": ""אסף הרץ"", ""slug"": ""אסף_הרץ""}, {""name"": ""יעל לבנטל"", ""slug"": ""יעל_לבנטל""}, {""name"": ""נתי רביץ"", ""slug"": ""נתי_רביץ""}, {""name"": ""ריקי בליך"", ""slug"": ""ריקי_בליך""}]",דרמה,2022,,4,C (>1990)
מתחת לצל של השמש,,2023,"[{""name"": ""סיגלית ליפשיץ"", ""slug"": ""סיגלית_ליפשיץ""}, {""name"": ""שלום הגר"", ""slug"": null}]","[{""name"": ""שלום הגר"", ""slug"": null}]","[{""name"": ""נצנת מקונן"", ""slug"": ""נצנת_מקונן""}, {""name"": ""ערן איוניר"", ""slug"": ""ערן_איוניר""}, {""name"": ""אימוס איינו"", ""slug"": null}, {""name"": ""חנוך וובה"", ""slug"": null}, {""name"": ""טטנה כבדה אספה"", ""slug"": null}, {""name"": ""מאיר דסה"", ""slug"": null}, {""name"": ""אילן חזן"", ""slug"": null}]",דרמה,2023,,7,C (>1990)
צ'קאאוט,,2023,"[{""name"": ""יונתן דקל"", ""slug"": null}, {""name"": ""שי סתרן"", ""slug"": null}]","[{""name"": ""יונתן דקל"", ""slug"": null}]","[{""name"": ""נורמן עיסא"", ""slug"": ""נורמן_עיסא""}, {""name"": ""דר זוזובסקי"", ""slug"": ""דר_זוזובסקי""}, {""name"": ""עוז זהבי"", ""slug"": ""עוז_זהבי""}, {""name"": ""יעל שרוני"", ""slug"": ""יעל_שרוני""}, {""name"": ""אקי אבני"", ""slug"": ""אקי_אבני""}, {""name"": ""ג'וש פייס"", ""slug"": null}, {""name"": ""ג'וליה סמסון"", ""slug"": null}, {""name"": ""סרין סאנוסיאן"", ""slug"": null}, {""name"": ""קתרינה ולסנקו"", ""slug"": null}]","דרמה,מתח",2023,,9,C (>1990)
החייל הנעלם,החייל_הנעלם,2023,"[{""name"": ""דני רוזנברג"", ""slug"": ""דני_רוזנברג""}, {""name"": ""עמיר קליגר"", ""slug"": null}]","[{""name"": ""דני רוזנברג"", ""slug"": null}]","[{""name"": ""עידו טאקו"", ""slug"": ""עידו_טאקו""}, {""name"": ""אפרת בן צור"", ""slug"": ""אפרת_בן_צור""}, {""name"": ""תיקי דיין"", ""slug"": ""תיקי_דיין""}, {""name"": ""מיקה רייס"", ""slug"": null}, {""name"": ""שמוליק כהן"", ""slug"": null}, {""name"": ""משה ויידר"", ""slug"": null}]",דרמה,2023,,6,C (>1990)
ההילולה,ההילולה,2023,"[{""name"": ""מני אסייג"", ""slug"": ""מני_אסייג""}, {""name"": ""דניאל אסייג"", ""slug"": ""דניאל_אסייג""}, {""name"": ""שלום אסייג"", ""slug"": ""שלום_אסייג""}, {""name"": ""אור כהן"", ""slug"": null}]","[{""name"": ""אריאל בנבג'י"", ""slug"": ""אריאל_בנבג'י""}, {""name"": ""שלום אסייג"", ""slug"": ""שלום_אסייג""}]","[{""name"": ""שלום אסייג"", ""slug"": ""אוולין_הגואל""}, {""name"": ""דניאל אסייג"", ""slug"": ""דניאל_אסייג""}, {""name"": ""אוולין הגואל"", ""slug"": ""אוולין_הגואל""}, {""name"": ""עפר שכטר"", ""slug"": ""עפר_שכטר""}, {""name"": ""שרלין חזיזה"", ""slug"": ""שרלין_חזיזה""}, {""name"": ""עדי אלון"", ""slug"": ""עדי_אלון""}, {""name"": ""שלומי קוריאט"", ""slug"": ""שלומי_קוריאט""}, {""name"": ""לינור אברג'יל"", ""slug"": ""לינור_אברג'יל""}, {""name"": ""צחי נוי"", ""slug"": ""צחי_נוי""}, {""name"": ""אריק משעלי"", ""slug"": ""אריק_משעלי""}, {""name"": ""חי דוידוב"", ""slug"": ""חי_דוידוב""}, {""name"": ""גרא סנדלר"", ""slug"": ""גרא_סנדלר""}, {""name"": ""הרצל טובי"", ""slug"": ""הרצל_טובי""}, {""name"": ""מוריס כהן"", ""slug"": ""מוריס_כהן_(שחקן)""}, {""name"": ""מוטי בן ישי"", ""slug"": ""מוטי_בן_ישי""}, {""name"": ""אלכסנדר סנדרוביץ'"", ""slug"": ""אלכסנדר_סנדרוביץ'""}, {""name"": ""ירון לוי סבג"", ""slug"": ""ירון_לוי_סבג""}, {""name"": ""יגאל עדיקא"", ""slug"": ""יגאל_עדיקא""}, {""name"": ""יפה לוי"", ""slug"": ""יפה_לוי""}, {""name"": ""יוסי וידר"", ""slug"": ""יוסי_וידר""}, {""name"": ""דניאל סוויסה"", ""slug"": ""דניאל_סוויסה""}, {""name"": ""אוראל צברי"", ""slug"": ""אוראל_צברי""}]",קומדיה,2023,,22,C (>1990)
שבע ברכות,שבע_ברכות_(סרט),2023,"[{""name"": ""אלינור סלע"", ""slug"": ""אלינור_סלע""}, {""name"": ""ריימונד אמסלם"", ""slug"": ""ריימונד_אמסלם""}]","[{""name"": ""איילת מנחמי"", ""slug"": null}]","[{""name"": ""אלינור סלע"", ""slug"": ""אלינור_סלע""}, {""name"": ""דניאל סבג"", ""slug"": ""דניאל_סבג""}, {""name"": ""תיקי דיין"", ""slug"": ""תיקי_דיין""}, {""name"": ""מורין אמור"", ""slug"": ""מורין_אמור""}, {""name"": ""יואב לוי"", ""slug"": ""יואב_לוי""}, {""name"": ""רבקה בכר"", ""slug"": ""רבקה_בכר""}, {""name"": ""עידית טפרסון"", ""slug"": ""עידית_טפרסון""}, {""name"": ""ערן מור"", ""slug"": ""ערן_מור""}, {""name"": ""יעל לבנטל"", ""slug"": ""יעל_לבנטל""}]",דרמה,2023,,9,C (>1990)
העיר הזאת,העיר_הזאת_(סרט),2023,"[{""name"": ""עמית אולמן"", ""slug"": ""עמית_אולמן""}, {""name"": ""ג'ימבו ג'יי"", ""slug"": ""ג'ימבו_ג'יי""}, {""name"": ""עומר מור"", ""slug"": ""עומר_מור""}, {""name"": ""עומר הברון ("", ""slug"": null}, {""name"": "")"", ""slug"": null}]","[{""name"": ""עמית אולמן"", ""slug"": null}]","[{""name"": ""מוריה אקונס"", ""slug"": ""מוריה_אקונס""}, {""name"": ""אלון נוימן"", ""slug"": ""אלון_נוימן""}, {""name"": ""עידן אלתרמן"", ""slug"": ""עידן_אלתרמן""}, {""name"": ""איציק פצצתי"", ""slug"": ""איציק_פצצתי""}, {""name"": ""טונה"", ""slug"": ""טונה_(ראפר)""}, {""name"": ""פלד"", ""slug"": ""פלד_(ראפר)""}, {""name"": ""אקו מורגנשטרן"", ""slug"": ""אקו_(ראפרית)""}, {""name"": ""סימה ברמי"", ""slug"": ""סימה_ברמי""}, {""name"": ""טל טירנגל"", ""slug"": ""טל_טירנגל""}, {""name"": ""עמית אולמן"", ""slug"": null}, {""name"": ""עומר הברון"", ""slug"": null}, {""name"": ""ראובן טדורס"", ""slug"": null}]",אופרת ראפ,2023,,12,C (>1990)
דבי הייתה פה,,2023,"[{""name"": ""דנה גולדברג"", ""slug"": ""דנה_גולדברג""}]","[{""name"": ""דנה גולדברג"", ""slug"": null}]","[{""name"": ""איילת מרגלית"", ""slug"": ""איילת_מרגלית""}, {""name"": ""כרמית מסילתי"", ""slug"": ""כרמית_מסילתי""}, {""name"": ""חווה לוי רוזלסקי"", ""slug"": ""חווה_לוי_רוזלסקי""}, {""name"": ""נדיה קוצ'ר"", ""slug"": ""נדיה_קוצ'ר""}, {""name"": ""לני כהן"", ""slug"": ""לני_כהן""}, {""name"": ""בני אבני"", ""slug"": ""בני_אבני""}, {""name"": ""יפה תוסיה כהן"", ""slug"": ""יפה_תוסיה_כהן""}, {""name"": ""דקר אלבז"", ""slug"": null}, {""name"": ""הילה קפלן"", ""slug"": null}, {""name"": ""ג'רמי פינטו"", ""slug"": null}, {""name"": ""דייוויד ששוני"", ""slug"": null}]",דרמה,2023,,11,C (>1990)
תמונות יפואיות,"תמונות_יפואיות_(סרט,_2024)",2024,"[{""name"": ""אריק לובצקי"", ""slug"": ""אריק_לובצקי""}, {""name"": ""מתי הררי"", ""slug"": ""מתי_הררי_(יוצר)""}]","[{""name"": ""אריק לובצקי"", ""slug"": ""אריק_לובצקי""}, {""name"": ""מתי הררי"", ""slug"": ""מתי_הררי_(יוצר)""}]","[{""name"": ""אורי גבריאל"", ""slug"": ""אורי_גבריאל""}, {""name"": ""מוטי בן ישי"", ""slug"": ""מוטי_בן_ישי""}, {""name"": ""ישראל אטיאס"", ""slug"": ""ישראל_אטיאס""}, {""name"": ""יגאל עדיקא"", ""slug"": ""יגאל_עדיקא""}, {""name"": ""אוראל צברי"", ""slug"": ""אוראל_צברי""}, {""name"": ""שלומי קוריאט"", ""slug"": ""שלומי_קוריאט""}, {""name"": ""ג'וליה מסלאווי"", ""slug"": ""ג'וליה_מסלאווי""}, {""name"": ""גבי דן"", ""slug"": ""גבי_דן""}, {""name"": ""עודד מנסטר"", ""slug"": ""עודד_מנסטר""}, {""name"": ""אסתי זקהיים"", ""slug"": ""אסתי_זקהיים""}, {""name"": ""ליאת אקטע"", ""slug"": ""ליאת_אקטע""}, {""name"": ""דקל וקנין"", ""slug"": null}, {""name"": ""צ'ינו אלמיזרק"", ""slug"": null}, {""name"": ""אלמוג רוזנו"", ""slug"": null}]","פשע,קומדיה",2024,,14,C (>1990)
מרוסקים: גולסטאר הסרט,מרוסקים:_גולסטאר_הסרט,2024,"[{""name"": ""דוד דהן"", ""slug"": ""דוד_דהן""}]","[{""name"": ""אמיל בן שמעון"", ""slug"": ""אמיל_בן_שמעון""}]","[{""name"": ""שייע פייגנבוים"", ""slug"": ""שייע_פייגנבוים""}, {""name"": ""ירון ברלד"", ""slug"": ""ירון_ברלד""}, {""name"": ""ג'ובאני רוסו"", ""slug"": ""ג'ובאני_רוסו""}, {""name"": ""דין מירושניקוב"", ""slug"": ""דין_מירושניקוב""}, {""name"": ""רז זהבי"", ""slug"": ""רז_זהבי""}, {""name"": ""זהר ליבה"", ""slug"": ""זהר_ליבה""}, {""name"": ""ניר לוי"", ""slug"": ""ניר_לוי""}, {""name"": ""אלעד צפני"", ""slug"": ""אלעד_צפני""}, {""name"": ""אורי ברויר"", ""slug"": ""אורי_ברויר""}, {""name"": ""ליאם גולן"", ""slug"": null}, {""name"": ""אביבה נגוסה"", ""slug"": ""אביבה_נגוסה""}, {""name"": ""פרפילאב מונגוזה"", ""slug"": null}, {""name"": ""קובי סויסה"", ""slug"": null}, {""name"": ""חיים שועי"", ""slug"": null}, {""name"": ""."", ""slug"": null}]",קומדיה,2024,,15,C (>1990)
מזל חתולה,מזל_חתולה,2024,"[{""name"": ""חנן סביון"", ""slug"": ""חנן_סביון""}, {""name"": ""גיא עמיר"", ""slug"": ""גיא_עמיר""}]","[{""name"": ""חנן סביון"", ""slug"": null}, {""name"": ""גיא עמיר"", ""slug"": null}]","[{""name"": ""חנן סביון"", ""slug"": ""חנן_סביון""}, {""name"": ""גיא עמיר"", ""slug"": ""גיא_עמיר""}, {""name"": ""מלי לוי"", ""slug"": ""מלי_לוי""}, {""name"": ""צחי הלוי"", ""slug"": ""צחי_הלוי""}, {""name"": ""רותם אבוהב"", ""slug"": ""רותם_אבוהב""}, {""name"": ""ליאור אשכנזי"", ""slug"": ""ליאור_אשכנזי""}, {""name"": ""יוסי מרשק"", ""slug"": ""יוסי_מרשק""}, {""name"": ""לבנה פינקלשטיין"", ""slug"": ""לבנה_פינקלשטיין""}, {""name"": ""אורי הוכמן"", ""slug"": ""אורי_הוכמן""}]",קומדיה,2024,,9,C (>1990)
בחורים טובים 2,בחורים_טובים_2,2024,"[{""name"": ""חוה דיבון"", ""slug"": ""חוה_דיבון""}]","[{""name"": ""ארז תדמור"", ""slug"": ""ארז_תדמור_(במאי_קולנוע)""}]","[{""name"": ""מאור שוויצר"", ""slug"": ""מאור_שוויצר""}, {""name"": ""עומר נודלמן"", ""slug"": ""עומר_נודלמן""}, {""name"": ""ניב סולטן"", ""slug"": ""ניב_סולטן""}, {""name"": ""עירית קפלן"", ""slug"": ""עירית_קפלן""}, {""name"": ""יקי רייסנר"", ""slug"": ""יקי_רייסנר""}, {""name"": ""עמית מורשת"", ""slug"": ""עמית_מורשת""}, {""name"": ""עמית רהב"", ""slug"": ""עמית_רהב""}, {""name"": ""ליאנה עיון"", ""slug"": ""ליאנה_עיון""}, {""name"": ""גיא לואל"", ""slug"": ""גיא_לואל""}, {""name"": ""נטע שפיגלמן"", ""slug"": ""נטע_שפיגלמן""}, {""name"": ""רועי אסף"", ""slug"": ""רועי_אסף""}, {""name"": ""ריימונד אמסלם"", ""slug"": ""ריימונד_אמסלם""}, {""name"": ""נועם אימבר"", ""slug"": ""נועם_אימבר""}, {""name"": ""יואב רוטמן"", ""slug"": ""יואב_רוטמן""}, {""name"": ""שראל פיטרמן"", ""slug"": ""שראל_פיטרמן""}]",דרמה קומית,2024,,15,C (>1990)
כיסופים,כיסופים_(סרט),2024,"[{""name"": ""קרן נחמד"", ""slug"": null}, {""name"": ""יהונתן בר אילן"", ""slug"": ""יהונתן_בר_אילן""}, {""name"": ""הדר ארזי"", ""slug"": null}]","[{""name"": ""קרן נחמד"", ""slug"": null}]","[{""name"": ""סוול אריאל אור"", ""slug"": ""סוול_אריאל_אור""}, {""name"": ""יהונתן וילוז'ני"", ""slug"": ""יהונתן_וילוז'ני""}, {""name"": ""אדם גבאי"", ""slug"": ""אדם_גבאי""}, {""name"": ""מילי עשת"", ""slug"": ""מילי_עשת""}, {""name"": ""ארז עובד"", ""slug"": ""ארז_עובד""}, {""name"": ""ליר כץ"", ""slug"": ""ליר_כץ""}, {""name"": ""תמיר גינזבורג"", ""slug"": ""תמיר_גינזבורג""}, {""name"": ""עפר גרינברג"", ""slug"": null}]",דרמה,2024,,8,C (>1990)
חמדה,חמדה_(סרט),2024,"[{""name"": ""שמי זרחין"", ""slug"": ""שמי_זרחין""}]","[{""name"": ""שמי זרחין"", ""slug"": null}]","[{""name"": ""ששון גבאי"", ""slug"": ""ששון_גבאי""}, {""name"": ""אסי לוי"", ""slug"": ""אסי_לוי""}, {""name"": ""מאור לוי"", ""slug"": ""מאור_לוי_(שחקן)""}, {""name"": ""ליטל שוורץ"", ""slug"": ""ליטל_שוורץ""}, {""name"": ""רועי אסף"", ""slug"": ""רועי_אסף""}, {""name"": ""עדי אלון"", ""slug"": ""עדי_אלון""}, {""name"": ""לבנה פינקלשטיין"", ""slug"": ""לבנה_פינקלשטיין""}, {""name"": ""שאדי מרעי"", ""slug"": ""שאדי_מרעי""}]",דרמה,2024,,8,C (>1990)
בנות כמונו,בנות_כמונו,2024,"[{""name"": ""בת אל מוסרי"", ""slug"": ""בת_אל_מוסרי""}]","[{""name"": ""לי גילת"", ""slug"": ""לי_גילת""}]","[{""name"": ""יעקב זדה-דניאל"", ""slug"": ""יעקב_זדה-דניאל""}, {""name"": ""בת אל מוסרי"", ""slug"": ""בת_אל_מוסרי""}, {""name"": ""היאלי יוסף זאדה"", ""slug"": null}, {""name"": ""הדר דרור"", ""slug"": null}]",דרמה,2024,,4,C (>1990)
קרוב אלי,קרוב_אלי,2024,"[{""name"": ""תום נשר"", ""slug"": ""תום_נשר""}]","[{""name"": ""תום נשר"", ""slug"": null}]","[{""name"": ""ליה אללוף"", ""slug"": ""ליה_אללוף""}, {""name"": ""דריה רוזן"", ""slug"": ""דריה_רוזן""}, {""name"": ""עידו טאקו"", ""slug"": ""עידו_טאקו""}, {""name"": ""נטע גרטי"", ""slug"": ""נטע_גרטי""}, {""name"": ""יעקב זדה-דניאל"", ""slug"": ""יעקב_זדה-דניאל""}, {""name"": ""אופק פסח"", ""slug"": ""אופק_פסח""}]",דרמה,2024,,6,C (>1990)
בית,"בית_(סרט,_2023)",2024,"[{""name"": ""בני פרדמן"", ""slug"": null}]","[{""name"": ""בני פרדמן"", ""slug"": null}]","[{""name"": ""רועי ניק"", ""slug"": ""רועי_ניק""}, {""name"": ""ירדן תוסייה כהן"", ""slug"": ""ירדן_תוסייה_כהן""}, {""name"": ""רמי ברוך"", ""slug"": ""רמי_ברוך""}, {""name"": ""ניב מג'ר"", ""slug"": ""ניב_מג'ר""}, {""name"": ""דרור קרן"", ""slug"": ""דרור_קרן""}, {""name"": ""רועי ויינברג"", ""slug"": ""רועי_ויינברג""}, {""name"": ""אסתי קוסוביצקי"", ""slug"": ""אסתי_קוסוביצקי""}, {""name"": ""ריקי בליך"", ""slug"": ""ריקי_בליך""}]",דרמה,2024,,8,C (>1990)
המנצחים,המנצחים_(סרט),2024,"[{""name"": ""אלירן פלד"", ""slug"": ""אלירן_פלד""}, {""name"": ""יונתן בלומנפלד"", ""slug"": null}]","[{""name"": ""אלירן פלד"", ""slug"": null}]","[{""name"": ""דניאל ליטמן"", ""slug"": ""דניאל_ליטמן""}, {""name"": ""עמית פרקש"", ""slug"": ""עמית_פרקש""}, {""name"": ""ידין גלמן"", ""slug"": ""ידין_גלמן""}, {""name"": ""יעל שטולמן"", ""slug"": ""יעל_שטולמן""}, {""name"": ""דור הררי"", ""slug"": ""דור_הררי""}, {""name"": ""יואב רוטמן"", ""slug"": ""יואב_רוטמן""}, {""name"": ""אורנה כץ"", ""slug"": ""אורנה_כץ""}, {""name"": ""יותם קושניר"", ""slug"": ""יותם_קושניר""}, {""name"": ""נועם שנהב"", ""slug"": null}, {""name"": ""גיל וייס"", ""slug"": ""גיל_וייס""}, {""name"": ""יון תומרקין"", ""slug"": ""יון_תומרקין""}, {""name"": ""שרון אלכסנדר"", ""slug"": ""שרון_אלכסנדר""}, {""name"": ""יפה לוי"", ""slug"": ""יפה_לוי""}, {""name"": ""ספיר יוסף"", ""slug"": null}, {""name"": ""אודי קנבל"", ""slug"": null}, {""name"": ""רותם קינן"", ""slug"": ""רותם_קינן""}]",דרמה מוזיקלית,2024,,16,C (>1990)
פינק ליידי,פינק_ליידי,2024,"[{""name"": ""מינדי ארליך"", ""slug"": null}]","[{""name"": ""ניר ברגמן"", ""slug"": ""ניר_ברגמן""}]","[{""name"": ""נור פיבק"", ""slug"": null}, {""name"": ""אורי בלופרב"", ""slug"": ""אורי_בלופרב""}, {""name"": ""שרה פון שוורצה"", ""slug"": ""שרה_פון_שוורצה""}, {""name"": ""גל מלכה"", ""slug"": ""גל_מלכה_(שחקנית)""}, {""name"": ""מיכל ויינברג"", ""slug"": ""מיכל_ויינברג""}, {""name"": ""רומי אבירם"", ""slug"": ""רומי_אבירם""}, {""name"": ""גור יערי"", ""slug"": null}, {""name"": ""שרון בראדלי"", ""slug"": null}]",דרמה,2024,,8,C (>1990)
יום באמסטרדם,,2024,"[{""name"": ""רוני קידר"", ""slug"": ""רוני_קידר""}]","[{""name"": ""רוני קידר"", ""slug"": null}]","[{""name"": ""נעמה אמית"", ""slug"": ""נעמה_אמית""}, {""name"": ""יותם ישי"", ""slug"": ""יותם_ישי""}, {""name"": ""נל ברלו"", ""slug"": null}, {""name"": ""ניתאי גבירץ"", ""slug"": null}, {""name"": ""ג'ו סינדויג'ה"", ""slug"": null}]","דרמה,קומדיה",2024,,5,C (>1990)
לא יום ולא לילה,לא_יום_ולא_לילה,2024,"[{""name"": ""פנחס וויה"", ""slug"": null}, {""name"": ""אהרון ישראל"", ""slug"": null}]","[{""name"": ""פנחס וויה"", ""slug"": null}]","[{""name"": ""אדם חתוכה פלד"", ""slug"": null}, {""name"": ""מעין ערמני"", ""slug"": null}, {""name"": ""שמואל וילוז'ני"", ""slug"": ""שמואל_וילוז'ני""}, {""name"": ""דורית לב-ארי"", ""slug"": ""דורית_לב-ארי""}, {""name"": ""אלי מנשה"", ""slug"": null}, {""name"": ""מאיה כהן"", ""slug"": null}]",דרמה,2024,,6,C (>1990)
חלב,חלב_(סרט),2024,"[{""name"": ""מאיה קינג"", ""slug"": ""מאיה_קניג""}]","[{""name"": ""מאיה קינג"", ""slug"": null}]","[{""name"": ""הילה רוח"", ""slug"": ""הילה_רוח""}, {""name"": ""הדס ירון"", ""slug"": ""הדס_ירון""}, {""name"": ""טלי שרון"", ""slug"": ""טלי_שרון""}, {""name"": ""קוסטה קפלן"", ""slug"": null}, {""name"": ""עומר ברנע"", ""slug"": ""עומר_ברנע""}, {""name"": ""טליה ברטפלד"", ""slug"": ""טליה_ברטפלד""}, {""name"": ""מעיין תורג'מן"", ""slug"": null}, {""name"": ""סימור דניאל"", ""slug"": null}, {""name"": ""יבגני מוליבוגה"", ""slug"": null}]",דרמה,2024,,9,C (>1990)
כביש הסרגל,כביש_הסרגל_(סרט),2024,"[{""name"": ""מיה דרייפוס"", ""slug"": ""מיה_דרייפוס""}]","[{""name"": ""מיה דרייפוס"", ""slug"": null}]","[{""name"": ""טלי שרון"", ""slug"": ""טלי_שרון""}, {""name"": ""עידן עמדי"", ""slug"": ""עידן_עמדי""}, {""name"": ""שרה פון שוורצה"", ""slug"": ""שרה_פון_שוורצה""}, {""name"": ""דיקלה דורי"", ""slug"": ""דיקלה""}, {""name"": ""יגאל נאור"", ""slug"": ""יגאל_נאור""}, {""name"": ""בועז קונפורטי"", ""slug"": ""בועז_קונפורטי""}, {""name"": ""אנסטסייה פיין"", ""slug"": ""אנסטסיה_פיין""}]","דרמה, מתח",2024,,7,C (>1990)
חליסה,חליסה_(סרט),2024,"[{""name"": ""סופי ארטוס"", ""slug"": ""סופי_ארטוס""}]","[{""name"": ""סופי ארטוס"", ""slug"": null}]","[{""name"": ""נועה קולר"", ""slug"": ""נועה_קולר""}, {""name"": ""דנה ברקוביץ"", ""slug"": ""דנה_אברמוביץ'""}, {""name"": ""אנטולי בליי"", ""slug"": ""אנטולי_בליי""}]",דרמה,2024,,3,C (>1990)
מופע טוטאל,מופע_טוטאל,2025,"[{""name"": ""רועי אסף"", ""slug"": null}, {""name"": ""עמרי ון אסן"", ""slug"": null}]","[{""name"": ""רועי אסף"", ""slug"": ""רועי_אסף""}]","[{""name"": ""אורי גבריאל"", ""slug"": ""אורי_גבריאל""}, {""name"": ""רועי אסף"", ""slug"": null}, {""name"": ""אורנלה בס"", ""slug"": null}]",דרמה,2025,,3,C (>1990)
ההילולה 2 – החתונה,ההילולה_2_–_החתונה,2025,"[{""name"": ""שלום אסייג"", ""slug"": ""שלום_אסייג""}, {""name"": ""דניאל אסייג"", ""slug"": ""דניאל_אסייג""}, {""name"": ""אור כהן"", ""slug"": ""אור_כהן""}]","[{""name"": ""שלום אסייג"", ""slug"": ""שלום_אסייג""}, {""name"": ""יריב הורוביץ"", ""slug"": ""יריב_הורוביץ""}]","[{""name"": ""שלום אסייג"", ""slug"": ""שלום_אסייג""}, {""name"": ""דניאל אסייג"", ""slug"": ""דניאל_אסייג""}, {""name"": ""אוולין הגואל"", ""slug"": ""אוולין_הגואל""}, {""name"": ""עפר שכטר"", ""slug"": ""עפר_שכטר""}, {""name"": ""שלומי קוריאט"", ""slug"": ""שלומי_קוריאט""}, {""name"": ""אריק משעלי"", ""slug"": ""אריק_משעלי""}, {""name"": ""אוראל צברי"", ""slug"": ""אוראל_צברי""}, {""name"": ""גרא סנדלר"", ""slug"": ""גרא_סנדלר""}, {""name"": ""חי דוידוב"", ""slug"": ""חי_דוידוב""}, {""name"": ""הרצל טובי"", ""slug"": ""הרצל_טובי""}, {""name"": ""יגאל עדיקא"", ""slug"": ""יגאל_עדיקא""}, {""name"": ""עדי אלון"", ""slug"": ""עדי_אלון""}, {""name"": ""מוטי בן ישי"", ""slug"": ""מוטי_בן_ישי""}, {""name"": ""שרלין חזיזה"", ""slug"": ""שרלין_חזיזה""}, {""name"": ""רמי קאשי"", ""slug"": ""רמי_קאשי""}, {""name"": ""דובר קוסאשווילי"", ""slug"": ""דובר_קוסאשווילי""}, {""name"": ""יפה לוי"", ""slug"": ""יפה_לוי""}, {""name"": ""דניאל סוויסה"", ""slug"": ""דניאל_סוויסה""}, {""name"": ""לבן סגינשווילי"", ""slug"": ""לבן_סגינשווילי""}, {""name"": ""ענבל גלאם"", ""slug"": null}, {""name"": ""לירז עוזרי"", ""slug"": null}, {""name"": ""יאיר פורטל"", ""slug"": null}, {""name"": ""מישל גוריאשוילי"", ""slug"": null}, {""name"": ""מאיה ורדזאולי"", ""slug"": null}, {""name"": ""גנגה אליקשוילי"", ""slug"": null}, {""name"": ""פאטה גוליאשווילי ו"", ""slug"": null}]",קומדיה,2025,,26,C (>1990)
לשחרר את שולי סאן,לשחרר_את_שולי_סאן,2025,"[{""name"": ""אורי כץ"", ""slug"": ""אורי_כץ""}]","[{""name"": ""בן בכר"", ""slug"": ""בן_בכר""}]","[{""name"": ""ציון ברוך"", ""slug"": ""ציון_ברוך""}, {""name"": ""אסי ישראלוף"", ""slug"": ""אסי_ישראלוף""}, {""name"": ""שלום מיכאלשווילי"", ""slug"": ""שלום_מיכאלשווילי""}, {""name"": ""דוד שאול"", ""slug"": ""דוד_שאול""}, {""name"": ""אמה מדינג"", ""slug"": ""אמה_מדינג""}]",קומדיה,2025,,5,C (>1990)
הים,הים_(סרט),2025,"[{""name"": ""שי כרמלי פולק"", ""slug"": ""שי_כרמלי_פולק""}]","[{""name"": ""שי כרמלי פולק"", ""slug"": null}]","[{""name"": ""ח'ליפה נאטור"", ""slug"": ""ח'ליפה_נאטור""}, {""name"": ""מוחמד גזאוי"", ""slug"": null}, {""name"": ""מרלן בג'אלי"", ""slug"": ""מרלן_בג'אלי""}, {""name"": ""הילה סורג'ון פישר"", ""slug"": ""הילה_סורג'ון_פישר""}]",דרמה,2025,,4,C (>1990)
נאנדאורי,נאנדאורי,2025,"[{""name"": ""אתי ציקו"", ""slug"": null}]","[{""name"": ""אתי ציקו"", ""slug"": null}]","[{""name"": ""נטע ריסקין"", ""slug"": ""נטע_ריסקין""}, {""name"": ""רונאלד אוקרופירידזה"", ""slug"": null}]",דרמה,2025,,2,C (>1990)
כן!,כן!_(סרט),2025,"[{""name"": ""נדב לפיד"", ""slug"": ""נדב_לפיד""}]","[{""name"": ""נדב לפיד"", ""slug"": null}]","[{""name"": ""אריאל ברונז"", ""slug"": ""אריאל_ברונז""}, {""name"": ""אפרת דור"", ""slug"": ""אפרת_דור""}, {""name"": ""עידית טפרסון, אלכסיי סרבריאקוב"", ""slug"": ""אלכסיי_סרבריאקוב""}, {""name"": ""שרון אלכסנדר"", ""slug"": ""שרון_אלכסנדר""}, {""name"": ""נעמה פריס"", ""slug"": null}]",דרמה,2025,,5,C (>1990)
שפה זרה,שפה_זרה_(סרט),2025,"[{""name"": ""מיכל ברזיס"", ""slug"": ""מיכל_ברזיס""}, {""name"": ""תום שובל"", ""slug"": ""תום_שובל""}, {""name"": ""עמיטל שטרן"", ""slug"": null}]","[{""name"": ""עודד בן נון"", ""slug"": ""עודד_בן_נון""}, {""name"": ""מיכל ברזיס"", ""slug"": null}]","[{""name"": ""שרה אדלר"", ""slug"": ""שרה_אדלר""}, {""name"": ""יחזקאל לזרוב"", ""slug"": ""יחזקאל_לזרוב""}]",דרמה,2025,,2,C (>1990)
כי את מכוערת,,2026,"[{""name"": ""שרון אנגלהרט"", ""slug"": null}]","[{""name"": ""שרון אנגלהרט"", ""slug"": null}]","[{""name"": ""ריקי רייף סיני"", ""slug"": null}, {""name"": ""אורי אבינועם"", ""slug"": null}, {""name"": ""יעל אבקסיס"", ""slug"": ""יעל_אבקסיס""}, {""name"": ""יוסי מרשק"", ""slug"": ""יוסי_מרשק""}, {""name"": ""בן סולטן"", ""slug"": ""בן_סולטן""}]",דרמה,2026,,5,C (>1990)
קופה ראשית – הסרט,קופה_ראשית_–_הסרט,2026,"[{""name"": ""יניב זוהר"", ""slug"": ""יניב_זוהר_(תסריטאי)""}, {""name"": ""נדב פרישמן"", ""slug"": ""נדב_פרישמן""}]","[{""name"": ""קובי חביה"", ""slug"": ""קובי_חביה""}]","[{""name"": ""קרן מור"", ""slug"": ""קרן_מור""}, {""name"": ""נועה קולר"", ""slug"": ""נועה_קולר""}, {""name"": ""אמיר שורוש"", ""slug"": ""אמיר_שורוש""}, {""name"": ""דב נבון"", ""slug"": ""דב_נבון""}, {""name"": ""יניב סוויסה"", ""slug"": ""יניב_סוויסה""}, {""name"": ""דניאל סטיופין"", ""slug"": ""דניאל_סטיופין""}]",קומדיה,2026,,6,C (>1990)
מפרץ השמש,מפרץ_השמש_(סרט_תיעודי),2026,"[{""name"": ""עידו ויסמן"", ""slug"": ""עידו_ויסמן""}, {""name"": ""איילה בנגד"", ""slug"": null}]","[{""name"": ""עידו ויסמן"", ""slug"": ""עידו_ויסמן""}]","[{""name"": ""ללא"", ""slug"": null}]",תיעודי,2026,,1,C (>1990)
הבן יקיר לי,הבן_יקיר_לי_(סרט),2026,"[{""name"": ""עדית גן צבי"", ""slug"": null}]","[{""name"": ""נעם דמסקי"", ""slug"": ""נעם_דמסקי""}]","[{""name"": ""תיעודי"", ""slug"": null}]",,2026,,1,C (>1990)
הנוסחה,הנוסחה_(סרט),2026,"[{""name"": ""יהודה גרובייס"", ""slug"": ""יהודה_גרובייס""}]","[{""name"": ""יהודה גרובייס"", ""slug"": null}]","[{""name"": ""ישראל מאיר וולקן"", ""slug"": null}, {""name"": ""הלל שמעון"", ""slug"": null}, {""name"": ""רפאל גרינשטיין"", ""slug"": null}, {""name"": ""ישי לפידות"", ""slug"": ""ישי_לפידות""}, {""name"": ""ג'וש שגיא"", ""slug"": ""ג'וש_שגיא""}, {""name"": ""ששי גז"", ""slug"": ""ששי_גז""}, {""name"": ""אסף קליין"", ""slug"": null}, {""name"": ""עמירן דביר"", ""slug"": ""עמירן_דביר""}]",דרמה,2026,,8,C (>1990)
חינה אמריקאית,,2026,[],"[{""name"": ""שלום אסייג"", ""slug"": ""שלום_אסייג""}]","[{""name"": ""ישראל אטיאס"", ""slug"": ""ישראל_אטיאס""}, {""name"": ""שלום אסייג"", ""slug"": ""שלום_אסייג""}, {""name"": ""עדי הימלבלוי"", ""slug"": ""עדי_הימלבלוי""}, {""name"": ""רמי קאשי"", ""slug"": ""רמי_קאשי""}, {""name"": ""שרון חזיז"", ""slug"": ""שרון_חזיז""}, {""name"": ""מלאני למברסקי"", ""slug"": null}, {""name"": ""חיים זנאתי"", ""slug"": ""חיים_זנאתי""}, {""name"": ""שרונה אלימלך"", ""slug"": ""שרונה_אלימלך""}, {""name"": ""שושה גור"", ""slug"": null}, {""name"": ""עמנואל הורי"", ""slug"": ""עמנואל_הורי""}]",קומדיה,2026,,10,C (>1990)
ליגה של גדולים,,2026,[],"[{""name"": ""יניב ברמן"", ""slug"": ""יניב_ברמן""}]","[{""name"": ""ישראל אטיאס"", ""slug"": ""ישראל_אטיאס""}, {""name"": ""רעות אלוש"", ""slug"": ""רעות_אלוש""}, {""name"": ""מתי סרי"", ""slug"": ""מתי_סרי""}, {""name"": ""קובי פרג'"", ""slug"": ""קובי_פרג'""}, {""name"": ""מור חן"", ""slug"": ""מור_חן""}, {""name"": ""שוהן ישורון"", ""slug"": null}, {""name"": ""תמר זובידה"", ""slug"": null}, {""name"": ""תומר חמד"", ""slug"": ""תומר_חמד""}]",דרמה,2026,,8,C (>1990)
שמיים וארץ,שמיים_וארץ_(סרט),2026,"[{""name"": ""רובי דואניאס"", ""slug"": ""רובי_דואניאס""}, {""name"": ""רינת לוי טנג'י"", ""slug"": null}]","[{""name"": ""רובי דואניאס"", ""slug"": ""רובי_דואניאס""}]","[{""name"": ""תום אבני"", ""slug"": ""תום_אבני""}, {""name"": ""הילה סעדה"", ""slug"": ""הילה_סעדה""}, {""name"": ""פיני טבגר"", ""slug"": ""פיני_טבגר""}, {""name"": ""שרון ברק"", ""slug"": null}, {""name"": ""דניאל ניזרי"", ""slug"": null}, {""name"": ""כרמל נצר"", ""slug"": ""כרמל_נצר""}]",דרמה,2026,,6,C (>1990)
מאמא,,2026,[],"[{""name"": ""אור סיני"", ""slug"": null}]","[{""name"": ""יבגניה דודינה"", ""slug"": ""יבגניה_דודינה""}, {""name"": ""ארקדיוש יקוביק"", ""slug"": null}, {""name"": ""קתז'ינה לוביק"", ""slug"": null}, {""name"": ""מרטין אוגובו"", ""slug"": null}]",דרמה,2026,,4,C (>1990)
